/*
 * SPDX-FileCopyrightText: 2026 Espressif Systems (Shanghai) CO LTD
 *
 * SPDX-License-Identifier: Apache-2.0
 */
#ifdef __has_include
    #if __has_include("lvgl.h")
        #ifndef LV_LVGL_H_INCLUDE_SIMPLE
            #define LV_LVGL_H_INCLUDE_SIMPLE
        #endif
    #endif
#endif

#if defined(LV_LVGL_H_INCLUDE_SIMPLE)
    #include "lvgl.h"
#else
    #include "lvgl/lvgl.h"
#endif


#ifndef LV_ATTRIBUTE_MEM_ALIGN
#define LV_ATTRIBUTE_MEM_ALIGN
#endif

#ifndef LV_ATTRIBUTE_IMAGE_ESP_BROOKESIA_APP_ICON_LAUNCHER_VOICE_ASSISTANT_112_112
#define LV_ATTRIBUTE_IMAGE_ESP_BROOKESIA_APP_ICON_LAUNCHER_VOICE_ASSISTANT_112_112
#endif

const LV_ATTRIBUTE_MEM_ALIGN LV_ATTRIBUTE_LARGE_CONST LV_ATTRIBUTE_IMAGE_ESP_BROOKESIA_APP_ICON_LAUNCHER_VOICE_ASSISTANT_112_112 uint8_t esp_brookesia_app_icon_launcher_voice_assistant_112_112_map[] = {
    0x0e,0x0e,0x0e,0xff,0x0e,0x0e,0x0e,0xff,0x0e,0x0e,0x0e,0xff,0x0e,0x0e,0x0e,0xff,
    0x0e,0x0e,0x0e,0xff,0x0e,0x0e,0x0e,0xff,0x0e,0x0e,0x0e,0xff,0x0e,0x0e,0x0e,0xff,
    0x0e,0x0e,0x0e,0xff,0x0e,0x0e,0x0e,0xff,0x0e,0x0e,0x0e,0xff,0x0e,0x0e,0x0e,0xff,
    0x0e,0x0e,0x0e,0xff,0x0e,0x0e,0x0e,0xff,0x0e,0x0e,0x0e,0xff,0x0e,0x0e,0x0e,0xff,
    0x0e,0x0e,0x0e,0xff,0x0e,0x0e,0x0e,0xff,0x0e,0x0e,0x0e,0xff,0x0e,0x0e,0x0e,0xff,
    0x0e,0x0e,0x0e,0xff,0x0e,0x0e,0x0e,0xff,0x0e,0x0e,0x0e,0xff,0x0e,0x0e,0x0e,0xff,
    0x0e,0x0e,0x0e,0xff,0x0e,0x0e,0x0e,0xff,0x0e,0x0e,0x0e,0xff,0x0e,0x0e,0x0e,0xff,
    0x0e,0x0e,0x0e,0xff,0x0e,0x0e,0x0e,0xff,0x0e,0x0e,0x0e,0xff,0x0e,0x0e,0x0e,0xff,
    0x0e,0x0e,0x0e,0xff,0x0e,0x0e,0x0e,0xff,0x0e,0x0e,0x0e,0xff,0x0e,0x0e,0x0e,0xff,
    0x0e,0x0e,0x0e,0xff,0x0e,0x0e,0x0e,0xff,0x0e,0x0e,0x0e,0xff,0x0e,0x0e,0x0e,0xff,
    0x0e,0x0e,0x0e,0xff,0x0e,0x0e,0x0e,0xff,0x0e,0x0e,0x0e,0xff,0x0e,0x0e,0x0e,0xff,
    0x0e,0x0e,0x0e,0xff,0x0e,0x0e,0x0e,0xff,0x0e,0x0e,0x0e,0xff,0x0e,0x0e,0x0e,0xff,
    0x0e,0x0e,0x0e,0xff,0x0e,0x0e,0x0e,0xff,0x0e,0x0e,0x0e,0xff,0x0e,0x0e,0x0e,0xff,
    0x0e,0x0e,0x0e,0xff,0x0e,0x0e,0x0e,0xff,0x0e,0x0e,0x0e,0xff,0x0e,0x0e,0x0e,0xff,
    0x0e,0x0e,0x0e,0xff,0x0e,0x0e,0x0e,0xff,0x0e,0x0e,0x0e,0xff,0x0e,0x0e,0x0e,0xff,
    0x0e,0x0e,0x0e,0xff,0x0e,0x0e,0x0e,0xff,0x0e,0x0e,0x0e,0xff,0x0e,0x0e,0x0e,0xff,
    0x0e,0x0e,0x0e,0xff,0x0e,0x0e,0x0e,0xff,0x0e,0x0e,0x0e,0xff,0x0e,0x0e,0x0e,0xff,
    0x0e,0x0e,0x0e,0xff,0x0e,0x0e,0x0e,0xff,0x0e,0x0e,0x0e,0xff,0x0e,0x0e,0x0e,0xff,
    0x0e,0x0e,0x0e,0xff,0x0e,0x0e,0x0e,0xff,0x0e,0x0e,0x0e,0xff,0x0e,0x0e,0x0e,0xff,
    0x0e,0x0e,0x0e,0xff,0x0e,0x0e,0x0e,0xff,0x0e,0x0e,0x0e,0xff,0x0e,0x0e,0x0e,0xff,
    0x0e,0x0e,0x0e,0xff,0x0e,0x0e,0x0e,0xff,0x0e,0x0e,0x0e,0xff,0x0e,0x0e,0x0e,0xff,
    0x0e,0x0e,0x0e,0xff,0x0e,0x0e,0x0e,0xff,0x0e,0x0e,0x0e,0xff,0x0e,0x0e,0x0e,0xff,
    0x0e,0x0e,0x0e,0xff,0x0e,0x0e,0x0e,0xff,0x0e,0x0e,0x0e,0xff,0x0e,0x0e,0x0e,0xff,
    0x0e,0x0e,0x0e,0xff,0x0e,0x0e,0x0e,0xff,0x0e,0x0e,0x0e,0xff,0x0e,0x0e,0x0e,0xff,
    0x0e,0x0e,0x0e,0xff,0x0e,0x0e,0x0e,0xff,0x0e,0x0e,0x0e,0xff,0x0e,0x0e,0x0e,0xff,
    0x0e,0x0e,0x0e,0xff,0x0e,0x0e,0x0e,0xff,0x0e,0x0e,0x0e,0xff,0x0e,0x0e,0x0e,0xff,
    0x0e,0x0e,0x0e,0xff,0x0e,0x0e,0x0e,0xff,0x0e,0x0e,0x0e,0xff,0x0e,0x0e,0x0e,0xff,
    0x0e,0x0e,0x0e,0xff,0x0e,0x0e,0x0e,0xff,0x0e,0x0e,0x0e,0xff,0x0e,0x0e,0x0e,0xff,
    0x0e,0x0e,0x0e,0xff,0x0e,0x0e,0x0e,0xff,0x0e,0x0e,0x0e,0xff,0x0e,0x0e,0x0e,0xff,
    0x0e,0x0e,0x0e,0xff,0x0e,0x0e,0x0e,0xff,0x0e,0x0e,0x0e,0xff,0x0e,0x0e,0x0e,0xff,
    0x0e,0x0e,0x0e,0xff,0x0e,0x0e,0x0e,0xff,0x0e,0x0e,0x0e,0xff,0x0e,0x0e,0x0e,0xff,
    0x0e,0x0e,0x0e,0xff,0x0e,0x0e,0x0e,0xff,0x0e,0x0e,0x0e,0xff,0x0e,0x0e,0x0e,0xff,
    0x0e,0x0e,0x0e,0xff,0x0e,0x0e,0x0e,0xff,0x0e,0x0e,0x0e,0xff,0x0e,0x0e,0x0e,0xff,
    0x0e,0x0e,0x0e,0xff,0x0e,0x0e,0x0e,0xff,0x0e,0x0e,0x0e,0xff,0x0e,0x0e,0x0e,0xff,
    0x0e,0x0e,0x0e,0xff,0x0e,0x0e,0x0e,0xff,0x0e,0x0e,0x0e,0xff,0x0e,0x0e,0x0e,0xff,
    0x0e,0x0e,0x0e,0xff,0x0e,0x0e,0x0e,0xff,0x0e,0x0e,0x0e,0xff,0x0e,0x0e,0x0e,0xff,
    0x0e,0x0e,0x0e,0xff,0x0e,0x0e,0x0e,0xff,0x0e,0x0e,0x0e,0xff,0x0e,0x0e,0x0e,0xff,
    0x0e,0x0e,0x0e,0xff,0x0e,0x0e,0x0e,0xff,0x0e,0x0e,0x0e,0xff,0x0e,0x0e,0x0e,0xff,
    0x0e,0x0e,0x0e,0xff,0x0e,0x0e,0x0e,0xff,0x0e,0x0e,0x0e,0xff,0x0e,0x0e,0x0e,0xff,
    0x0e,0x0e,0x0e,0xff,0x0e,0x0e,0x0e,0xff,0x0e,0x0e,0x0e,0xff,0x0e,0x0e,0x0e,0xff,
    0x0e,0x0e,0x0e,0xff,0x0e,0x0e,0x0e,0xff,0x0e,0x0e,0x0e,0xff,0x0e,0x0e,0x0e,0xff,
    0x0e,0x0e,0x0e,0xff,0x0e,0x0e,0x0e,0xff,0x0e,0x0e,0x0e,0xff,0x0e,0x0e,0x0e,0xff,
    0x0e,0x0e,0x0e,0xff,0x0e,0x0e,0x0e,0xff,0x0e,0x0e,0x0e,0xff,0x0e,0x0e,0x0e,0xff,
    0x0e,0x0e,0x0e,0xff,0x0e,0x0e,0x0e,0xff,0x0e,0x0e,0x0e,0xff,0x0e,0x0e,0x0e,0xff,
    0x0e,0x0e,0x0e,0xff,0x0e,0x0e,0x0e,0xff,0x0e,0x0e,0x0e,0xff,0x0e,0x0e,0x0e,0xff,
    0x0e,0x0e,0x0e,0xff,0x0e,0x0e,0x0e,0xff,0x0e,0x0e,0x0e,0xff,0x0e,0x0e,0x0e,0xff,
    0x0e,0x0e,0x0e,0xff,0x0e,0x0e,0x0e,0xff,0x0e,0x0e,0x0e,0xff,0x0e,0x0e,0x0e,0xff,
    0x0e,0x0e,0x0e,0xff,0x0e,0x0e,0x0e,0xff,0x0e,0x0e,0x0e,0xff,0x0e,0x0e,0x0e,0xff,
    0x0e,0x0e,0x0e,0xff,0x0e,0x0e,0x0e,0xff,0x0e,0x0e,0x0e,0xff,0x0e,0x0e,0x0e,0xff,
    0x0e,0x0e,0x0e,0xff,0x0e,0x0e,0x0e,0xff,0x0e,0x0e,0x0e,0xff,0x0e,0x0e,0x0e,0xff,
    0x0e,0x0e,0x0e,0xff,0x0e,0x0e,0x0e,0xff,0x0e,0x0e,0x0e,0xff,0x0e,0x0e,0x0e,0xff,
    0x0e,0x0e,0x0e,0xff,0x0e,0x0e,0x0e,0xff,0x0e,0x0e,0x0e,0xff,0x0e,0x0e,0x0e,0xff,
    0x0e,0x0e,0x0e,0xff,0x0e,0x0e,0x0e,0xff,0x0e,0x0e,0x0e,0xff,0x0e,0x0e,0x0e,0xff,
    0x0e,0x0e,0x0e,0xff,0x0e,0x0e,0x0e,0xff,0x0e,0x0e,0x0e,0xff,0x0e,0x0e,0x0e,0xff,
    0x0e,0x0e,0x0e,0xff,0x0e,0x0e,0x0e,0xff,0x0e,0x0e,0x0e,0xff,0x0e,0x0e,0x0e,0xff,
    0x0e,0x0e,0x0e,0xff,0x0e,0x0e,0x0e,0xff,0x0e,0x0e,0x0e,0xff,0x0e,0x0e,0x0e,0xff,
    0x0e,0x0e,0x0e,0xff,0x0e,0x0e,0x0e,0xff,0x0e,0x0e,0x0e,0xff,0x0e,0x0e,0x0e,0xff,
    0x0e,0x0e,0x0e,0xff,0x0e,0x0e,0x0e,0xff,0x0e,0x0e,0x0e,0xff,0x0e,0x0e,0x0e,0xff,
    0x0e,0x0e,0x0e,0xff,0x0e,0x0e,0x0e,0xff,0x0e,0x0e,0x0e,0xff,0x0e,0x0e,0x0e,0xff,
    0x0e,0x0e,0x0e,0xff,0x0e,0x0e,0x0e,0xff,0x0e,0x0e,0x0e,0xff,0x0e,0x0e,0x0e,0xff,
    0x0e,0x0e,0x0e,0xff,0x0e,0x0e,0x0e,0xff,0x0e,0x0e,0x0e,0xff,0x0e,0x0e,0x0e,0xff,
    0x0e,0x0e,0x0e,0xff,0x0e,0x0e,0x0e,0xff,0x0e,0x0e,0x0e,0xff,0x0e,0x0e,0x0e,0xff,
    0x0e,0x0e,0x0e,0xff,0x0e,0x0e,0x0e,0xff,0x0e,0x0e,0x0e,0xff,0x0e,0x0e,0x0e,0xff,
    0x0e,0x0e,0x0e,0xff,0x0e,0x0e,0x0e,0xff,0x0e,0x0e,0x0e,0xff,0x0e,0x0e,0x0e,0xff,
    0x0e,0x0e,0x0e,0xff,0x0e,0x0e,0x0e,0xff,0x0e,0x0e,0x0e,0xff,0x0e,0x0e,0x0e,0xff,
    0x0e,0x0e,0x0e,0xff,0x0e,0x0e,0x0e,0xff,0x0e,0x0e,0x0e,0xff,0x0e,0x0e,0x0e,0xff,
    0x0e,0x0e,0x0e,0xff,0x0e,0x0e,0x0e,0xff,0x0e,0x0e,0x0e,0xff,0x0e,0x0e,0x0e,0xff,
    0x0e,0x0e,0x0e,0xff,0x0e,0x0e,0x0e,0xff,0x0e,0x0e,0x0e,0xff,0x0e,0x0e,0x0e,0xff,
    0x0e,0x0e,0x0e,0xff,0x0e,0x0e,0x0e,0xff,0x0e,0x0e,0x0e,0xff,0x0e,0x0e,0x0e,0xff,
    0x0e,0x0e,0x0e,0xff,0x0e,0x0e,0x0e,0xff,0x0e,0x0e,0x0e,0xff,0x0e,0x0e,0x0e,0xff,
    0x0e,0x0e,0x0e,0xff,0x0e,0x0e,0x0e,0xff,0x0e,0x0e,0x0e,0xff,0x0e,0x0e,0x0e,0xff,
    0x0e,0x0e,0x0e,0xff,0x0e,0x0e,0x0e,0xff,0x0e,0x0e,0x0e,0xff,0x0e,0x0e,0x0e,0xff,
    0x0e,0x0e,0x0e,0xff,0x0e,0x0e,0x0e,0xff,0x0e,0x0e,0x0e,0xff,0x0e,0x0e,0x0e,0xff,
    0x0e,0x0e,0x0e,0xff,0x0e,0x0e,0x0e,0xff,0x0e,0x0e,0x0e,0xff,0x0e,0x0e,0x0e,0xff,
    0x0e,0x0e,0x0e,0xff,0x0e,0x0e,0x0e,0xff,0x0e,0x0e,0x0e,0xff,0x0e,0x0e,0x0e,0xff,
    0x0e,0x0e,0x0e,0xff,0x0e,0x0e,0x0e,0xff,0x0e,0x0e,0x0e,0xff,0x0e,0x0e,0x0e,0xff,
    0x0e,0x0e,0x0e,0xff,0x0e,0x0e,0x0e,0xff,0x0e,0x0e,0x0e,0xff,0x0e,0x0e,0x0e,0xff,
    0x0e,0x0e,0x0e,0xff,0x0e,0x0e,0x0e,0xff,0x0e,0x0e,0x0e,0xff,0x0e,0x0e,0x0e,0xff,
    0x0e,0x0e,0x0e,0xff,0x0e,0x0e,0x0e,0xff,0x0e,0x0e,0x0e,0xff,0x0e,0x0e,0x0e,0xff,
    0x0e,0x0e,0x0e,0xff,0x0e,0x0e,0x0e,0xff,0x0e,0x0e,0x0e,0xff,0x0e,0x0e,0x0e,0xff,
    0x0e,0x0e,0x0e,0xff,0x0e,0x0e,0x0e,0xff,0x0e,0x0e,0x0e,0xff,0x0e,0x0e,0x0e,0xff,
    0x0e,0x0e,0x0e,0xff,0x0e,0x0e,0x0e,0xff,0x0e,0x0e,0x0e,0xff,0x0e,0x0e,0x0e,0xff,
    0x0e,0x0e,0x0e,0xff,0x0e,0x0e,0x0e,0xff,0x0e,0x0e,0x0e,0xff,0x0e,0x0e,0x0e,0xff,
    0x0e,0x0e,0x0e,0xff,0x0e,0x0e,0x0e,0xff,0x0e,0x0e,0x0e,0xff,0x0e,0x0e,0x0e,0xff,
    0x0e,0x0e,0x0e,0xff,0x0e,0x0e,0x0e,0xff,0x0e,0x0e,0x0e,0xff,0x0e,0x0e,0x0e,0xff,
    0x0e,0x0e,0x0e,0xff,0x0e,0x0e,0x0e,0xff,0x0e,0x0e,0x0e,0xff,0x0e,0x0e,0x0e,0xff,
    0x0e,0x0e,0x0e,0xff,0x0e,0x0e,0x0e,0xff,0x0e,0x0e,0x0e,0xff,0x0e,0x0e,0x0e,0xff,
    0x0e,0x0e,0x0e,0xff,0x0e,0x0e,0x0e,0xff,0x0e,0x0e,0x0e,0xff,0x0e,0x0e,0x0e,0xff,
    0x0e,0x0e,0x0e,0xff,0x0e,0x0e,0x0e,0xff,0x0e,0x0e,0x0e,0xff,0x0e,0x0e,0x0e,0xff,
    0x0e,0x0e,0x0e,0xff,0x0e,0x0e,0x0e,0xff,0x0e,0x0e,0x0e,0xff,0x0e,0x0e,0x0e,0xff,
    0x0e,0x0e,0x0e,0xff,0x0e,0x0e,0x0e,0xff,0x0e,0x0e,0x0e,0xff,0x0e,0x0e,0x0e,0xff,
    0x0e,0x0e,0x0e,0xff,0x0e,0x0e,0x0e,0xff,0x0e,0x0e,0x0e,0xff,0x0e,0x0e,0x0e,0xff,
    0x0e,0x0e,0x0e,0xff,0x0e,0x0e,0x0e,0xff,0x0e,0x0e,0x0e,0xff,0x0e,0x0e,0x0e,0xff,
    0x0e,0x0e,0x0e,0xff,0x0e,0x0e,0x0e,0xff,0x0e,0x0e,0x0e,0xff,0x0e,0x0e,0x0e,0xff,
    0x0e,0x0e,0x0e,0xff,0x0e,0x0e,0x0e,0xff,0x0e,0x0e,0x0e,0xff,0x0e,0x0e,0x0e,0xff,
    0x0e,0x0e,0x0e,0xff,0x0e,0x0e,0x0e,0xff,0x0e,0x0e,0x0e,0xff,0x0e,0x0e,0x0e,0xff,
    0x0e,0x0e,0x0e,0xff,0x0e,0x0e,0x0e,0xff,0x0e,0x0e,0x0e,0xff,0x0e,0x0e,0x0e,0xff,
    0x0e,0x0e,0x0e,0xff,0x0e,0x0e,0x0e,0xff,0x0e,0x0e,0x0e,0xff,0x0e,0x0e,0x0e,0xff,
    0x0e,0x0e,0x0e,0xff,0x0e,0x0e,0x0e,0xff,0x0e,0x0e,0x0e,0xff,0x0e,0x0e,0x0e,0xff,
    0x0e,0x0e,0x0e,0xff,0x0e,0x0e,0x0e,0xff,0x0e,0x0e,0x0e,0xff,0x0e,0x0e,0x0e,0xff,
    0x0e,0x0e,0x0e,0xff,0x0e,0x0e,0x0e,0xff,0x0e,0x0e,0x0e,0xff,0x0e,0x0e,0x0e,0xff,
    0x0e,0x0e,0x0e,0xff,0x0e,0x0e,0x0e,0xff,0x0e,0x0e,0x0e,0xff,0x0e,0x0e,0x0e,0xff,
    0x0e,0x0e,0x0e,0xff,0x0e,0x0e,0x0e,0xff,0x0e,0x0e,0x0e,0xff,0x0e,0x0e,0x0e,0xff,
    0x0e,0x0e,0x0e,0xff,0x0e,0x0e,0x0e,0xff,0x0e,0x0e,0x0e,0xff,0x0e,0x0e,0x0e,0xff,
    0x0e,0x0e,0x0e,0xff,0x0e,0x0e,0x0e,0xff,0x0e,0x0e,0x0e,0xff,0x0e,0x0e,0x0e,0xff,
    0x0e,0x0e,0x0e,0xff,0x0e,0x0e,0x0e,0xff,0x0e,0x0e,0x0e,0xff,0x0e,0x0e,0x0e,0xff,
    0x0e,0x0e,0x0e,0xff,0x0e,0x0e,0x0e,0xff,0x0e,0x0e,0x0e,0xff,0x0e,0x0e,0x0e,0xff,
    0x0e,0x0e,0x0e,0xff,0x0e,0x0e,0x0e,0xff,0x0e,0x0e,0x0e,0xff,0x0e,0x0e,0x0e,0xff,
    0x0e,0x0e,0x0e,0xff,0x0e,0x0e,0x0e,0xff,0x0e,0x0e,0x0e,0xff,0x0e,0x0e,0x0e,0xff,
    0x0e,0x0e,0x0e,0xff,0x0e,0x0e,0x0e,0xff,0x0e,0x0e,0x0e,0xff,0x0e,0x0e,0x0e,0xff,
    0x0e,0x0e,0x0e,0xff,0x0e,0x0e,0x0e,0xff,0x0e,0x0e,0x0e,0xff,0x0e,0x0e,0x0e,0xff,
    0x0e,0x0e,0x0e,0xff,0x0e,0x0e,0x0e,0xff,0x0e,0x0e,0x0e,0xff,0x0e,0x0e,0x0e,0xff,
    0x0e,0x0e,0x0e,0xff,0x0e,0x0e,0x0e,0xff,0x0e,0x0e,0x0e,0xff,0x0e,0x0e,0x0e,0xff,
    0x0e,0x0e,0x0e,0xff,0x0e,0x0e,0x0e,0xff,0x0e,0x0e,0x0e,0xff,0x0e,0x0e,0x0e,0xff,
    0x0e,0x0e,0x0e,0xff,0x0e,0x0e,0x0e,0xff,0x0e,0x0e,0x0e,0xff,0x0e,0x0e,0x0e,0xff,
    0x0e,0x0e,0x0e,0xff,0x0e,0x0e,0x0e,0xff,0x0e,0x0e,0x0e,0xff,0x0e,0x0e,0x0e,0xff,
    0x0e,0x0e,0x0e,0xff,0x0e,0x0e,0x0e,0xff,0x0e,0x0e,0x0e,0xff,0x0e,0x0e,0x0e,0xff,
    0x0e,0x0e,0x0e,0xff,0x0e,0x0e,0x0e,0xff,0x0e,0x0e,0x0e,0xff,0x0e,0x0e,0x0e,0xff,
    0x0e,0x0e,0x0e,0xff,0x0e,0x0e,0x0e,0xff,0x0e,0x0e,0x0e,0xff,0x0e,0x0e,0x0e,0xff,
    0x0e,0x0e,0x0e,0xff,0x0e,0x0e,0x0e,0xff,0x0e,0x0e,0x0e,0xff,0x0e,0x0e,0x0e,0xff,
    0x0e,0x0e,0x0e,0xff,0x0e,0x0e,0x0e,0xff,0x0e,0x0e,0x0e,0xff,0x0e,0x0e,0x0e,0xff,
    0x0e,0x0e,0x0e,0xff,0x0e,0x0e,0x0e,0xff,0x0e,0x0e,0x0e,0xff,0x0e,0x0e,0x0e,0xff,
    0x0e,0x0e,0x0e,0xff,0x0e,0x0e,0x0e,0xff,0x0e,0x0e,0x0e,0xff,0x0e,0x0e,0x0e,0xff,
    0x0e,0x0e,0x0e,0xff,0x0e,0x0e,0x0e,0xff,0x0e,0x0e,0x0e,0xff,0x0e,0x0e,0x0e,0xff,
    0x0e,0x0e,0x0e,0xff,0x0e,0x0e,0x0e,0xff,0x0e,0x0e,0x0e,0xff,0x0e,0x0e,0x0e,0xff,
    0x0e,0x0e,0x0e,0xff,0x0e,0x0e,0x0e,0xff,0x0e,0x0e,0x0e,0xff,0x0e,0x0e,0x0e,0xff,
    0x0e,0x0e,0x0e,0xff,0x0e,0x0e,0x0e,0xff,0x0e,0x0e,0x0e,0xff,0x0e,0x0e,0x0e,0xff,
    0x0e,0x0e,0x0e,0xff,0x0e,0x0e,0x0e,0xff,0x0e,0x0e,0x0e,0xff,0x0e,0x0e,0x0e,0xff,
    0x0e,0x0e,0x0e,0xff,0x0e,0x0e,0x0e,0xff,0x0e,0x0e,0x0e,0xff,0x0e,0x0e,0x0e,0xff,
    0x0e,0x0e,0x0e,0xff,0x0e,0x0e,0x0e,0xff,0x0e,0x0e,0x0e,0xff,0x0e,0x0e,0x0e,0xff,
    0x0e,0x0e,0x0e,0xff,0x0e,0x0e,0x0e,0xff,0x0e,0x0e,0x0e,0xff,0x0e,0x0e,0x0e,0xff,
    0x0e,0x0e,0x0e,0xff,0x0e,0x0e,0x0e,0xff,0x0e,0x0e,0x0e,0xff,0x0e,0x0e,0x0e,0xff,
    0x0e,0x0e,0x0e,0xff,0x0e,0x0e,0x0e,0xff,0x0e,0x0e,0x0e,0xff,0x0e,0x0e,0x0e,0xff,
    0x0e,0x0e,0x0e,0xff,0x0e,0x0e,0x0e,0xff,0x0e,0x0e,0x0e,0xff,0x0e,0x0e,0x0e,0xff,
    0x0e,0x0e,0x0e,0xff,0x0e,0x0e,0x0e,0xff,0x0e,0x0e,0x0e,0xff,0x0e,0x0e,0x0e,0xff,
    0x0e,0x0e,0x0e,0xff,0x0e,0x0e,0x0e,0xff,0x0e,0x0e,0x0e,0xff,0x0e,0x0e,0x0e,0xff,
    0x0e,0x0e,0x0e,0xff,0x0e,0x0e,0x0e,0xff,0x0e,0x0e,0x0e,0xff,0x0e,0x0e,0x0e,0xff,
    0x0e,0x0e,0x0e,0xff,0x0e,0x0e,0x0e,0xff,0x0e,0x0e,0x0e,0xff,0x0e,0x0e,0x0e,0xff,
    0x0e,0x0e,0x0e,0xff,0x0e,0x0e,0x0e,0xff,0x0e,0x0e,0x0e,0xff,0x0e,0x0e,0x0e,0xff,
    0x0e,0x0e,0x0e,0xff,0x0e,0x0e,0x0e,0xff,0x0e,0x0e,0x0e,0xff,0x0e,0x0e,0x0e,0xff,
    0x0e,0x0e,0x0e,0xff,0x0e,0x0e,0x0e,0xff,0x0e,0x0e,0x0e,0xff,0x0e,0x0e,0x0e,0xff,
    0x0e,0x0e,0x0e,0xff,0x0e,0x0e,0x0e,0xff,0x0e,0x0e,0x0e,0xff,0x0e,0x0e,0x0e,0xff,
    0x0e,0x0e,0x0e,0xff,0x0e,0x0e,0x0e,0xff,0x0e,0x0e,0x0e,0xff,0x0e,0x0e,0x0e,0xff,
    0x0e,0x0e,0x0e,0xff,0x0e,0x0e,0x0e,0xff,0x0e,0x0e,0x0e,0xff,0x0e,0x0e,0x0e,0xff,
    0x0e,0x0e,0x0e,0xff,0x0e,0x0e,0x0e,0xff,0x0e,0x0e,0x0e,0xff,0x0e,0x0e,0x0e,0xff,
    0x0e,0x0e,0x0e,0xff,0x0e,0x0e,0x0e,0xff,0x0e,0x0e,0x0e,0xff,0x0e,0x0e,0x0e,0xff,
    0x0e,0x0e,0x0e,0xff,0x0e,0x0e,0x0e,0xff,0x0e,0x0e,0x0e,0xff,0x0e,0x0e,0x0e,0xff,
    0x0e,0x0e,0x0e,0xff,0x0e,0x0e,0x0e,0xff,0x0e,0x0e,0x0e,0xff,0x0e,0x0e,0x0e,0xff,
    0x0e,0x0e,0x0e,0xff,0x0e,0x0e,0x0e,0xff,0x0e,0x0e,0x0e,0xff,0x0e,0x0e,0x0e,0xff,
    0x0e,0x0e,0x0e,0xff,0x0e,0x0e,0x0e,0xff,0x0e,0x0e,0x0e,0xff,0x0e,0x0e,0x0e,0xff,
    0x0e,0x0e,0x0e,0xff,0x0e,0x0e,0x0e,0xff,0x0e,0x0e,0x0e,0xff,0x0e,0x0e,0x0e,0xff,
    0x0e,0x0e,0x0e,0xff,0x0e,0x0e,0x0e,0xff,0x0e,0x0e,0x0e,0xff,0x0e,0x0e,0x0e,0xff,
    0x0e,0x0e,0x0e,0xff,0x0e,0x0e,0x0e,0xff,0x0e,0x0e,0x0e,0xff,0x0e,0x0e,0x0e,0xff,
    0x0e,0x0e,0x0e,0xff,0x0e,0x0e,0x0e,0xff,0x0e,0x0e,0x0e,0xff,0x0e,0x0e,0x0e,0xff,
    0x0e,0x0e,0x0e,0xff,0x0e,0x0e,0x0e,0xff,0x0e,0x0e,0x0e,0xff,0x0e,0x0e,0x0e,0xff,
    0x0e,0x0e,0x0e,0xff,0x0e,0x0e,0x0e,0xff,0x0e,0x0e,0x0e,0xff,0x0e,0x0e,0x0e,0xff,
    0x0e,0x0e,0x0e,0xff,0x0e,0x0e,0x0e,0xff,0x0e,0x0e,0x0e,0xff,0x0e,0x0e,0x0e,0xff,
    0x0e,0x0e,0x0e,0xff,0x0e,0x0e,0x0e,0xff,0x0e,0x0e,0x0e,0xff,0x0e,0x0e,0x0e,0xff,
    0x0e,0x0e,0x0e,0xff,0x0e,0x0e,0x0e,0xff,0x0e,0x0e,0x0e,0xff,0x0e,0x0e,0x0e,0xff,
    0x0e,0x0e,0x0e,0xff,0x0e,0x0e,0x0e,0xff,0x0e,0x0e,0x0e,0xff,0x0e,0x0e,0x0e,0xff,
    0x0e,0x0e,0x0e,0xff,0x0e,0x0e,0x0e,0xff,0x0e,0x0e,0x0e,0xff,0x0e,0x0e,0x0e,0xff,
    0x0e,0x0e,0x0e,0xff,0x0e,0x0e,0x0e,0xff,0x0e,0x0e,0x0e,0xff,0x0e,0x0e,0x0e,0xff,
    0x0e,0x0e,0x0e,0xff,0x0e,0x0e,0x0e,0xff,0x0e,0x0e,0x0e,0xff,0x0e,0x0e,0x0e,0xff,
    0x0e,0x0e,0x0e,0xff,0x0e,0x0e,0x0e,0xff,0x0e,0x0e,0x0e,0xff,0x0e,0x0e,0x0e,0xff,
    0x0e,0x0e,0x0e,0xff,0x0e,0x0e,0x0e,0xff,0x0e,0x0e,0x0e,0xff,0x0e,0x0e,0x0e,0xff,
    0x0e,0x0e,0x0e,0xff,0x0e,0x0e,0x0e,0xff,0x0e,0x0e,0x0e,0xff,0x0e,0x0e,0x0e,0xff,
    0x0e,0x0e,0x0e,0xff,0x0e,0x0e,0x0e,0xff,0x0e,0x0e,0x0e,0xff,0x0e,0x0e,0x0e,0xff,
    0x0e,0x0e,0x0e,0xff,0x0e,0x0e,0x0e,0xff,0x0e,0x0e,0x0e,0xff,0x0e,0x0e,0x0e,0xff,
    0x0e,0x0e,0x0e,0xff,0x0e,0x0e,0x0e,0xff,0x0e,0x0e,0x0e,0xff,0x0e,0x0e,0x0e,0xff,
    0x0e,0x0e,0x0e,0xff,0x0e,0x0e,0x0e,0xff,0x0e,0x0e,0x0e,0xff,0x0e,0x0e,0x0e,0xff,
    0x0e,0x0e,0x0e,0xff,0x0e,0x0e,0x0e,0xff,0x0e,0x0e,0x0e,0xff,0x0e,0x0e,0x0e,0xff,
    0x0e,0x0e,0x0e,0xff,0x0e,0x0e,0x0e,0xff,0x0e,0x0e,0x0e,0xff,0x0e,0x0e,0x0e,0xff,
    0x0e,0x0e,0x0e,0xff,0x0e,0x0e,0x0e,0xff,0x0e,0x0e,0x0e,0xff,0x0e,0x0e,0x0e,0xff,
    0x0e,0x0e,0x0e,0xff,0x0e,0x0e,0x0e,0xff,0x0e,0x0e,0x0e,0xff,0x0e,0x0e,0x0e,0xff,
    0x0e,0x0e,0x0e,0xff,0x0e,0x0e,0x0e,0xff,0x0e,0x0e,0x0e,0xff,0x0e,0x0e,0x0e,0xff,
    0x0e,0x0e,0x0e,0xff,0x0e,0x0e,0x0e,0xff,0x0e,0x0e,0x0e,0xff,0x0e,0x0e,0x0e,0xff,
    0x0e,0x0e,0x0e,0xff,0x0e,0x0e,0x0e,0xff,0x0e,0x0e,0x0e,0xff,0x0e,0x0e,0x0e,0xff,
    0x0e,0x0e,0x0e,0xff,0x0e,0x0e,0x0e,0xff,0x0e,0x0e,0x0e,0xff,0x0e,0x0e,0x0e,0xff,
    0x0e,0x0e,0x0e,0xff,0x0e,0x0e,0x0e,0xff,0x0e,0x0e,0x0e,0xff,0x0e,0x0e,0x0e,0xff,
    0x0e,0x0e,0x0e,0xff,0x0e,0x0e,0x0e,0xff,0x0e,0x0e,0x0e,0xff,0x0e,0x0e,0x0e,0xff,
    0x0e,0x0e,0x0e,0xff,0x0e,0x0e,0x0e,0xff,0x0e,0x0e,0x0e,0xff,0x0e,0x0e,0x0e,0xff,
    0x0e,0x0e,0x0e,0xff,0x0e,0x0e,0x0e,0xff,0x0e,0x0e,0x0e,0xff,0x0e,0x0e,0x0e,0xff,
    0x0e,0x0e,0x0e,0xff,0x0e,0x0e,0x0e,0xff,0x0e,0x0e,0x0e,0xff,0x0e,0x0e,0x0e,0xff,
    0x0e,0x0e,0x0e,0xff,0x0e,0x0e,0x0e,0xff,0x0e,0x0e,0x0e,0xff,0x0e,0x0e,0x0e,0xff,
    0x0e,0x0e,0x0e,0xff,0x0e,0x0e,0x0e,0xff,0x0e,0x0e,0x0e,0xff,0x0e,0x0e,0x0e,0xff,
    0x0e,0x0e,0x0e,0xff,0x0e,0x0e,0x0e,0xff,0x0e,0x0e,0x0e,0xff,0x0e,0x0e,0x0e,0xff,
    0x0e,0x0e,0x0e,0xff,0x0e,0x0e,0x0e,0xff,0x0e,0x0e,0x0e,0xff,0x0e,0x0e,0x0e,0xff,
    0x0e,0x0e,0x0e,0xff,0x0e,0x0e,0x0e,0xff,0x0e,0x0e,0x0e,0xff,0x0e,0x0e,0x0e,0xff,
    0x0e,0x0e,0x0e,0xff,0x0e,0x0e,0x0e,0xff,0x0e,0x0e,0x0e,0xff,0x0e,0x0e,0x0e,0xff,
    0x0e,0x0e,0x0e,0xff,0x0e,0x0e,0x0e,0xff,0x0e,0x0e,0x0e,0xff,0x0e,0x0e,0x0e,0xff,
    0x0e,0x0e,0x0e,0xff,0x0e,0x0e,0x0e,0xff,0x0e,0x0e,0x0e,0xff,0x0e,0x0e,0x0e,0xff,
    0x0e,0x0e,0x0e,0xff,0x0e,0x0e,0x0e,0xff,0x0e,0x0e,0x0e,0xff,0x0e,0x0e,0x0e,0xff,
    0x0e,0x0e,0x0e,0xff,0x0e,0x0e,0x0e,0xff,0x0e,0x0e,0x0e,0xff,0x0e,0x0e,0x0e,0xff,
    0x0e,0x0e,0x0e,0xff,0x0e,0x0e,0x0e,0xff,0x0e,0x0e,0x0e,0xff,0x0e,0x0e,0x0e,0xff,
    0x0e,0x0e,0x0e,0xff,0x0e,0x0e,0x0e,0xff,0x0e,0x0e,0x0e,0xff,0x0e,0x0e,0x0e,0xff,
    0x0e,0x0e,0x0e,0xff,0x0e,0x0e,0x0e,0xff,0x0e,0x0e,0x0e,0xff,0x0e,0x0e,0x0e,0xff,
    0x0e,0x0e,0x0e,0xff,0x0e,0x0e,0x0e,0xff,0x0e,0x0e,0x0e,0xff,0x0e,0x0e,0x0e,0xff,
    0x0e,0x0e,0x0e,0xff,0x0e,0x0e,0x0e,0xff,0x0e,0x0e,0x0e,0xff,0x0e,0x0e,0x0e,0xff,
    0x0e,0x0e,0x0e,0xff,0x0e,0x0e,0x0e,0xff,0x0e,0x0e,0x0e,0xff,0x0e,0x0e,0x0e,0xff,
    0x0e,0x0e,0x0e,0xff,0x0e,0x0e,0x0e,0xff,0x0e,0x0e,0x0e,0xff,0x0e,0x0e,0x0e,0xff,
    0x0e,0x0e,0x0e,0xff,0x0e,0x0e,0x0e,0xff,0x0e,0x0e,0x0e,0xff,0x0e,0x0e,0x0e,0xff,
    0x0e,0x0e,0x0e,0xff,0x0e,0x0e,0x0e,0xff,0x0e,0x0e,0x0e,0xff,0x0e,0x0e,0x0e,0xff,
    0x0e,0x0e,0x0e,0xff,0x0e,0x0e,0x0e,0xff,0x0e,0x0e,0x0e,0xff,0x0e,0x0e,0x0e,0xff,
    0x0e,0x0e,0x0e,0xff,0x0e,0x0e,0x0e,0xff,0x0e,0x0e,0x0e,0xff,0x0e,0x0e,0x0e,0xff,
    0x0e,0x0e,0x0e,0xff,0x0e,0x0e,0x0e,0xff,0x0e,0x0e,0x0e,0xff,0x0e,0x0e,0x0e,0xff,
    0x0e,0x0e,0x0e,0xff,0x0e,0x0e,0x0e,0xff,0x0e,0x0e,0x0e,0xff,0x0e,0x0e,0x0e,0xff,
    0x0e,0x0e,0x0e,0xff,0x0e,0x0e,0x0e,0xff,0x0e,0x0e,0x0e,0xff,0x0e,0x0e,0x0e,0xff,
    0x0e,0x0e,0x0e,0xff,0x0e,0x0e,0x0e,0xff,0x0e,0x0e,0x0e,0xff,0x0e,0x0e,0x0e,0xff,
    0x0e,0x0e,0x0e,0xff,0x0e,0x0e,0x0e,0xff,0x0e,0x0e,0x0e,0xff,0x0e,0x0e,0x0e,0xff,
    0x0e,0x0e,0x0e,0xff,0x0e,0x0e,0x0e,0xff,0x0e,0x0e,0x0e,0xff,0x0e,0x0e,0x0e,0xff,
    0x0e,0x0e,0x0e,0xff,0x0e,0x0e,0x0e,0xff,0x0e,0x0e,0x0e,0xff,0x0e,0x0e,0x0e,0xff,
    0x0e,0x0e,0x0e,0xff,0x0e,0x0e,0x0e,0xff,0x0e,0x0e,0x0e,0xff,0x0e,0x0e,0x0e,0xff,
    0x0e,0x0e,0x0e,0xff,0x0e,0x0e,0x0e,0xff,0x0e,0x0e,0x0e,0xff,0x0e,0x0e,0x0e,0xff,
    0x0e,0x0e,0x0e,0xff,0x0e,0x0e,0x0e,0xff,0x0e,0x0e,0x0e,0xff,0x0e,0x0e,0x0e,0xff,
    0x0e,0x0e,0x0e,0xff,0x0e,0x0e,0x0e,0xff,0x0e,0x0e,0x0e,0xff,0x0e,0x0e,0x0e,0xff,
    0x0e,0x0e,0x0e,0xff,0x0e,0x0e,0x0e,0xff,0x0e,0x0e,0x0e,0xff,0x0e,0x0e,0x0e,0xff,
    0x0e,0x0e,0x0e,0xff,0x0e,0x0e,0x0e,0xff,0x0e,0x0e,0x0e,0xff,0x0e,0x0e,0x0e,0xff,
    0x0e,0x0e,0x0e,0xff,0x0e,0x0e,0x0e,0xff,0x0e,0x0e,0x0e,0xff,0x0e,0x0e,0x0e,0xff,
    0x0e,0x0e,0x0e,0xff,0x0e,0x0e,0x0e,0xff,0x0e,0x0e,0x0e,0xff,0x0e,0x0e,0x0e,0xff,
    0x0e,0x0e,0x0e,0xff,0x0e,0x0e,0x0e,0xff,0x0e,0x0e,0x0e,0xff,0x0e,0x0e,0x0e,0xff,
    0x0e,0x0e,0x0e,0xff,0x0e,0x0e,0x0e,0xff,0x0e,0x0e,0x0e,0xff,0x0e,0x0e,0x0e,0xff,
    0x0e,0x0e,0x0e,0xff,0x0e,0x0e,0x0e,0xff,0x0e,0x0e,0x0e,0xff,0x0e,0x0e,0x0e,0xff,
    0x0e,0x0e,0x0e,0xff,0x0e,0x0e,0x0e,0xff,0x0e,0x0e,0x0e,0xff,0x0e,0x0e,0x0e,0xff,
    0x0e,0x0e,0x0e,0xff,0x0e,0x0e,0x0e,0xff,0x0e,0x0e,0x0e,0xff,0x0e,0x0e,0x0e,0xff,
    0x0e,0x0e,0x0e,0xff,0x0e,0x0e,0x0e,0xff,0x0e,0x0e,0x0e,0xff,0x0e,0x0e,0x0e,0xff,
    0x0e,0x0e,0x0e,0xff,0x0e,0x0e,0x0e,0xff,0x0e,0x0e,0x0e,0xff,0x0e,0x0e,0x0e,0xff,
    0x0e,0x0e,0x0e,0xff,0x0e,0x0e,0x0e,0xff,0x0e,0x0e,0x0e,0xff,0x0e,0x0e,0x0e,0xff,
    0x0e,0x0e,0x0e,0xff,0x0e,0x0e,0x0e,0xff,0x0e,0x0e,0x0e,0xff,0x0e,0x0e,0x0e,0xff,
    0x0e,0x0e,0x0e,0xff,0x0e,0x0e,0x0e,0xff,0x0e,0x0e,0x0e,0xff,0x0e,0x0e,0x0e,0xff,
    0x0e,0x0e,0x0e,0xff,0x0e,0x0e,0x0e,0xff,0x0e,0x0e,0x0e,0xff,0x0e,0x0e,0x0e,0xff,
    0x0e,0x0e,0x0e,0xff,0x0e,0x0e,0x0e,0xff,0x0e,0x0e,0x0e,0xff,0x0e,0x0e,0x0e,0xff,
    0x0e,0x0e,0x0e,0xff,0x0e,0x0e,0x0e,0xff,0x0e,0x0e,0x0e,0xff,0x0e,0x0e,0x0e,0xff,
    0x0e,0x0e,0x0e,0xff,0x0e,0x0e,0x0e,0xff,0x0e,0x0e,0x0e,0xff,0x0e,0x0e,0x0e,0xff,
    0x0e,0x0e,0x0e,0xff,0x0e,0x0e,0x0e,0xff,0x0e,0x0e,0x0e,0xff,0x0e,0x0e,0x0e,0xff,
    0x0e,0x0e,0x0e,0xff,0x0e,0x0e,0x0e,0xff,0x0e,0x0e,0x0e,0xff,0x0e,0x0e,0x0e,0xff,
    0x0e,0x0e,0x0e,0xff,0x0e,0x0e,0x0e,0xff,0x0e,0x0e,0x0e,0xff,0x0e,0x0e,0x0e,0xff,
    0x0e,0x0e,0x0e,0xff,0x0e,0x0e,0x0e,0xff,0x0e,0x0e,0x0e,0xff,0x0e,0x0e,0x0e,0xff,
    0x0e,0x0e,0x0e,0xff,0x0e,0x0e,0x0e,0xff,0x0e,0x0e,0x0e,0xff,0x0e,0x0e,0x0e,0xff,
    0x0e,0x0e,0x0e,0xff,0x0e,0x0e,0x0e,0xff,0x0e,0x0e,0x0e,0xff,0x0e,0x0e,0x0e,0xff,
    0x0e,0x0e,0x0e,0xff,0x0e,0x0e,0x0e,0xff,0x0e,0x0e,0x0e,0xff,0x0e,0x0e,0x0e,0xff,
    0x0e,0x0e,0x0e,0xff,0x0e,0x0e,0x0e,0xff,0x0e,0x0e,0x0e,0xff,0x0e,0x0e,0x0e,0xff,
    0x0e,0x0e,0x0e,0xff,0x0e,0x0e,0x0e,0xff,0x0e,0x0e,0x0e,0xff,0x0e,0x0e,0x0e,0xff,
    0x0e,0x0e,0x0e,0xff,0x0e,0x0e,0x0e,0xff,0x0e,0x0e,0x0e,0xff,0x0e,0x0e,0x0e,0xff,
    0x0e,0x0e,0x0e,0xff,0x0e,0x0e,0x0e,0xff,0x0e,0x0e,0x0e,0xff,0x0e,0x0e,0x0e,0xff,
    0x0e,0x0e,0x0e,0xff,0x0e,0x0e,0x0e,0xff,0x0e,0x0e,0x0e,0xff,0x0e,0x0e,0x0e,0xff,
    0x0e,0x0e,0x0e,0xff,0x0e,0x0e,0x0e,0xff,0x0e,0x0e,0x0e,0xff,0x0e,0x0e,0x0e,0xff,
    0x0e,0x0e,0x0e,0xff,0x0e,0x0e,0x0e,0xff,0x0e,0x0e,0x0e,0xff,0x0e,0x0e,0x0e,0xff,
    0x0e,0x0e,0x0e,0xff,0x0e,0x0e,0x0e,0xff,0x0e,0x0e,0x0e,0xff,0x0e,0x0e,0x0e,0xff,
    0x0e,0x0e,0x0e,0xff,0x0e,0x0e,0x0e,0xff,0x0e,0x0e,0x0e,0xff,0x0e,0x0e,0x0e,0xff,
    0x0e,0x0e,0x0e,0xff,0x0e,0x0e,0x0e,0xff,0x0e,0x0e,0x0e,0xff,0x0e,0x0e,0x0e,0xff,
    0x0e,0x0e,0x0e,0xff,0x0e,0x0e,0x0e,0xff,0x0e,0x0e,0x0e,0xff,0x0e,0x0e,0x0e,0xff,
    0x0e,0x0e,0x0e,0xff,0x0e,0x0e,0x0e,0xff,0x0e,0x0e,0x0e,0xff,0x0e,0x0e,0x0e,0xff,
    0x0e,0x0e,0x0e,0xff,0x0e,0x0e,0x0e,0xff,0x0e,0x0e,0x0e,0xff,0x0e,0x0e,0x0e,0xff,
    0x0e,0x0e,0x0e,0xff,0x0e,0x0e,0x0e,0xff,0x0e,0x0e,0x0e,0xff,0x0e,0x0e,0x0e,0xff,
    0x0e,0x0e,0x0e,0xff,0x0e,0x0e,0x0e,0xff,0x0e,0x0e,0x0e,0xff,0x0e,0x0e,0x0e,0xff,
    0x0e,0x0e,0x0e,0xff,0x0e,0x0e,0x0e,0xff,0x0e,0x0e,0x0e,0xff,0x0e,0x0e,0x0e,0xff,
    0x0e,0x0e,0x0e,0xff,0x0e,0x0e,0x0e,0xff,0x0e,0x0e,0x0e,0xff,0x0e,0x0e,0x0e,0xff,
    0x0e,0x0e,0x0e,0xff,0x0e,0x0e,0x0e,0xff,0x0e,0x0e,0x0e,0xff,0x0e,0x0e,0x0e,0xff,
    0x0e,0x0e,0x0e,0xff,0x0e,0x0e,0x0e,0xff,0x0e,0x0e,0x0e,0xff,0x0e,0x0e,0x0e,0xff,
    0x0e,0x0e,0x0e,0xff,0x0e,0x0e,0x0e,0xff,0x0e,0x0e,0x0e,0xff,0x0e,0x0e,0x0e,0xff,
    0x0e,0x0e,0x0e,0xff,0x0e,0x0e,0x0e,0xff,0x0e,0x0e,0x0e,0xff,0x0e,0x0e,0x0e,0xff,
    0x0e,0x0e,0x0e,0xff,0x0e,0x0e,0x0e,0xff,0x0e,0x0e,0x0e,0xff,0x0e,0x0e,0x0e,0xff,
    0x0e,0x0e,0x0e,0xff,0x0e,0x0e,0x0e,0xff,0x0e,0x0e,0x0e,0xff,0x0e,0x0e,0x0e,0xff,
    0x0e,0x0e,0x0e,0xff,0x0e,0x0e,0x0e,0xff,0x0e,0x0e,0x0e,0xff,0x0e,0x0e,0x0e,0xff,
    0x0e,0x0e,0x0e,0xff,0x0e,0x0e,0x0e,0xff,0x0e,0x0e,0x0e,0xff,0x0e,0x0e,0x0e,0xff,
    0x0e,0x0e,0x0e,0xff,0x0e,0x0e,0x0e,0xff,0x0e,0x0e,0x0e,0xff,0x0e,0x0e,0x0e,0xff,
    0x0e,0x0e,0x0e,0xff,0x0e,0x0e,0x0e,0xff,0x0e,0x0e,0x0e,0xff,0x0e,0x0e,0x0e,0xff,
    0x0e,0x0e,0x0e,0xff,0x0e,0x0e,0x0e,0xff,0x0e,0x0e,0x0e,0xff,0x0e,0x0e,0x0e,0xff,
    0x0e,0x0e,0x0e,0xff,0x0e,0x0e,0x0e,0xff,0x0e,0x0e,0x0e,0xff,0x0e,0x0e,0x0e,0xff,
    0x0e,0x0e,0x0e,0xff,0x0e,0x0e,0x0e,0xff,0x0e,0x0e,0x0e,0xff,0x0e,0x0e,0x0e,0xff,
    0x0e,0x0e,0x0e,0xff,0x0e,0x0e,0x0e,0xff,0x0e,0x0e,0x0e,0xff,0x0e,0x0e,0x0e,0xff,
    0x0e,0x0e,0x0e,0xff,0x0e,0x0e,0x0e,0xff,0x0e,0x0e,0x0e,0xff,0x0e,0x0e,0x0e,0xff,
    0x0e,0x0e,0x0e,0xff,0x0e,0x0e,0x0e,0xff,0x0e,0x0e,0x0e,0xff,0x0e,0x0e,0x0e,0xff,
    0x0e,0x0e,0x0e,0xff,0x0e,0x0e,0x0e,0xff,0x0e,0x0e,0x0e,0xff,0x0e,0x0e,0x0e,0xff,
    0x0e,0x0e,0x0e,0xff,0x0e,0x0e,0x0e,0xff,0x0e,0x0e,0x0e,0xff,0x0e,0x0e,0x0e,0xff,
    0x0e,0x0e,0x0e,0xff,0x0e,0x0e,0x0e,0xff,0x0e,0x0e,0x0e,0xff,0x0e,0x0e,0x0e,0xff,
    0x0e,0x0e,0x0e,0xff,0x0e,0x0e,0x0e,0xff,0x0e,0x0e,0x0e,0xff,0x0e,0x0e,0x0e,0xff,
    0x0e,0x0e,0x0e,0xff,0x0e,0x0e,0x0e,0xff,0x0e,0x0e,0x0e,0xff,0x0e,0x0e,0x0e,0xff,
    0x0e,0x0e,0x0e,0xff,0x0e,0x0e,0x0e,0xff,0x0e,0x0e,0x0e,0xff,0x0e,0x0e,0x0e,0xff,
    0x0e,0x0e,0x0e,0xff,0x0e,0x0e,0x0e,0xff,0x0e,0x0e,0x0e,0xff,0x0e,0x0e,0x0e,0xff,
    0x0e,0x0e,0x0e,0xff,0x0e,0x0e,0x0e,0xff,0x0e,0x0e,0x0e,0xff,0x0e,0x0e,0x0e,0xff,
    0x0e,0x0e,0x0e,0xff,0x0e,0x0e,0x0e,0xff,0x0e,0x0e,0x0e,0xff,0x0e,0x0e,0x0e,0xff,
    0x0e,0x0e,0x0e,0xff,0x0e,0x0e,0x0e,0xff,0x0e,0x0e,0x0e,0xff,0x0e,0x0e,0x0e,0xff,
    0x0e,0x0e,0x0e,0xff,0x0e,0x0e,0x0e,0xff,0x0e,0x0e,0x0e,0xff,0x0e,0x0e,0x0e,0xff,
    0x0e,0x0e,0x0e,0xff,0x0e,0x0e,0x0e,0xff,0x0e,0x0e,0x0e,0xff,0x0e,0x0e,0x0e,0xff,
    0x0e,0x0e,0x0e,0xff,0x0e,0x0e,0x0e,0xff,0x0e,0x0e,0x0e,0xff,0x0e,0x0e,0x0e,0xff,
    0x0e,0x0e,0x0e,0xff,0x0e,0x0e,0x0e,0xff,0x0e,0x0e,0x0e,0xff,0x0e,0x0e,0x0e,0xff,
    0x0e,0x0e,0x0e,0xff,0x0e,0x0e,0x0e,0xff,0x0e,0x0e,0x0e,0xff,0x0e,0x0e,0x0e,0xff,
    0x0e,0x0e,0x0e,0xff,0x0e,0x0e,0x0e,0xff,0x0e,0x0e,0x0e,0xff,0x0e,0x0e,0x0e,0xff,
    0x0e,0x0e,0x0e,0xff,0x0e,0x0e,0x0e,0xff,0x0e,0x0e,0x0e,0xff,0x0e,0x0e,0x0e,0xff,
    0x0e,0x0e,0x0e,0xff,0x0e,0x0e,0x0e,0xff,0x0e,0x0e,0x0e,0xff,0x0e,0x0e,0x0e,0xff,
    0x0e,0x0e,0x0e,0xff,0x0e,0x0e,0x0e,0xff,0x0e,0x0e,0x0e,0xff,0x0e,0x0e,0x0e,0xff,
    0x0e,0x0e,0x0e,0xff,0x0e,0x0e,0x0e,0xff,0x0e,0x0e,0x0e,0xff,0x0e,0x0e,0x0e,0xff,
    0x0e,0x0e,0x0e,0xff,0x0e,0x0e,0x0e,0xff,0x0e,0x0e,0x0e,0xff,0x0e,0x0e,0x0e,0xff,
    0x0e,0x0e,0x0e,0xff,0x0e,0x0e,0x0e,0xff,0x0e,0x0e,0x0e,0xff,0x0e,0x0e,0x0e,0xff,
    0x0e,0x0e,0x0e,0xff,0x0e,0x0e,0x0e,0xff,0x0e,0x0e,0x0e,0xff,0x0e,0x0e,0x0e,0xff,
    0x0e,0x0e,0x0e,0xff,0x0e,0x0e,0x0e,0xff,0x0e,0x0e,0x0e,0xff,0x0e,0x0e,0x0e,0xff,
    0x0e,0x0e,0x0e,0xff,0x0e,0x0e,0x0e,0xff,0x0e,0x0e,0x0e,0xff,0x0e,0x0e,0x0e,0xff,
    0x0e,0x0e,0x0e,0xff,0x0e,0x0e,0x0e,0xff,0x0e,0x0e,0x0e,0xff,0x0e,0x0e,0x0e,0xff,
    0x0e,0x0e,0x0e,0xff,0x0e,0x0e,0x0e,0xff,0x0e,0x0e,0x0e,0xff,0x0e,0x0e,0x0e,0xff,
    0x0e,0x0e,0x0e,0xff,0x0e,0x0e,0x0e,0xff,0x0e,0x0e,0x0e,0xff,0x0e,0x0e,0x0e,0xff,
    0x0e,0x0e,0x0e,0xff,0x0e,0x0e,0x0e,0xff,0x0e,0x0e,0x0e,0xff,0x0e,0x0e,0x0e,0xff,
    0x0e,0x0e,0x0e,0xff,0x0e,0x0e,0x0e,0xff,0x0e,0x0e,0x0e,0xff,0x0e,0x0e,0x0e,0xff,
    0x0e,0x0e,0x0e,0xff,0x0e,0x0e,0x0e,0xff,0x0e,0x0e,0x0e,0xff,0x0e,0x0e,0x0e,0xff,
    0x0e,0x0e,0x0e,0xff,0x0e,0x0e,0x0e,0xff,0x0e,0x0e,0x0e,0xff,0x0e,0x0e,0x0e,0xff,
    0x0e,0x0e,0x0e,0xff,0x0e,0x0e,0x0e,0xff,0x0e,0x0e,0x0e,0xff,0x0e,0x0e,0x0e,0xff,
    0x0e,0x0e,0x0e,0xff,0x0e,0x0e,0x0e,0xff,0x0e,0x0e,0x0e,0xff,0x0e,0x0e,0x0e,0xff,
    0x0e,0x0e,0x0e,0xff,0x0e,0x0e,0x0e,0xff,0x0e,0x0e,0x0e,0xff,0x0e,0x0e,0x0e,0xff,
    0x0e,0x0e,0x0e,0xff,0x0e,0x0e,0x0e,0xff,0x0e,0x0e,0x0e,0xff,0x0e,0x0e,0x0e,0xff,
    0x0e,0x0e,0x0e,0xff,0x0e,0x0e,0x0e,0xff,0x0e,0x0e,0x0e,0xff,0x0e,0x0e,0x0e,0xff,
    0x0e,0x0e,0x0e,0xff,0x0e,0x0e,0x0e,0xff,0x0e,0x0e,0x0e,0xff,0x0e,0x0e,0x0e,0xff,
    0x0e,0x0e,0x0e,0xff,0x0e,0x0e,0x0e,0xff,0x0e,0x0e,0x0e,0xff,0x0e,0x0e,0x0e,0xff,
    0x0e,0x0e,0x0e,0xff,0x0e,0x0e,0x0e,0xff,0x0e,0x0e,0x0e,0xff,0x0e,0x0e,0x0e,0xff,
    0x0e,0x0e,0x0e,0xff,0x0e,0x0e,0x0e,0xff,0x0e,0x0e,0x0e,0xff,0x0e,0x0e,0x0e,0xff,
    0x0e,0x0e,0x0e,0xff,0x0e,0x0e,0x0e,0xff,0x0e,0x0e,0x0e,0xff,0x0e,0x0e,0x0e,0xff,
    0x0e,0x0e,0x0e,0xff,0x0e,0x0e,0x0e,0xff,0x0e,0x0e,0x0e,0xff,0x0e,0x0e,0x0e,0xff,
    0x0e,0x0e,0x0e,0xff,0x0e,0x0e,0x0e,0xff,0x0e,0x0e,0x0e,0xff,0x0e,0x0e,0x0e,0xff,
    0x0e,0x0e,0x0e,0xff,0x0e,0x0e,0x0e,0xff,0x0e,0x0e,0x0e,0xff,0x0e,0x0e,0x0e,0xff,
    0x0e,0x0e,0x0e,0xff,0x0e,0x0e,0x0e,0xff,0x0e,0x0e,0x0e,0xff,0x0e,0x0e,0x0e,0xff,
    0x0e,0x0e,0x0e,0xff,0x0e,0x0e,0x0e,0xff,0x0e,0x0e,0x0e,0xff,0x0e,0x0e,0x0e,0xff,
    0x0e,0x0e,0x0e,0xff,0x0e,0x0e,0x0e,0xff,0x0e,0x0e,0x0e,0xff,0x0e,0x0e,0x0e,0xff,
    0x0e,0x0e,0x0e,0xff,0x0e,0x0e,0x0e,0xff,0x0e,0x0e,0x0e,0xff,0x0e,0x0e,0x0e,0xff,
    0x0e,0x0e,0x0e,0xff,0x0e,0x0e,0x0e,0xff,0x0e,0x0e,0x0e,0xff,0x0e,0x0e,0x0e,0xff,
    0x0e,0x0e,0x0e,0xff,0x0e,0x0e,0x0e,0xff,0x0e,0x0e,0x0e,0xff,0x0e,0x0e,0x0e,0xff,
    0x0e,0x0e,0x0e,0xff,0x0e,0x0e,0x0e,0xff,0x0e,0x0e,0x0e,0xff,0x0e,0x0e,0x0e,0xff,
    0x0e,0x0e,0x0e,0xff,0x0e,0x0e,0x0e,0xff,0x0e,0x0e,0x0e,0xff,0x0e,0x0e,0x0e,0xff,
    0x0e,0x0e,0x0e,0xff,0x0e,0x0e,0x0e,0xff,0x0e,0x0e,0x0e,0xff,0x0e,0x0e,0x0e,0xff,
    0x0e,0x0e,0x0e,0xff,0x0e,0x0e,0x0e,0xff,0x0e,0x0e,0x0e,0xff,0x0e,0x0e,0x0e,0xff,
    0x0e,0x0e,0x0e,0xff,0x0e,0x0e,0x0e,0xff,0x0e,0x0e,0x0e,0xff,0x0e,0x0e,0x0e,0xff,
    0x0e,0x0e,0x0e,0xff,0x0e,0x0e,0x0e,0xff,0x0e,0x0e,0x0e,0xff,0x0e,0x0e,0x0e,0xff,
    0x0e,0x0e,0x0e,0xff,0x0e,0x0e,0x0e,0xff,0x0e,0x0e,0x0e,0xff,0x0e,0x0e,0x0e,0xff,
    0x0e,0x0e,0x0e,0xff,0x0e,0x0e,0x0e,0xff,0x0e,0x0e,0x0e,0xff,0x0e,0x0e,0x0e,0xff,
    0x0e,0x0e,0x0e,0xff,0x0e,0x0e,0x0e,0xff,0x0e,0x0e,0x0e,0xff,0x0e,0x0e,0x0e,0xff,
    0x0e,0x0e,0x0e,0xff,0x0e,0x0e,0x0e,0xff,0x0e,0x0e,0x0e,0xff,0x0e,0x0e,0x0e,0xff,
    0x0e,0x0e,0x0e,0xff,0x0e,0x0e,0x0e,0xff,0x0e,0x0e,0x0e,0xff,0x0e,0x0e,0x0e,0xff,
    0x0e,0x0e,0x0e,0xff,0x0e,0x0e,0x0e,0xff,0x0e,0x0e,0x0e,0xff,0x0e,0x0e,0x0e,0xff,
    0x0e,0x0e,0x0e,0xff,0x0e,0x0e,0x0e,0xff,0x0e,0x0e,0x0e,0xff,0x0e,0x0e,0x0e,0xff,
    0x0e,0x0e,0x0e,0xff,0x0e,0x0e,0x0e,0xff,0x0e,0x0e,0x0e,0xff,0x0e,0x0e,0x0e,0xff,
    0x0e,0x0e,0x0e,0xff,0x0e,0x0e,0x0e,0xff,0x0e,0x0e,0x0e,0xff,0x0e,0x0e,0x0e,0xff,
    0x0e,0x0e,0x0e,0xff,0x0e,0x0e,0x0e,0xff,0x0e,0x0e,0x0e,0xff,0x0e,0x0e,0x0e,0xff,
    0x0e,0x0e,0x0e,0xff,0x0e,0x0e,0x0e,0xff,0x0e,0x0e,0x0e,0xff,0x0e,0x0e,0x0e,0xff,
    0x0e,0x0e,0x0e,0xff,0x0e,0x0e,0x0e,0xff,0x0e,0x0e,0x0e,0xff,0x0e,0x0e,0x0e,0xff,
    0x0e,0x0e,0x0e,0xff,0x0e,0x0e,0x0e,0xff,0x0e,0x0e,0x0e,0xff,0x0e,0x0e,0x0e,0xff,
    0x0e,0x0e,0x0e,0xff,0x0e,0x0e,0x0e,0xff,0x0e,0x0e,0x0e,0xff,0x0e,0x0e,0x0e,0xff,
    0x0e,0x0e,0x0e,0xff,0x0e,0x0e,0x0e,0xff,0x0e,0x0e,0x0e,0xff,0x0e,0x0e,0x0e,0xff,
    0x0e,0x0e,0x0e,0xff,0x0e,0x0e,0x0e,0xff,0x0e,0x0e,0x0e,0xff,0x0e,0x0e,0x0e,0xff,
    0x0e,0x0e,0x0e,0xff,0x0e,0x0e,0x0e,0xff,0x0e,0x0e,0x0e,0xff,0x0e,0x0e,0x0e,0xff,
    0x0e,0x0e,0x0e,0xff,0x0e,0x0e,0x0e,0xff,0x0e,0x0e,0x0e,0xff,0x0e,0x0e,0x0e,0xff,
    0x0e,0x0e,0x0e,0xff,0x0e,0x0e,0x0e,0xff,0x0e,0x0e,0x0e,0xff,0x0e,0x0e,0x0e,0xff,
    0x0e,0x0e,0x0e,0xff,0x0e,0x0e,0x0e,0xff,0x0e,0x0e,0x0e,0xff,0x0e,0x0e,0x0e,0xff,
    0x0e,0x0e,0x0e,0xff,0x0e,0x0e,0x0e,0xff,0x0e,0x0e,0x0e,0xff,0x0e,0x0e,0x0e,0xff,
    0x0e,0x0e,0x0e,0xff,0x0e,0x0e,0x0e,0xff,0x0e,0x0e,0x0e,0xff,0x0e,0x0e,0x0e,0xff,
    0x0e,0x0e,0x0e,0xff,0x0e,0x0e,0x0e,0xff,0x0e,0x0e,0x0e,0xff,0x0e,0x0e,0x0e,0xff,
    0x0e,0x0e,0x0e,0xff,0x0e,0x0e,0x0e,0xff,0x0e,0x0e,0x0e,0xff,0x0e,0x0e,0x0e,0xff,
    0x0e,0x0e,0x0e,0xff,0x0e,0x0e,0x0e,0xff,0x0e,0x0e,0x0e,0xff,0x0e,0x0e,0x0e,0xff,
    0x0e,0x0e,0x0e,0xff,0x0e,0x0e,0x0e,0xff,0x0e,0x0e,0x0e,0xff,0x0e,0x0e,0x0e,0xff,
    0x0e,0x0e,0x0e,0xff,0x0e,0x0e,0x0e,0xff,0x0e,0x0e,0x0e,0xff,0x0e,0x0e,0x0e,0xff,
    0x0e,0x0e,0x0e,0xff,0x0e,0x0e,0x0e,0xff,0x0e,0x0e,0x0e,0xff,0x0e,0x0e,0x0e,0xff,
    0x0e,0x0e,0x0e,0xff,0x0e,0x0e,0x0e,0xff,0x0e,0x0e,0x0e,0xff,0x0e,0x0e,0x0e,0xff,
    0x0e,0x0e,0x0e,0xff,0x0e,0x0e,0x0e,0xff,0x0e,0x0e,0x0e,0xff,0x0e,0x0e,0x0e,0xff,
    0x0e,0x0e,0x0e,0xff,0x0e,0x0e,0x0e,0xff,0x0e,0x0e,0x0e,0xff,0x0e,0x0e,0x0e,0xff,
    0x0e,0x0e,0x0e,0xff,0x0e,0x0e,0x0e,0xff,0x0e,0x0e,0x0e,0xff,0x0e,0x0e,0x0e,0xff,
    0x0e,0x0e,0x0e,0xff,0x0e,0x0e,0x0e,0xff,0x0e,0x0e,0x0e,0xff,0x0e,0x0e,0x0e,0xff,
    0x0e,0x0e,0x0e,0xff,0x0e,0x0e,0x0e,0xff,0x0e,0x0e,0x0e,0xff,0x0e,0x0e,0x0e,0xff,
    0x0e,0x0e,0x0e,0xff,0x0e,0x0e,0x0e,0xff,0x0e,0x0e,0x0e,0xff,0x0e,0x0e,0x0e,0xff,
    0x0e,0x0e,0x0e,0xff,0x0e,0x0e,0x0e,0xff,0x0e,0x0e,0x0e,0xff,0x0e,0x0e,0x0e,0xff,
    0x0e,0x0e,0x0e,0xff,0x0e,0x0e,0x0e,0xff,0x0e,0x0e,0x0e,0xff,0x0e,0x0e,0x0e,0xff,
    0x0e,0x0e,0x0e,0xff,0x0e,0x0e,0x0e,0xff,0x0e,0x0e,0x0e,0xff,0x0e,0x0e,0x0e,0xff,
    0x0e,0x0e,0x0e,0xff,0x0e,0x0e,0x0e,0xff,0x0e,0x0e,0x0e,0xff,0x0e,0x0e,0x0e,0xff,
    0x0e,0x0e,0x0e,0xff,0x0e,0x0e,0x0e,0xff,0x0e,0x0e,0x0e,0xff,0x0e,0x0e,0x0e,0xff,
    0x0e,0x0e,0x0e,0xff,0x0e,0x0e,0x0e,0xff,0x0e,0x0e,0x0e,0xff,0x0e,0x0e,0x0e,0xff,
    0x0e,0x0e,0x0e,0xff,0x0e,0x0e,0x0e,0xff,0x0e,0x0e,0x0e,0xff,0x0e,0x0e,0x0e,0xff,
    0x0e,0x0e,0x0e,0xff,0x0e,0x0e,0x0e,0xff,0x0e,0x0e,0x0e,0xff,0x0e,0x0e,0x0e,0xff,
    0x0e,0x0e,0x0e,0xff,0x0e,0x0e,0x0e,0xff,0x0e,0x0e,0x0e,0xff,0x0e,0x0e,0x0e,0xff,
    0x0e,0x0e,0x0e,0xff,0x0e,0x0e,0x0e,0xff,0x0e,0x0e,0x0e,0xff,0x0e,0x0e,0x0e,0xff,
    0x0e,0x0e,0x0e,0xff,0x0e,0x0e,0x0e,0xff,0x0e,0x0e,0x0e,0xff,0x0e,0x0e,0x0e,0xff,
    0x0e,0x0e,0x0e,0xff,0x0e,0x0e,0x0e,0xff,0x0e,0x0e,0x0e,0xff,0x0e,0x0e,0x0e,0xff,
    0x0e,0x0e,0x0e,0xff,0x0e,0x0e,0x0e,0xff,0x0e,0x0e,0x0e,0xff,0x0e,0x0e,0x0e,0xff,
    0x0e,0x0e,0x0e,0xff,0x0e,0x0e,0x0e,0xff,0x0e,0x0e,0x0e,0xff,0x0e,0x0e,0x0e,0xff,
    0x0e,0x0e,0x0e,0xff,0x0e,0x0e,0x0e,0xff,0x0e,0x0e,0x0e,0xff,0x0e,0x0e,0x0e,0xff,
    0x0e,0x0e,0x0e,0xff,0x0e,0x0e,0x0e,0xff,0x0e,0x0e,0x0e,0xff,0x0e,0x0e,0x0e,0xff,
    0x0e,0x0e,0x0e,0xff,0x0e,0x0e,0x0e,0xff,0x0e,0x0e,0x0e,0xff,0x0e,0x0e,0x0e,0xff,
    0x0e,0x0e,0x0e,0xff,0x0e,0x0e,0x0e,0xff,0x0e,0x0e,0x0e,0xff,0x0e,0x0e,0x0e,0xff,
    0x0e,0x0e,0x0e,0xff,0x0e,0x0e,0x0e,0xff,0x0e,0x0e,0x0e,0xff,0x0e,0x0e,0x0e,0xff,
    0x0e,0x0e,0x0e,0xff,0x0e,0x0e,0x0e,0xff,0x0e,0x0e,0x0e,0xff,0x0e,0x0e,0x0e,0xff,
    0x0e,0x0e,0x0e,0xff,0x0e,0x0e,0x0e,0xff,0x0e,0x0e,0x0e,0xff,0x0e,0x0e,0x0e,0xff,
    0x0e,0x0e,0x0e,0xff,0x0e,0x0e,0x0e,0xff,0x0e,0x0e,0x0e,0xff,0x0e,0x0e,0x0e,0xff,
    0x0e,0x0e,0x0e,0xff,0x0e,0x0e,0x0e,0xff,0x0e,0x0e,0x0e,0xff,0x0e,0x0e,0x0e,0xff,
    0x0e,0x0e,0x0e,0xff,0x0e,0x0e,0x0e,0xff,0x0e,0x0e,0x0e,0xff,0x0e,0x0e,0x0e,0xff,
    0x0e,0x0e,0x0e,0xff,0x0e,0x0e,0x0e,0xff,0x0e,0x0e,0x0e,0xff,0x0e,0x0e,0x0e,0xff,
    0x0e,0x0e,0x0e,0xff,0x0e,0x0e,0x0e,0xff,0x0e,0x0e,0x0e,0xff,0x0e,0x0e,0x0e,0xff,
    0x0e,0x0e,0x0e,0xff,0x0e,0x0e,0x0e,0xff,0x0e,0x0e,0x0e,0xff,0x0e,0x0e,0x0e,0xff,
    0x0e,0x0e,0x0e,0xff,0x0e,0x0e,0x0e,0xff,0x0e,0x0e,0x0e,0xff,0x0e,0x0e,0x0e,0xff,
    0x0e,0x0e,0x0e,0xff,0x0e,0x0e,0x0e,0xff,0x0e,0x0e,0x0e,0xff,0x0e,0x0e,0x0e,0xff,
    0x0e,0x0e,0x0e,0xff,0x0e,0x0e,0x0e,0xff,0x0e,0x0e,0x0e,0xff,0x0e,0x0e,0x0e,0xff,
    0x0e,0x0e,0x0e,0xff,0x0e,0x0e,0x0e,0xff,0x0e,0x0e,0x0e,0xff,0x0e,0x0e,0x0e,0xff,
    0x0e,0x0e,0x0e,0xff,0x0e,0x0e,0x0e,0xff,0x0e,0x0e,0x0e,0xff,0x0e,0x0e,0x0e,0xff,
    0x0e,0x0e,0x0e,0xff,0x0e,0x0e,0x0e,0xff,0x0e,0x0e,0x0e,0xff,0x0e,0x0e,0x0e,0xff,
    0x0e,0x0e,0x0e,0xff,0x0e,0x0e,0x0e,0xff,0x0e,0x0e,0x0e,0xff,0x0e,0x0e,0x0e,0xff,
    0x0e,0x0e,0x0e,0xff,0x0e,0x0e,0x0e,0xff,0x0e,0x0e,0x0e,0xff,0x0e,0x0e,0x0e,0xff,
    0x0e,0x0e,0x0e,0xff,0x0e,0x0e,0x0e,0xff,0x0e,0x0e,0x0e,0xff,0x0e,0x0e,0x0e,0xff,
    0x0e,0x0e,0x0e,0xff,0x0e,0x0e,0x0e,0xff,0x0e,0x0e,0x0e,0xff,0x0e,0x0e,0x0e,0xff,
    0x0e,0x0e,0x0e,0xff,0x0e,0x0e,0x0e,0xff,0x0e,0x0e,0x0e,0xff,0x0e,0x0e,0x0e,0xff,
    0x0e,0x0e,0x0e,0xff,0x0e,0x0e,0x0e,0xff,0x0e,0x0e,0x0e,0xff,0x0e,0x0e,0x0e,0xff,
    0x0e,0x0e,0x0e,0xff,0x0e,0x0e,0x0e,0xff,0x0e,0x0e,0x0e,0xff,0x0e,0x0e,0x0e,0xff,
    0x0e,0x0e,0x0e,0xff,0x0e,0x0e,0x0e,0xff,0x0e,0x0e,0x0e,0xff,0x0e,0x0e,0x0e,0xff,
    0x0e,0x0e,0x0e,0xff,0x0e,0x0e,0x0e,0xff,0x0e,0x0e,0x0e,0xff,0x0e,0x0e,0x0e,0xff,
    0x0e,0x0e,0x0e,0xff,0x0e,0x0e,0x0e,0xff,0x0e,0x0e,0x0e,0xff,0x0e,0x0e,0x0e,0xff,
    0x0e,0x0e,0x0e,0xff,0x0e,0x0e,0x0e,0xff,0x0e,0x0e,0x0e,0xff,0x0e,0x0e,0x0e,0xff,
    0x0e,0x0e,0x0e,0xff,0x0e,0x0e,0x0e,0xff,0x0e,0x0e,0x0e,0xff,0x0e,0x0e,0x0e,0xff,
    0x0e,0x0e,0x0e,0xff,0x0e,0x0e,0x0e,0xff,0x0e,0x0e,0x0e,0xff,0x0e,0x0e,0x0e,0xff,
    0x0e,0x0e,0x0e,0xff,0x0e,0x0e,0x0e,0xff,0x0e,0x0e,0x0e,0xff,0x0e,0x0e,0x0e,0xff,
    0x0e,0x0e,0x0e,0xff,0x0e,0x0e,0x0e,0xff,0x0e,0x0e,0x0e,0xff,0x0e,0x0e,0x0e,0xff,
    0x0e,0x0e,0x0e,0xff,0x0e,0x0e,0x0e,0xff,0x0e,0x0e,0x0e,0xff,0x0e,0x0e,0x0e,0xff,
    0x0e,0x0e,0x0e,0xff,0x0e,0x0e,0x0e,0xff,0x0e,0x0e,0x0e,0xff,0x0e,0x0e,0x0e,0xff,
    0x0e,0x0e,0x0e,0xff,0x0e,0x0e,0x0e,0xff,0x0e,0x0e,0x0e,0xff,0x0e,0x0e,0x0e,0xff,
    0x0e,0x0e,0x0e,0xff,0x0e,0x0e,0x0e,0xff,0x0e,0x0e,0x0e,0xff,0x0e,0x0e,0x0e,0xff,
    0x0e,0x0e,0x0e,0xff,0x0e,0x0e,0x0e,0xff,0x0e,0x0e,0x0e,0xff,0x0e,0x0e,0x0e,0xff,
    0x0e,0x0e,0x0e,0xff,0x0e,0x0e,0x0e,0xff,0x0e,0x0e,0x0e,0xff,0x0e,0x0e,0x0e,0xff,
    0x0e,0x0e,0x0e,0xff,0x0e,0x0e,0x0e,0xff,0x0e,0x0e,0x0e,0xff,0x0e,0x0e,0x0e,0xff,
    0x0e,0x0e,0x0e,0xff,0x0e,0x0e,0x0e,0xff,0x0e,0x0e,0x0e,0xff,0x0e,0x0e,0x0e,0xff,
    0x0e,0x0e,0x0e,0xff,0x0e,0x0e,0x0e,0xff,0x0e,0x0e,0x0e,0xff,0x0e,0x0e,0x0e,0xff,
    0x0e,0x0e,0x0e,0xff,0x0e,0x0e,0x0e,0xff,0x0e,0x0e,0x0e,0xff,0x0e,0x0e,0x0e,0xff,
    0x0e,0x0e,0x0e,0xff,0x0e,0x0e,0x0e,0xff,0x0e,0x0e,0x0e,0xff,0x0e,0x0e,0x0e,0xff,
    0x0e,0x0e,0x0e,0xff,0x0e,0x0e,0x0e,0xff,0x0e,0x0e,0x0e,0xff,0x0e,0x0e,0x0e,0xff,
    0x0e,0x0e,0x0e,0xff,0x0e,0x0e,0x0e,0xff,0x0e,0x0e,0x0e,0xff,0x0e,0x0e,0x0e,0xff,
    0x0e,0x0e,0x0e,0xff,0x0e,0x0e,0x0e,0xff,0x0e,0x0e,0x0e,0xff,0x0e,0x0e,0x0e,0xff,
    0x0e,0x0e,0x0e,0xff,0x0e,0x0e,0x0e,0xff,0x0e,0x0e,0x0e,0xff,0x0e,0x0e,0x0e,0xff,
    0x0e,0x0e,0x0e,0xff,0x0e,0x0e,0x0e,0xff,0x0e,0x0e,0x0e,0xff,0x0e,0x0e,0x0e,0xff,
    0x0e,0x0e,0x0e,0xff,0x0e,0x0e,0x0e,0xff,0x0e,0x0e,0x0e,0xff,0x0e,0x0e,0x0e,0xff,
    0x0e,0x0e,0x0e,0xff,0x0e,0x0e,0x0e,0xff,0x0e,0x0e,0x0e,0xff,0x0e,0x0e,0x0e,0xff,
    0x0e,0x0e,0x0e,0xff,0x0e,0x0e,0x0e,0xff,0x0e,0x0e,0x0e,0xff,0x0e,0x0e,0x0e,0xff,
    0x0e,0x0e,0x0e,0xff,0x0e,0x0e,0x0e,0xff,0x0e,0x0e,0x0e,0xff,0x0e,0x0e,0x0e,0xff,
    0x0e,0x0e,0x0e,0xff,0x0e,0x0e,0x0e,0xff,0x0e,0x0e,0x0e,0xff,0x0e,0x0e,0x0e,0xff,
    0x0e,0x0e,0x0e,0xff,0x0e,0x0e,0x0e,0xff,0x0e,0x0e,0x0e,0xff,0x0e,0x0e,0x0e,0xff,
    0x0e,0x0e,0x0e,0xff,0x0e,0x0e,0x0e,0xff,0x0e,0x0e,0x0e,0xff,0x0e,0x0e,0x0e,0xff,
    0x0e,0x0e,0x0e,0xff,0x0e,0x0e,0x0e,0xff,0x0e,0x0e,0x0e,0xff,0x0e,0x0e,0x0e,0xff,
    0x0e,0x0e,0x0e,0xff,0x0e,0x0e,0x0e,0xff,0x0e,0x0e,0x0e,0xff,0x0e,0x0e,0x0e,0xff,
    0x0e,0x0e,0x0e,0xff,0x0e,0x0e,0x0e,0xff,0x0e,0x0e,0x0e,0xff,0x0e,0x0e,0x0e,0xff,
    0x0e,0x0e,0x0e,0xff,0x0e,0x0e,0x0e,0xff,0x0e,0x0e,0x0e,0xff,0x0e,0x0e,0x0e,0xff,
    0x0e,0x0e,0x0e,0xff,0x0e,0x0e,0x0e,0xff,0x0e,0x0e,0x0e,0xff,0x0e,0x0e,0x0e,0xff,
    0x0e,0x0e,0x0e,0xff,0x0e,0x0e,0x0e,0xff,0x0e,0x0e,0x0e,0xff,0x0e,0x0e,0x0e,0xff,
    0x0e,0x0e,0x0e,0xff,0x0e,0x0e,0x0e,0xff,0x0e,0x0e,0x0e,0xff,0x0e,0x0e,0x0e,0xff,
    0x0e,0x0e,0x0e,0xff,0x0e,0x0e,0x0e,0xff,0x0e,0x0e,0x0e,0xff,0x0e,0x0e,0x0e,0xff,
    0x0e,0x0e,0x0e,0xff,0x0e,0x0e,0x0e,0xff,0x0e,0x0e,0x0e,0xff,0x0e,0x0e,0x0e,0xff,
    0x0e,0x0e,0x0e,0xff,0x0e,0x0e,0x0e,0xff,0x0e,0x0e,0x0e,0xff,0x0e,0x0e,0x0e,0xff,
    0x0e,0x0e,0x0e,0xff,0x0e,0x0e,0x0e,0xff,0x0e,0x0e,0x0e,0xff,0x0e,0x0e,0x0e,0xff,
    0x0e,0x0e,0x0e,0xff,0x0e,0x0e,0x0e,0xff,0x0e,0x0e,0x0e,0xff,0x0e,0x0e,0x0e,0xff,
    0x0e,0x0e,0x0e,0xff,0x0e,0x0e,0x0e,0xff,0x0e,0x0e,0x0e,0xff,0x0e,0x0e,0x0e,0xff,
    0x0e,0x0e,0x0e,0xff,0x0e,0x0e,0x0e,0xff,0x0e,0x0e,0x0e,0xff,0x0e,0x0e,0x0e,0xff,
    0x0e,0x0e,0x0e,0xff,0x0e,0x0e,0x0e,0xff,0x0e,0x0e,0x0e,0xff,0x0e,0x0e,0x0e,0xff,
    0x0e,0x0e,0x0e,0xff,0x0e,0x0e,0x0e,0xff,0x0e,0x0e,0x0e,0xff,0x0e,0x0e,0x0e,0xff,
    0x0e,0x0e,0x0e,0xff,0x0e,0x0e,0x0e,0xff,0x0e,0x0e,0x0e,0xff,0x0e,0x0e,0x0e,0xff,
    0x0e,0x0e,0x0e,0xff,0x0e,0x0e,0x0e,0xff,0x0e,0x0e,0x0e,0xff,0x0e,0x0e,0x0e,0xff,
    0x0e,0x0e,0x0e,0xff,0x0e,0x0e,0x0e,0xff,0x0e,0x0e,0x0e,0xff,0x0e,0x0e,0x0e,0xff,
    0x0e,0x0e,0x0e,0xff,0x0e,0x0e,0x0e,0xff,0x0e,0x0e,0x0e,0xff,0x0e,0x0e,0x0e,0xff,
    0x0e,0x0e,0x0e,0xff,0x0e,0x0e,0x0e,0xff,0x0e,0x0e,0x0e,0xff,0x0e,0x0e,0x0e,0xff,
    0x0e,0x0e,0x0e,0xff,0x0e,0x0e,0x0e,0xff,0x0e,0x0e,0x0e,0xff,0x0e,0x0e,0x0e,0xff,
    0x0e,0x0e,0x0e,0xff,0x0e,0x0e,0x0e,0xff,0x0e,0x0e,0x0e,0xff,0x0e,0x0e,0x0e,0xff,
    0x0e,0x0e,0x0e,0xff,0x0e,0x0e,0x0e,0xff,0x0e,0x0e,0x0e,0xff,0x0e,0x0e,0x0e,0xff,
    0x0e,0x0e,0x0e,0xff,0x0e,0x0e,0x0e,0xff,0x0e,0x0e,0x0e,0xff,0x0e,0x0e,0x0e,0xff,
    0x0e,0x0e,0x0e,0xff,0x0e,0x0e,0x0e,0xff,0x0e,0x0e,0x0e,0xff,0x0e,0x0e,0x0e,0xff,
    0x0e,0x0e,0x0e,0xff,0x0e,0x0e,0x0e,0xff,0x0e,0x0e,0x0e,0xff,0x0e,0x0e,0x0e,0xff,
    0x0e,0x0e,0x0e,0xff,0x0e,0x0e,0x0e,0xff,0x0e,0x0e,0x0e,0xff,0x0e,0x0e,0x0e,0xff,
    0x0e,0x0e,0x0e,0xff,0x0e,0x0e,0x0e,0xff,0x0e,0x0e,0x0e,0xff,0x0e,0x0e,0x0e,0xff,
    0x0e,0x0e,0x0e,0xff,0x0e,0x0e,0x0e,0xff,0x0e,0x0e,0x0e,0xff,0x0e,0x0e,0x0e,0xff,
    0x0e,0x0e,0x0e,0xff,0x0e,0x0e,0x0e,0xff,0x0e,0x0e,0x0e,0xff,0x0e,0x0e,0x0e,0xff,
    0x0e,0x0e,0x0e,0xff,0x0e,0x0e,0x0e,0xff,0x0e,0x0e,0x0e,0xff,0x0e,0x0e,0x0e,0xff,
    0x0e,0x0e,0x0e,0xff,0x0e,0x0e,0x0e,0xff,0x0e,0x0e,0x0e,0xff,0x0e,0x0e,0x0e,0xff,
    0x0e,0x0e,0x0e,0xff,0x0e,0x0e,0x0e,0xff,0x0e,0x0e,0x0e,0xff,0x0e,0x0e,0x0e,0xff,
    0x0e,0x0e,0x0e,0xff,0x0e,0x0e,0x0e,0xff,0x0e,0x0e,0x0e,0xff,0x0e,0x0e,0x0e,0xff,
    0x0e,0x0e,0x0e,0xff,0x0e,0x0e,0x0e,0xff,0x0e,0x0e,0x0e,0xff,0x0e,0x0e,0x0e,0xff,
    0x0e,0x0e,0x0e,0xff,0x0e,0x0e,0x0e,0xff,0x0e,0x0e,0x0e,0xff,0x0e,0x0e,0x0e,0xff,
    0x0e,0x0e,0x0e,0xff,0x0e,0x0e,0x0e,0xff,0x0e,0x0e,0x0e,0xff,0x0e,0x0e,0x0e,0xff,
    0x0e,0x0e,0x0e,0xff,0x0e,0x0e,0x0e,0xff,0x0e,0x0e,0x0e,0xff,0x0e,0x0e,0x0e,0xff,
    0x0e,0x0e,0x0e,0xff,0x0e,0x0e,0x0e,0xff,0x0e,0x0e,0x0e,0xff,0x0e,0x0e,0x0e,0xff,
    0x0e,0x0e,0x0e,0xff,0x0e,0x0e,0x0e,0xff,0x0e,0x0e,0x0e,0xff,0x0e,0x0e,0x0e,0xff,
    0x0e,0x0e,0x0e,0xff,0x0e,0x0e,0x0e,0xff,0x0e,0x0e,0x0e,0xff,0x0e,0x0e,0x0e,0xff,
    0x0e,0x0e,0x0e,0xff,0x0e,0x0e,0x0e,0xff,0x0e,0x0e,0x0e,0xff,0x0e,0x0e,0x0e,0xff,
    0x0e,0x0e,0x0e,0xff,0x0e,0x0e,0x0e,0xff,0x0e,0x0e,0x0e,0xff,0x0e,0x0e,0x0e,0xff,
    0x0e,0x0e,0x0e,0xff,0x0e,0x0e,0x0e,0xff,0x0e,0x0e,0x0e,0xff,0x0e,0x0e,0x0e,0xff,
    0x0e,0x0e,0x0e,0xff,0x0e,0x0e,0x0e,0xff,0x0e,0x0e,0x0e,0xff,0x0e,0x0e,0x0e,0xff,
    0x0e,0x0e,0x0e,0xff,0x0e,0x0e,0x0e,0xff,0x0e,0x0e,0x0e,0xff,0x0e,0x0e,0x0e,0xff,
    0x0e,0x0e,0x0e,0xff,0x0e,0x0e,0x0e,0xff,0x0e,0x0e,0x0e,0xff,0x0e,0x0e,0x0e,0xff,
    0x0e,0x0e,0x0e,0xff,0x0e,0x0e,0x0e,0xff,0x0e,0x0e,0x0e,0xff,0x0e,0x0e,0x0e,0xff,
    0x0e,0x0e,0x0e,0xff,0x0e,0x0e,0x0e,0xff,0x0e,0x0e,0x0e,0xff,0x0e,0x0e,0x0e,0xff,
    0x0e,0x0e,0x0e,0xff,0x0e,0x0e,0x0e,0xff,0x0e,0x0e,0x0e,0xff,0x0e,0x0e,0x0e,0xff,
    0x0e,0x0e,0x0e,0xff,0x0e,0x0e,0x0e,0xff,0x0e,0x0e,0x0e,0xff,0x0e,0x0e,0x0e,0xff,
    0x0e,0x0e,0x0e,0xff,0x0e,0x0e,0x0e,0xff,0x0e,0x0e,0x0e,0xff,0x0e,0x0e,0x0e,0xff,
    0x0e,0x0e,0x0e,0xff,0x0e,0x0e,0x0e,0xff,0x0e,0x0e,0x0e,0xff,0x0e,0x0e,0x0e,0xff,
    0x0e,0x0e,0x0e,0xff,0x0e,0x0e,0x0e,0xff,0x0e,0x0e,0x0e,0xff,0x0e,0x0e,0x0e,0xff,
    0x0e,0x0e,0x0e,0xff,0x0e,0x0e,0x0e,0xff,0x0e,0x0e,0x0e,0xff,0x0e,0x0e,0x0e,0xff,
    0x0e,0x0e,0x0e,0xff,0x0e,0x0e,0x0e,0xff,0x0e,0x0e,0x0e,0xff,0x0e,0x0e,0x0e,0xff,
    0x0e,0x0e,0x0e,0xff,0x0e,0x0e,0x0e,0xff,0x0e,0x0e,0x0e,0xff,0x0e,0x0e,0x0e,0xff,
    0x0e,0x0e,0x0e,0xff,0x0e,0x0e,0x0e,0xff,0x0e,0x0e,0x0e,0xff,0x0e,0x0e,0x0e,0xff,
    0x0e,0x0e,0x0e,0xff,0x0e,0x0e,0x0e,0xff,0x0e,0x0e,0x0e,0xff,0x0e,0x0e,0x0e,0xff,
    0x0e,0x0e,0x0e,0xff,0x0e,0x0e,0x0e,0xff,0x0e,0x0e,0x0e,0xff,0x0e,0x0e,0x0e,0xff,
    0x0e,0x0e,0x0e,0xff,0x0e,0x0e,0x0e,0xff,0x0e,0x0e,0x0e,0xff,0x0e,0x0e,0x0e,0xff,
    0x0e,0x0e,0x0e,0xff,0x0e,0x0e,0x0e,0xff,0x0e,0x0e,0x0e,0xff,0x0e,0x0e,0x0e,0xff,
    0x0e,0x0e,0x0e,0xff,0x0e,0x0e,0x0e,0xff,0x0e,0x0e,0x0e,0xff,0x0e,0x0e,0x0e,0xff,
    0x0e,0x0e,0x0e,0xff,0x0e,0x0e,0x0e,0xff,0x0e,0x0e,0x0e,0xff,0x0e,0x0e,0x0e,0xff,
    0x0e,0x0e,0x0e,0xff,0x0e,0x0e,0x0e,0xff,0x0e,0x0e,0x0e,0xff,0x0e,0x0e,0x0e,0xff,
    0x0e,0x0e,0x0e,0xff,0x0e,0x0e,0x0e,0xff,0x0e,0x0e,0x0e,0xff,0x0e,0x0e,0x0e,0xff,
    0x0e,0x0e,0x0e,0xff,0x0e,0x0e,0x0e,0xff,0x0e,0x0e,0x0e,0xff,0x0e,0x0e,0x0e,0xff,
    0x0e,0x0e,0x0e,0xff,0x0e,0x0e,0x0e,0xff,0x0e,0x0e,0x0e,0xff,0x0e,0x0e,0x0e,0xff,
    0x0e,0x0e,0x0e,0xff,0x0e,0x0e,0x0e,0xff,0x0e,0x0e,0x0e,0xff,0x0e,0x0e,0x0e,0xff,
    0x0e,0x0e,0x0e,0xff,0x0e,0x0e,0x0e,0xff,0x0e,0x0e,0x0e,0xff,0x0e,0x0e,0x0e,0xff,
    0x0e,0x0e,0x0e,0xff,0x0e,0x0e,0x0e,0xff,0x0e,0x0e,0x0e,0xff,0x0e,0x0e,0x0e,0xff,
    0x0e,0x0e,0x0e,0xff,0x0e,0x0e,0x0e,0xff,0x0e,0x0e,0x0e,0xff,0x0e,0x0e,0x0e,0xff,
    0x0e,0x0e,0x0e,0xff,0x0e,0x0e,0x0e,0xff,0x0e,0x0e,0x0e,0xff,0x0e,0x0e,0x0e,0xff,
    0x0e,0x0e,0x0e,0xff,0x0e,0x0e,0x0e,0xff,0x0e,0x0e,0x0e,0xff,0x0e,0x0e,0x0e,0xff,
    0x0e,0x0e,0x0e,0xff,0x0e,0x0e,0x0e,0xff,0x0e,0x0e,0x0e,0xff,0x0e,0x0e,0x0e,0xff,
    0x0e,0x0e,0x0e,0xff,0x0e,0x0e,0x0e,0xff,0x0e,0x0e,0x0e,0xff,0x0e,0x0e,0x0e,0xff,
    0x0e,0x0e,0x0e,0xff,0x0e,0x0e,0x0e,0xff,0x0e,0x0e,0x0e,0xff,0x0e,0x0e,0x0e,0xff,
    0x0e,0x0e,0x0e,0xff,0x0e,0x0e,0x0e,0xff,0x0e,0x0e,0x0e,0xff,0x0e,0x0e,0x0e,0xff,
    0x0e,0x0e,0x0e,0xff,0x0e,0x0e,0x0e,0xff,0x0e,0x0e,0x0e,0xff,0x0e,0x0e,0x0e,0xff,
    0x0e,0x0e,0x0e,0xff,0x0e,0x0e,0x0e,0xff,0x0e,0x0e,0x0e,0xff,0x0e,0x0e,0x0e,0xff,
    0x0e,0x0e,0x0e,0xff,0x0e,0x0e,0x0e,0xff,0x0e,0x0e,0x0e,0xff,0x0e,0x0e,0x0e,0xff,
    0x0e,0x0e,0x0e,0xff,0x0e,0x0e,0x0e,0xff,0x0e,0x0e,0x0e,0xff,0x0e,0x0e,0x0e,0xff,
    0x0e,0x0e,0x0e,0xff,0x0e,0x0e,0x0e,0xff,0x0e,0x0e,0x0e,0xff,0x0e,0x0e,0x0e,0xff,
    0x0e,0x0e,0x0e,0xff,0x0e,0x0e,0x0e,0xff,0x0e,0x0e,0x0e,0xff,0x0e,0x0e,0x0e,0xff,
    0x0e,0x0e,0x0e,0xff,0x0e,0x0e,0x0e,0xff,0x0e,0x0e,0x0e,0xff,0x0e,0x0e,0x0e,0xff,
    0x0e,0x0e,0x0e,0xff,0x0e,0x0e,0x0e,0xff,0x0e,0x0e,0x0e,0xff,0x0e,0x0e,0x0e,0xff,
    0x0e,0x0e,0x0e,0xff,0x0e,0x0e,0x0e,0xff,0x0e,0x0e,0x0e,0xff,0x0e,0x0e,0x0e,0xff,
    0x0e,0x0e,0x0e,0xff,0x0e,0x0e,0x0e,0xff,0x0e,0x0e,0x0e,0xff,0x0e,0x0e,0x0e,0xff,
    0x0e,0x0e,0x0e,0xff,0x0e,0x0e,0x0e,0xff,0x0e,0x0e,0x0e,0xff,0x0e,0x0e,0x0e,0xff,
    0x0e,0x0e,0x0e,0xff,0x0e,0x0e,0x0e,0xff,0x0e,0x0e,0x0e,0xff,0x0e,0x0e,0x0e,0xff,
    0x0e,0x0e,0x0e,0xff,0x0e,0x0e,0x0e,0xff,0x0e,0x0e,0x0e,0xff,0x0e,0x0e,0x0e,0xff,
    0x0e,0x0e,0x0e,0xff,0x0e,0x0e,0x0e,0xff,0x0e,0x0e,0x0e,0xff,0x0e,0x0e,0x0e,0xff,
    0x0e,0x0e,0x0e,0xff,0x0e,0x0e,0x0e,0xff,0x0e,0x0e,0x0e,0xff,0x0e,0x0e,0x0e,0xff,
    0x0e,0x0e,0x0e,0xff,0x0e,0x0e,0x0e,0xff,0x0e,0x0e,0x0e,0xff,0x0e,0x0e,0x0e,0xff,
    0x0e,0x0e,0x0e,0xff,0x0e,0x0e,0x0e,0xff,0x0e,0x0e,0x0e,0xff,0x0e,0x0e,0x0e,0xff,
    0x0e,0x0e,0x0e,0xff,0x0e,0x0e,0x0e,0xff,0x0e,0x0e,0x0e,0xff,0x0e,0x0e,0x0e,0xff,
    0x0e,0x0e,0x0e,0xff,0x0e,0x0e,0x0e,0xff,0x0e,0x0e,0x0e,0xff,0x0e,0x0e,0x0e,0xff,
    0x0e,0x0e,0x0e,0xff,0x0e,0x0e,0x0e,0xff,0x0e,0x0e,0x0e,0xff,0x0e,0x0e,0x0e,0xff,
    0x0e,0x0e,0x0e,0xff,0x0e,0x0e,0x0e,0xff,0x0e,0x0e,0x0e,0xff,0x0e,0x0e,0x0e,0xff,
    0x0e,0x0e,0x0e,0xff,0x0e,0x0e,0x0e,0xff,0x0e,0x0e,0x0e,0xff,0x0e,0x0e,0x0e,0xff,
    0x0e,0x0e,0x0e,0xff,0x0e,0x0e,0x0e,0xff,0x0e,0x0e,0x0e,0xff,0x0e,0x0e,0x0e,0xff,
    0x0e,0x0e,0x0e,0xff,0x0e,0x0e,0x0e,0xff,0x0e,0x0e,0x0e,0xff,0x0e,0x0e,0x0e,0xff,
    0x0e,0x0e,0x0e,0xff,0x0e,0x0e,0x0e,0xff,0x0e,0x0e,0x0e,0xff,0x0e,0x0e,0x0e,0xff,
    0x0e,0x0e,0x0e,0xff,0x0e,0x0e,0x0e,0xff,0x0e,0x0e,0x0e,0xff,0x0e,0x0e,0x0e,0xff,
    0x0e,0x0e,0x0e,0xff,0x0e,0x0e,0x0e,0xff,0x0e,0x0e,0x0e,0xff,0x0e,0x0e,0x0e,0xff,
    0x0e,0x0e,0x0e,0xff,0x0e,0x0e,0x0e,0xff,0x0e,0x0e,0x0e,0xff,0x0e,0x0e,0x0e,0xff,
    0x0e,0x0e,0x0e,0xff,0x0e,0x0e,0x0e,0xff,0x0e,0x0e,0x0e,0xff,0x0e,0x0e,0x0e,0xff,
    0x0e,0x0e,0x0e,0xff,0x0e,0x0e,0x0e,0xff,0x0e,0x0e,0x0e,0xff,0x0e,0x0e,0x0e,0xff,
    0x0e,0x0e,0x0e,0xff,0x0e,0x0e,0x0e,0xff,0x0e,0x0e,0x0e,0xff,0x0e,0x0e,0x0e,0xff,
    0x0e,0x0e,0x0e,0xff,0x0e,0x0e,0x0e,0xff,0x0e,0x0e,0x0e,0xff,0x0e,0x0e,0x0e,0xff,
    0x0e,0x0e,0x0e,0xff,0x0e,0x0e,0x0e,0xff,0x0e,0x0e,0x0e,0xff,0x0e,0x0e,0x0e,0xff,
    0x0e,0x0e,0x0e,0xff,0x0e,0x0e,0x0e,0xff,0x0e,0x0e,0x0e,0xff,0x0e,0x0e,0x0e,0xff,
    0x0e,0x0e,0x0e,0xff,0x0e,0x0e,0x0e,0xff,0x0e,0x0e,0x0e,0xff,0x0e,0x0e,0x0e,0xff,
    0x0e,0x0e,0x0e,0xff,0x0e,0x0e,0x0e,0xff,0x0e,0x0e,0x0e,0xff,0x0e,0x0e,0x0e,0xff,
    0x0e,0x0e,0x0e,0xff,0x0e,0x0e,0x0e,0xff,0x0e,0x0e,0x0e,0xff,0x0e,0x0e,0x0e,0xff,
    0x0e,0x0e,0x0e,0xff,0x0e,0x0e,0x0e,0xff,0x0e,0x0e,0x0e,0xff,0x0e,0x0e,0x0e,0xff,
    0x0e,0x0e,0x0e,0xff,0x0e,0x0e,0x0e,0xff,0x0e,0x0e,0x0e,0xff,0x0e,0x0e,0x0e,0xff,
    0x0e,0x0e,0x0e,0xff,0x0e,0x0e,0x0e,0xff,0x0e,0x0e,0x0e,0xff,0x0e,0x0e,0x0e,0xff,
    0x0e,0x0e,0x0e,0xff,0x0e,0x0e,0x0e,0xff,0x0e,0x0e,0x0e,0xff,0x0e,0x0e,0x0e,0xff,
    0x0e,0x0e,0x0e,0xff,0x0e,0x0e,0x0e,0xff,0x0e,0x0e,0x0e,0xff,0x0e,0x0e,0x0e,0xff,
    0x0e,0x0e,0x0e,0xff,0x0e,0x0e,0x0e,0xff,0x0e,0x0e,0x0e,0xff,0x0e,0x0e,0x0e,0xff,
    0x0e,0x0e,0x0e,0xff,0x0e,0x0e,0x0e,0xff,0x0e,0x0e,0x0e,0xff,0x0e,0x0e,0x0e,0xff,
    0x0e,0x0e,0x0e,0xff,0x0e,0x0e,0x0e,0xff,0x0e,0x0e,0x0e,0xff,0x0e,0x0e,0x0e,0xff,
    0x0e,0x0e,0x0e,0xff,0x0e,0x0e,0x0e,0xff,0x0e,0x0e,0x0e,0xff,0x0e,0x0e,0x0e,0xff,
    0x0e,0x0e,0x0e,0xff,0x0e,0x0e,0x0e,0xff,0x0e,0x0e,0x0e,0xff,0x0e,0x0e,0x0e,0xff,
    0x0e,0x0e,0x0e,0xff,0x0e,0x0e,0x0e,0xff,0x0e,0x0e,0x0e,0xff,0x0e,0x0e,0x0e,0xff,
    0x0e,0x0e,0x0e,0xff,0x0e,0x0e,0x0e,0xff,0x0e,0x0e,0x0e,0xff,0x0e,0x0e,0x0e,0xff,
    0x0e,0x0e,0x0e,0xff,0x0e,0x0e,0x0e,0xff,0x0e,0x0e,0x0e,0xff,0x0e,0x0e,0x0e,0xff,
    0x0e,0x0e,0x0e,0xff,0x0e,0x0e,0x0e,0xff,0x0e,0x0e,0x0e,0xff,0x0e,0x0e,0x0e,0xff,
    0x0e,0x0e,0x0e,0xff,0x0e,0x0e,0x0e,0xff,0x0e,0x0e,0x0e,0xff,0x0e,0x0e,0x0e,0xff,
    0x0e,0x0e,0x0e,0xff,0x0e,0x0e,0x0e,0xff,0x0e,0x0e,0x0e,0xff,0x0e,0x0e,0x0e,0xff,
    0x0e,0x0e,0x0e,0xff,0x0e,0x0e,0x0e,0xff,0x0e,0x0e,0x0e,0xff,0x0e,0x0e,0x0e,0xff,
    0x0e,0x0e,0x0e,0xff,0x0e,0x0e,0x0e,0xff,0x0e,0x0e,0x0e,0xff,0x0e,0x0e,0x0e,0xff,
    0x0e,0x0e,0x0e,0xff,0x0e,0x0e,0x0e,0xff,0x0e,0x0e,0x0e,0xff,0x0e,0x0e,0x0e,0xff,
    0x0e,0x0e,0x0e,0xff,0x0e,0x0e,0x0e,0xff,0x0e,0x0e,0x0e,0xff,0x0e,0x0e,0x0e,0xff,
    0x0e,0x0e,0x0e,0xff,0x0e,0x0e,0x0e,0xff,0x0e,0x0e,0x0e,0xff,0x0e,0x0e,0x0e,0xff,
    0x0e,0x0e,0x0e,0xff,0x0e,0x0e,0x0e,0xff,0x0e,0x0e,0x0e,0xff,0x0e,0x0e,0x0e,0xff,
    0x0e,0x0e,0x0e,0xff,0x0e,0x0e,0x0e,0xff,0x0e,0x0e,0x0e,0xff,0x0e,0x0e,0x0e,0xff,
    0x0e,0x0e,0x0e,0xff,0x0e,0x0e,0x0e,0xff,0x0e,0x0e,0x0e,0xff,0x0e,0x0e,0x0e,0xff,
    0x0e,0x0e,0x0e,0xff,0x0e,0x0e,0x0e,0xff,0x0e,0x0e,0x0e,0xff,0x0e,0x0e,0x0e,0xff,
    0x0e,0x0e,0x0e,0xff,0x0e,0x0e,0x0e,0xff,0x0e,0x0e,0x0e,0xff,0x0e,0x0e,0x0e,0xff,
    0x0e,0x0e,0x0e,0xff,0x0e,0x0e,0x0e,0xff,0x0e,0x0e,0x0e,0xff,0x0e,0x0e,0x0e,0xff,
    0x0e,0x0e,0x0e,0xff,0x0e,0x0e,0x0e,0xff,0x0e,0x0e,0x0e,0xff,0x0e,0x0e,0x0e,0xff,
    0x0e,0x0e,0x0e,0xff,0x0e,0x0e,0x0e,0xff,0x0e,0x0e,0x0e,0xff,0x0e,0x0e,0x0e,0xff,
    0x0e,0x0e,0x0e,0xff,0x0e,0x0e,0x0e,0xff,0x0e,0x0e,0x0e,0xff,0x0e,0x0e,0x0e,0xff,
    0x0e,0x0e,0x0e,0xff,0x0e,0x0e,0x0e,0xff,0x0e,0x0e,0x0e,0xff,0x0e,0x0e,0x0e,0xff,
    0x0e,0x0e,0x0e,0xff,0x0e,0x0e,0x0e,0xff,0x0e,0x0e,0x0e,0xff,0x0e,0x0e,0x0e,0xff,
    0x0e,0x0e,0x0e,0xff,0x0e,0x0e,0x0e,0xff,0x0e,0x0e,0x0e,0xff,0x0e,0x0e,0x0e,0xff,
    0x0e,0x0e,0x0e,0xff,0x0e,0x0e,0x0e,0xff,0x0e,0x0e,0x0e,0xff,0x0e,0x0e,0x0e,0xff,
    0x0e,0x0e,0x0e,0xff,0x0e,0x0e,0x0e,0xff,0x0e,0x0e,0x0e,0xff,0x0e,0x0e,0x0e,0xff,
    0x0e,0x0e,0x0e,0xff,0x0e,0x0e,0x0e,0xff,0x0e,0x0e,0x0e,0xff,0x0e,0x0e,0x0e,0xff,
    0x0e,0x0e,0x0e,0xff,0x0e,0x0e,0x0e,0xff,0x0e,0x0e,0x0e,0xff,0x0e,0x0e,0x0e,0xff,
    0x0e,0x0e,0x0e,0xff,0x0e,0x0e,0x0e,0xff,0x0e,0x0e,0x0e,0xff,0x0e,0x0e,0x0e,0xff,
    0x0e,0x0e,0x0e,0xff,0x0e,0x0e,0x0e,0xff,0x0e,0x0e,0x0e,0xff,0x0e,0x0e,0x0e,0xff,
    0x0e,0x0e,0x0e,0xff,0x0e,0x0e,0x0e,0xff,0x0e,0x0e,0x0e,0xff,0x0e,0x0e,0x0e,0xff,
    0x0e,0x0e,0x0e,0xff,0x0e,0x0e,0x0e,0xff,0x0e,0x0e,0x0e,0xff,0x0e,0x0e,0x0e,0xff,
    0x0e,0x0e,0x0e,0xff,0x0e,0x0e,0x0e,0xff,0x0e,0x0e,0x0e,0xff,0x0e,0x0e,0x0e,0xff,
    0x0e,0x0e,0x0e,0xff,0x0e,0x0e,0x0e,0xff,0x0e,0x0e,0x0e,0xff,0x0e,0x0e,0x0e,0xff,
    0x0e,0x0e,0x0e,0xff,0x0e,0x0e,0x0e,0xff,0x0e,0x0e,0x0e,0xff,0x0e,0x0e,0x0e,0xff,
    0x0e,0x0e,0x0e,0xff,0x0e,0x0e,0x0e,0xff,0x0e,0x0e,0x0e,0xff,0x0e,0x0e,0x0e,0xff,
    0x0e,0x0e,0x0e,0xff,0x0e,0x0e,0x0e,0xff,0x0e,0x0e,0x0e,0xff,0x0e,0x0e,0x0e,0xff,
    0x0e,0x0e,0x0e,0xff,0x0e,0x0e,0x0e,0xff,0x0e,0x0e,0x0e,0xff,0x0e,0x0e,0x0e,0xff,
    0x0e,0x0e,0x0e,0xff,0x0e,0x0e,0x0e,0xff,0x0e,0x0e,0x0e,0xff,0x0e,0x0e,0x0e,0xff,
    0x0e,0x0e,0x0e,0xff,0x0e,0x0e,0x0e,0xff,0x0e,0x0e,0x0e,0xff,0x0e,0x0e,0x0e,0xff,
    0x0e,0x0e,0x0e,0xff,0x0e,0x0e,0x0e,0xff,0x0e,0x0e,0x0e,0xff,0x0e,0x0e,0x0e,0xff,
    0x0e,0x0e,0x0e,0xff,0x0e,0x0e,0x0e,0xff,0x0e,0x0e,0x0e,0xff,0x0e,0x0e,0x0e,0xff,
    0x0e,0x0e,0x0e,0xff,0x0e,0x0e,0x0e,0xff,0x0e,0x0e,0x0e,0xff,0x0e,0x0e,0x0e,0xff,
    0x0e,0x0e,0x0e,0xff,0x0e,0x0e,0x0e,0xff,0x0e,0x0e,0x0e,0xff,0x0e,0x0e,0x0e,0xff,
    0x0e,0x0e,0x0e,0xff,0x0e,0x0e,0x0e,0xff,0x0e,0x0e,0x0e,0xff,0x0e,0x0e,0x0e,0xff,
    0x0e,0x0e,0x0e,0xff,0x0e,0x0e,0x0e,0xff,0x0e,0x0e,0x0e,0xff,0x0e,0x0e,0x0e,0xff,
    0x0e,0x0e,0x0e,0xff,0x0e,0x0e,0x0e,0xff,0x0e,0x0e,0x0e,0xff,0x0e,0x0e,0x0e,0xff,
    0x0e,0x0e,0x0e,0xff,0x0e,0x0e,0x0e,0xff,0x0e,0x0e,0x0e,0xff,0x0e,0x0e,0x0e,0xff,
    0x0e,0x0e,0x0e,0xff,0x0e,0x0e,0x0e,0xff,0x0e,0x0e,0x0e,0xff,0x0e,0x0e,0x0e,0xff,
    0x0e,0x0e,0x0e,0xff,0x0e,0x0e,0x0e,0xff,0x0e,0x0e,0x0e,0xff,0x0e,0x0e,0x0e,0xff,
    0x0e,0x0e,0x0e,0xff,0x0e,0x0e,0x0e,0xff,0x0e,0x0e,0x0e,0xff,0x0e,0x0e,0x0e,0xff,
    0x0e,0x0e,0x0e,0xff,0x0e,0x0e,0x0e,0xff,0x0e,0x0e,0x0e,0xff,0x0e,0x0e,0x0e,0xff,
    0x0e,0x0e,0x0e,0xff,0x0e,0x0e,0x0e,0xff,0x0e,0x0e,0x0e,0xff,0x0e,0x0e,0x0e,0xff,
    0x0e,0x0e,0x0e,0xff,0x0e,0x0e,0x0e,0xff,0x0e,0x0e,0x0e,0xff,0x0e,0x0e,0x0e,0xff,
    0x0e,0x0e,0x0e,0xff,0x0e,0x0e,0x0e,0xff,0x0e,0x0e,0x0e,0xff,0x0e,0x0e,0x0e,0xff,
    0x0e,0x0e,0x0e,0xff,0x0e,0x0e,0x0e,0xff,0x0e,0x0e,0x0e,0xff,0x0e,0x0e,0x0e,0xff,
    0x0e,0x0e,0x0e,0xff,0x0e,0x0e,0x0e,0xff,0x0e,0x0e,0x0e,0xff,0x0e,0x0e,0x0e,0xff,
    0x0e,0x0e,0x0e,0xff,0x0e,0x0e,0x0e,0xff,0x0e,0x0e,0x0e,0xff,0x0e,0x0e,0x0e,0xff,
    0x0e,0x0e,0x0e,0xff,0x0e,0x0e,0x0e,0xff,0x0e,0x0e,0x0e,0xff,0x0e,0x0e,0x0e,0xff,
    0x0e,0x0e,0x0e,0xff,0x0e,0x0e,0x0e,0xff,0x0e,0x0e,0x0e,0xff,0x0e,0x0e,0x0e,0xff,
    0x0e,0x0e,0x0e,0xff,0x0e,0x0e,0x0e,0xff,0x0e,0x0e,0x0e,0xff,0x0e,0x0e,0x0e,0xff,
    0x0e,0x0e,0x0e,0xff,0x0e,0x0e,0x0e,0xff,0x0e,0x0e,0x0e,0xff,0x0e,0x0e,0x0e,0xff,
    0x0e,0x0e,0x0e,0xff,0x0e,0x0e,0x0e,0xff,0x0e,0x0e,0x0e,0xff,0x0e,0x0e,0x0e,0xff,
    0x0e,0x0e,0x0e,0xff,0x0e,0x0e,0x0e,0xff,0x0e,0x0e,0x0e,0xff,0x0e,0x0e,0x0e,0xff,
    0x0e,0x0e,0x0e,0xff,0x0e,0x0e,0x0e,0xff,0x0e,0x0e,0x0e,0xff,0x0e,0x0e,0x0e,0xff,
    0x0e,0x0e,0x0e,0xff,0x0e,0x0e,0x0e,0xff,0x0e,0x0e,0x0e,0xff,0x0e,0x0e,0x0e,0xff,
    0x0e,0x0e,0x0e,0xff,0x0e,0x0e,0x0e,0xff,0x0e,0x0e,0x0e,0xff,0x0e,0x0e,0x0e,0xff,
    0x0e,0x0e,0x0e,0xff,0x0e,0x0e,0x0e,0xff,0x0e,0x0e,0x0e,0xff,0x0e,0x0e,0x0e,0xff,
    0x0e,0x0e,0x0e,0xff,0x0e,0x0e,0x0e,0xff,0x0e,0x0e,0x0e,0xff,0x0e,0x0e,0x0e,0xff,
    0x0e,0x0e,0x0e,0xff,0x0e,0x0e,0x0e,0xff,0x0e,0x0e,0x0e,0xff,0x0e,0x0e,0x0e,0xff,
    0x0e,0x0e,0x0e,0xff,0x0e,0x0e,0x0e,0xff,0x0e,0x0e,0x0e,0xff,0x0e,0x0e,0x0e,0xff,
    0x0e,0x0e,0x0e,0xff,0x0e,0x0e,0x0e,0xff,0x0e,0x0e,0x0e,0xff,0x0e,0x0e,0x0e,0xff,
    0x0e,0x0e,0x0e,0xff,0x0e,0x0e,0x0e,0xff,0x0e,0x0e,0x0e,0xff,0x0e,0x0e,0x0e,0xff,
    0x0e,0x0e,0x0e,0xff,0x0e,0x0e,0x0e,0xff,0x0e,0x0e,0x0e,0xff,0x0e,0x0e,0x0e,0xff,
    0x0e,0x0e,0x0e,0xff,0x0e,0x0e,0x0e,0xff,0x0e,0x0e,0x0e,0xff,0x0e,0x0e,0x0e,0xff,
    0x0e,0x0e,0x0e,0xff,0x0e,0x0e,0x0e,0xff,0x0e,0x0e,0x0e,0xff,0x0e,0x0e,0x0e,0xff,
    0x0e,0x0e,0x0e,0xff,0x0e,0x0e,0x0e,0xff,0x0e,0x0e,0x0e,0xff,0x0e,0x0e,0x0e,0xff,
    0x0e,0x0e,0x0e,0xff,0x0e,0x0e,0x0e,0xff,0x0e,0x0e,0x0e,0xff,0x0e,0x0e,0x0e,0xff,
    0x0e,0x0e,0x0e,0xff,0x0e,0x0e,0x0e,0xff,0x0e,0x0e,0x0e,0xff,0x0e,0x0e,0x0e,0xff,
    0x0e,0x0e,0x0e,0xff,0x0e,0x0e,0x0e,0xff,0x0e,0x0e,0x0e,0xff,0x0e,0x0e,0x0e,0xff,
    0x0e,0x0e,0x0e,0xff,0x0e,0x0e,0x0e,0xff,0x0e,0x0e,0x0e,0xff,0x0e,0x0e,0x0e,0xff,
    0x0e,0x0e,0x0e,0xff,0x0e,0x0e,0x0e,0xff,0x0e,0x0e,0x0e,0xff,0x0e,0x0e,0x0e,0xff,
    0x0e,0x0e,0x0e,0xff,0x0e,0x0e,0x0e,0xff,0x0e,0x0e,0x0e,0xff,0x0e,0x0e,0x0e,0xff,
    0x0e,0x0e,0x0e,0xff,0x0e,0x0e,0x0e,0xff,0x0e,0x0e,0x0e,0xff,0x0e,0x0e,0x0e,0xff,
    0x0e,0x0e,0x0e,0xff,0x0e,0x0e,0x0e,0xff,0x0e,0x0e,0x0e,0xff,0x0e,0x0e,0x0e,0xff,
    0x0e,0x0e,0x0e,0xff,0x0e,0x0e,0x0e,0xff,0x0e,0x0e,0x0e,0xff,0x0e,0x0e,0x0e,0xff,
    0x0e,0x0e,0x0e,0xff,0x0e,0x0e,0x0e,0xff,0x0e,0x0e,0x0e,0xff,0x0e,0x0e,0x0e,0xff,
    0x0e,0x0e,0x0e,0xff,0x0e,0x0e,0x0e,0xff,0x0e,0x0e,0x0e,0xff,0x0e,0x0e,0x0e,0xff,
    0x0e,0x0e,0x0e,0xff,0x0e,0x0e,0x0e,0xff,0x0e,0x0e,0x0e,0xff,0x0e,0x0e,0x0e,0xff,
    0x0e,0x0e,0x0e,0xff,0x0e,0x0e,0x0e,0xff,0x0e,0x0e,0x0e,0xff,0x0e,0x0e,0x0e,0xff,
    0x0e,0x0e,0x0e,0xff,0x0e,0x0e,0x0e,0xff,0x0e,0x0e,0x0e,0xff,0x0e,0x0e,0x0e,0xff,
    0x0e,0x0e,0x0e,0xff,0x0e,0x0e,0x0e,0xff,0x0e,0x0e,0x0e,0xff,0x0e,0x0e,0x0e,0xff,
    0x0e,0x0e,0x0e,0xff,0x0e,0x0e,0x0e,0xff,0x0e,0x0e,0x0e,0xff,0x0e,0x0e,0x0e,0xff,
    0x0e,0x0e,0x0e,0xff,0x0e,0x0e,0x0e,0xff,0x0e,0x0e,0x0e,0xff,0x0e,0x0e,0x0e,0xff,
    0x0e,0x0e,0x0e,0xff,0x0e,0x0e,0x0e,0xff,0x0e,0x0e,0x0e,0xff,0x0e,0x0e,0x0e,0xff,
    0x0e,0x0e,0x0e,0xff,0x0e,0x0e,0x0e,0xff,0x0e,0x0e,0x0e,0xff,0x0e,0x0e,0x0e,0xff,
    0x0e,0x0e,0x0e,0xff,0x0e,0x0e,0x0e,0xff,0x0e,0x0e,0x0e,0xff,0x0e,0x0e,0x0e,0xff,
    0x0e,0x0e,0x0e,0xff,0x0e,0x0e,0x0e,0xff,0x0e,0x0e,0x0e,0xff,0x0e,0x0e,0x0e,0xff,
    0x0e,0x0e,0x0e,0xff,0x0e,0x0e,0x0e,0xff,0x0e,0x0e,0x0e,0xff,0x0e,0x0e,0x0e,0xff,
    0x0e,0x0e,0x0e,0xff,0x0e,0x0e,0x0e,0xff,0x0e,0x0e,0x0e,0xff,0x0e,0x0e,0x0e,0xff,
    0x0e,0x0e,0x0e,0xff,0x0e,0x0e,0x0e,0xff,0x0e,0x0e,0x0e,0xff,0x0e,0x0e,0x0e,0xff,
    0x0e,0x0e,0x0e,0xff,0x0e,0x0e,0x0e,0xff,0x0e,0x0e,0x0e,0xff,0x0e,0x0e,0x0e,0xff,
    0x0e,0x0e,0x0e,0xff,0x0e,0x0e,0x0e,0xff,0x0e,0x0e,0x0e,0xff,0x0e,0x0e,0x0e,0xff,
    0x0e,0x0e,0x0e,0xff,0x0e,0x0e,0x0e,0xff,0x0e,0x0e,0x0e,0xff,0x0e,0x0e,0x0e,0xff,
    0x0e,0x0e,0x0e,0xff,0x0e,0x0e,0x0e,0xff,0x0e,0x0e,0x0e,0xff,0x0e,0x0e,0x0e,0xff,
    0x0e,0x0e,0x0e,0xff,0x0e,0x0e,0x0e,0xff,0x0e,0x0e,0x0e,0xff,0x0e,0x0e,0x0e,0xff,
    0x0e,0x0e,0x0e,0xff,0x0e,0x0e,0x0e,0xff,0x0e,0x0e,0x0e,0xff,0x0e,0x0e,0x0e,0xff,
    0x0e,0x0e,0x0e,0xff,0x0e,0x0e,0x0e,0xff,0x0e,0x0e,0x0e,0xff,0x0e,0x0e,0x0e,0xff,
    0x0e,0x0e,0x0e,0xff,0x0e,0x0e,0x0e,0xff,0x0e,0x0e,0x0e,0xff,0x0e,0x0e,0x0e,0xff,
    0x0e,0x0e,0x0e,0xff,0x0e,0x0e,0x0e,0xff,0x0e,0x0e,0x0e,0xff,0x0e,0x0e,0x0e,0xff,
    0x0e,0x0e,0x0e,0xff,0x0e,0x0e,0x0e,0xff,0x0e,0x0e,0x0e,0xff,0x0e,0x0e,0x0e,0xff,
    0x0e,0x0e,0x0e,0xff,0x0e,0x0e,0x0e,0xff,0x0e,0x0e,0x0e,0xff,0x0e,0x0e,0x0e,0xff,
    0x0e,0x0e,0x0e,0xff,0x0e,0x0e,0x0e,0xff,0x0e,0x0e,0x0e,0xff,0x0e,0x0e,0x0e,0xff,
    0x0e,0x0e,0x0e,0xff,0x0e,0x0e,0x0e,0xff,0x0e,0x0e,0x0e,0xff,0x0e,0x0e,0x0e,0xff,
    0x0e,0x0e,0x0e,0xff,0x0e,0x0e,0x0e,0xff,0x0e,0x0e,0x0e,0xff,0x0e,0x0e,0x0e,0xff,
    0x0e,0x0e,0x0e,0xff,0x0e,0x0e,0x0e,0xff,0x0e,0x0e,0x0e,0xff,0x0e,0x0e,0x0e,0xff,
    0x0e,0x0e,0x0e,0xff,0x0e,0x0e,0x0e,0xff,0x0e,0x0e,0x0e,0xff,0x0e,0x0e,0x0e,0xff,
    0x0e,0x0e,0x0e,0xff,0x0e,0x0e,0x0e,0xff,0x0e,0x0e,0x0e,0xff,0x0e,0x0e,0x0e,0xff,
    0x0e,0x0e,0x0e,0xff,0x0e,0x0e,0x0e,0xff,0x0e,0x0e,0x0e,0xff,0x0e,0x0e,0x0e,0xff,
    0x0e,0x0e,0x0e,0xff,0x0e,0x0e,0x0e,0xff,0x0e,0x0e,0x0e,0xff,0x0e,0x0e,0x0e,0xff,
    0x0e,0x0e,0x0e,0xff,0x0e,0x0e,0x0e,0xff,0x0e,0x0e,0x0e,0xff,0x0e,0x0e,0x0e,0xff,
    0x0e,0x0e,0x0e,0xff,0x0e,0x0e,0x0e,0xff,0x0e,0x0e,0x0e,0xff,0x0e,0x0e,0x0e,0xff,
    0x0e,0x0e,0x0e,0xff,0x0e,0x0e,0x0e,0xff,0x0e,0x0e,0x0e,0xff,0x0e,0x0e,0x0e,0xff,
    0x0e,0x0e,0x0e,0xff,0x0e,0x0e,0x0e,0xff,0x0e,0x0e,0x0e,0xff,0x0e,0x0e,0x0e,0xff,
    0x0e,0x0e,0x0e,0xff,0x0e,0x0e,0x0e,0xff,0x0e,0x0e,0x0e,0xff,0x0e,0x0e,0x0e,0xff,
    0x0e,0x0e,0x0e,0xff,0x0e,0x0e,0x0e,0xff,0x0e,0x0e,0x0e,0xff,0x0e,0x0e,0x0e,0xff,
    0x0e,0x0e,0x0e,0xff,0x0e,0x0e,0x0e,0xff,0x0e,0x0e,0x0e,0xff,0x0e,0x0e,0x0e,0xff,
    0x0e,0x0e,0x0e,0xff,0x0e,0x0e,0x0e,0xff,0x0e,0x0e,0x0e,0xff,0x0e,0x0e,0x0e,0xff,
    0x0e,0x0e,0x0e,0xff,0x0e,0x0e,0x0e,0xff,0x0e,0x0e,0x0e,0xff,0x0e,0x0e,0x0e,0xff,
    0x0e,0x0e,0x0e,0xff,0x0e,0x0e,0x0e,0xff,0x0e,0x0e,0x0e,0xff,0x0e,0x0e,0x0e,0xff,
    0x0e,0x0e,0x0e,0xff,0x0e,0x0e,0x0e,0xff,0x0e,0x0e,0x0e,0xff,0x0e,0x0e,0x0e,0xff,
    0x0e,0x0e,0x0e,0xff,0x0e,0x0e,0x0e,0xff,0x0e,0x0e,0x0e,0xff,0x0e,0x0e,0x0e,0xff,
    0x0e,0x0e,0x0e,0xff,0x0e,0x0e,0x0e,0xff,0x0e,0x0e,0x0e,0xff,0x0e,0x0e,0x0e,0xff,
    0x0e,0x0e,0x0e,0xff,0x0e,0x0e,0x0e,0xff,0x0e,0x0e,0x0e,0xff,0x0e,0x0e,0x0e,0xff,
    0x0e,0x0e,0x0e,0xff,0x0e,0x0e,0x0e,0xff,0x0e,0x0e,0x0e,0xff,0x0e,0x0e,0x0e,0xff,
    0x0e,0x0e,0x0e,0xff,0x0e,0x0e,0x0e,0xff,0x0e,0x0e,0x0e,0xff,0x0e,0x0e,0x0e,0xff,
    0x0e,0x0e,0x0e,0xff,0x0e,0x0e,0x0e,0xff,0x0e,0x0e,0x0e,0xff,0x0e,0x0e,0x0e,0xff,
    0x0e,0x0e,0x0e,0xff,0x0e,0x0e,0x0e,0xff,0x0e,0x0e,0x0e,0xff,0x0e,0x0e,0x0e,0xff,
    0x0e,0x0e,0x0e,0xff,0x0e,0x0e,0x0e,0xff,0x0e,0x0e,0x0e,0xff,0x0e,0x0e,0x0e,0xff,
    0x0e,0x0e,0x0e,0xff,0x0e,0x0e,0x0e,0xff,0x0e,0x0e,0x0e,0xff,0x0e,0x0e,0x0e,0xff,
    0x0e,0x0e,0x0e,0xff,0x0e,0x0e,0x0e,0xff,0x0e,0x0e,0x0e,0xff,0x0e,0x0e,0x0e,0xff,
    0x0e,0x0e,0x0e,0xff,0x0e,0x0e,0x0e,0xff,0x0e,0x0e,0x0e,0xff,0x0e,0x0e,0x0e,0xff,
    0x0e,0x0e,0x0e,0xff,0x0e,0x0e,0x0e,0xff,0x0e,0x0e,0x0e,0xff,0x0e,0x0e,0x0e,0xff,
    0x0e,0x0e,0x0e,0xff,0x0e,0x0e,0x0e,0xff,0x0e,0x0e,0x0e,0xff,0x0e,0x0e,0x0e,0xff,
    0x0e,0x0e,0x0e,0xff,0x0e,0x0e,0x0e,0xff,0x0e,0x0e,0x0e,0xff,0x0e,0x0e,0x0e,0xff,
    0x0e,0x0e,0x0e,0xff,0x0e,0x0e,0x0e,0xff,0x0e,0x0e,0x0e,0xff,0x0e,0x0e,0x0e,0xff,
    0x0e,0x0e,0x0e,0xff,0x0e,0x0e,0x0e,0xff,0x0e,0x0e,0x0e,0xff,0x0e,0x0e,0x0e,0xff,
    0x0e,0x0e,0x0e,0xff,0x0e,0x0e,0x0e,0xff,0x0e,0x0e,0x0e,0xff,0x0e,0x0e,0x0e,0xff,
    0x0e,0x0e,0x0e,0xff,0x0e,0x0e,0x0e,0xff,0x0e,0x0e,0x0e,0xff,0x0e,0x0e,0x0e,0xff,
    0x0e,0x0e,0x0e,0xff,0x0e,0x0e,0x0e,0xff,0x0e,0x0e,0x0e,0xff,0x0e,0x0e,0x0e,0xff,
    0x0e,0x0e,0x0e,0xff,0x0e,0x0e,0x0e,0xff,0x0e,0x0e,0x0e,0xff,0x0e,0x0e,0x0e,0xff,
    0x0e,0x0e,0x0e,0xff,0x0e,0x0e,0x0e,0xff,0x0e,0x0e,0x0e,0xff,0x0e,0x0e,0x0e,0xff,
    0x0e,0x0e,0x0e,0xff,0x0e,0x0e,0x0e,0xff,0x0e,0x0e,0x0e,0xff,0x0e,0x0e,0x0e,0xff,
    0x0e,0x0e,0x0e,0xff,0x0e,0x0e,0x0e,0xff,0x0e,0x0e,0x0e,0xff,0x0e,0x0e,0x0e,0xff,
    0x0e,0x0e,0x0e,0xff,0x0e,0x0e,0x0e,0xff,0x0e,0x0e,0x0e,0xff,0x0e,0x0e,0x0e,0xff,
    0x0e,0x0e,0x0e,0xff,0x0e,0x0e,0x0e,0xff,0x0e,0x0e,0x0e,0xff,0x0e,0x0e,0x0e,0xff,
    0x0e,0x0e,0x0e,0xff,0x0e,0x0e,0x0e,0xff,0x0e,0x0e,0x0e,0xff,0x0e,0x0e,0x0e,0xff,
    0x0e,0x0e,0x0e,0xff,0x0e,0x0e,0x0e,0xff,0x0e,0x0e,0x0e,0xff,0x0e,0x0e,0x0e,0xff,
    0x0e,0x0e,0x0e,0xff,0x0e,0x0e,0x0e,0xff,0x0e,0x0e,0x0e,0xff,0x0e,0x0e,0x0e,0xff,
    0x0e,0x0e,0x0e,0xff,0x0e,0x0e,0x0e,0xff,0x0e,0x0e,0x0e,0xff,0x0e,0x0e,0x0e,0xff,
    0x0e,0x0e,0x0e,0xff,0x0e,0x0e,0x0e,0xff,0x0e,0x0e,0x0e,0xff,0x0e,0x0e,0x0e,0xff,
    0x0e,0x0e,0x0e,0xff,0x0e,0x0e,0x0e,0xff,0x0e,0x0e,0x0e,0xff,0x0e,0x0e,0x0e,0xff,
    0x0e,0x0e,0x0e,0xff,0x0e,0x0e,0x0e,0xff,0x0e,0x0e,0x0e,0xff,0x0e,0x0e,0x0e,0xff,
    0x0e,0x0e,0x0e,0xff,0x0e,0x0e,0x0e,0xff,0x0e,0x0e,0x0e,0xff,0x0e,0x0e,0x0e,0xff,
    0x0e,0x0e,0x0e,0xff,0x0e,0x0e,0x0e,0xff,0x0e,0x0e,0x0e,0xff,0x0e,0x0e,0x0e,0xff,
    0x0e,0x0e,0x0e,0xff,0x0e,0x0e,0x0e,0xff,0x0e,0x0e,0x0e,0xff,0x0e,0x0e,0x0e,0xff,
    0x0e,0x0e,0x0e,0xff,0x0e,0x0e,0x0e,0xff,0x0e,0x0e,0x0e,0xff,0x0e,0x0e,0x0e,0xff,
    0x0e,0x0e,0x0e,0xff,0x0e,0x0e,0x0e,0xff,0x0e,0x0e,0x0e,0xff,0x0e,0x0e,0x0e,0xff,
    0x0e,0x0e,0x0e,0xff,0x0e,0x0e,0x0e,0xff,0x0e,0x0e,0x0e,0xff,0x0e,0x0e,0x0e,0xff,
    0x0e,0x0e,0x0e,0xff,0x0e,0x0e,0x0e,0xff,0x0e,0x0e,0x0e,0xff,0x0e,0x0e,0x0e,0xff,
    0x0e,0x0e,0x0e,0xff,0x0e,0x0e,0x0e,0xff,0x0e,0x0e,0x0e,0xff,0x0e,0x0e,0x0e,0xff,
    0x0e,0x0e,0x0e,0xff,0x0e,0x0e,0x0e,0xff,0x0e,0x0e,0x0e,0xff,0x0e,0x0e,0x0e,0xff,
    0x0e,0x0e,0x0e,0xff,0x0e,0x0e,0x0e,0xff,0x0e,0x0e,0x0e,0xff,0x0e,0x0e,0x0e,0xff,
    0x0e,0x0e,0x0e,0xff,0x0e,0x0e,0x0e,0xff,0x0e,0x0e,0x0e,0xff,0x0e,0x0e,0x0e,0xff,
    0x0e,0x0e,0x0e,0xff,0x0e,0x0e,0x0e,0xff,0x0e,0x0e,0x0e,0xff,0x0e,0x0e,0x0e,0xff,
    0x0e,0x0e,0x0e,0xff,0x0e,0x0e,0x0e,0xff,0x0e,0x0e,0x0e,0xff,0x0e,0x0e,0x0e,0xff,
    0x0e,0x0e,0x0e,0xff,0x0e,0x0e,0x0e,0xff,0x0e,0x0e,0x0e,0xff,0x0e,0x0e,0x0e,0xff,
    0x0e,0x0e,0x0e,0xff,0x0e,0x0e,0x0e,0xff,0x0e,0x0e,0x0e,0xff,0x0e,0x0e,0x0e,0xff,
    0x0e,0x0e,0x0e,0xff,0x0e,0x0e,0x0e,0xff,0x0e,0x0e,0x0e,0xff,0x0e,0x0e,0x0e,0xff,
    0x0e,0x0e,0x0e,0xff,0x0e,0x0e,0x0e,0xff,0x0e,0x0e,0x0e,0xff,0x0e,0x0e,0x0e,0xff,
    0x0e,0x0e,0x0e,0xff,0x0e,0x0e,0x0e,0xff,0x0e,0x0e,0x0e,0xff,0x0e,0x0e,0x0e,0xff,
    0x0e,0x0e,0x0e,0xff,0x0e,0x0e,0x0e,0xff,0x0e,0x0e,0x0e,0xff,0x0e,0x0e,0x0e,0xff,
    0x0e,0x0e,0x0e,0xff,0x0e,0x0e,0x0e,0xff,0x0e,0x0e,0x0e,0xff,0x0e,0x0e,0x0e,0xff,
    0x0e,0x0e,0x0e,0xff,0x0e,0x0e,0x0e,0xff,0x0e,0x0e,0x0e,0xff,0x0e,0x0e,0x0e,0xff,
    0x0e,0x0e,0x0e,0xff,0x0e,0x0e,0x0e,0xff,0x0e,0x0e,0x0e,0xff,0x0e,0x0e,0x0e,0xff,
    0x0e,0x0e,0x0e,0xff,0x0e,0x0e,0x0e,0xff,0x0e,0x0e,0x0e,0xff,0x0e,0x0e,0x0e,0xff,
    0x0e,0x0e,0x0e,0xff,0x0e,0x0e,0x0e,0xff,0x0e,0x0e,0x0e,0xff,0x0e,0x0e,0x0e,0xff,
    0x0e,0x0e,0x0e,0xff,0x0e,0x0e,0x0e,0xff,0x0e,0x0e,0x0e,0xff,0x0e,0x0e,0x0e,0xff,
    0x0e,0x0e,0x0e,0xff,0x0e,0x0e,0x0e,0xff,0x0e,0x0e,0x0e,0xff,0x0e,0x0e,0x0e,0xff,
    0x0e,0x0e,0x0e,0xff,0x0e,0x0e,0x0e,0xff,0x0e,0x0e,0x0e,0xff,0x0e,0x0e,0x0e,0xff,
    0x0e,0x0e,0x0e,0xff,0x0e,0x0e,0x0e,0xff,0x0e,0x0e,0x0e,0xff,0x0e,0x0e,0x0e,0xff,
    0x0e,0x0e,0x0e,0xff,0x0e,0x0e,0x0e,0xff,0x0e,0x0e,0x0e,0xff,0x0e,0x0e,0x0e,0xff,
    0x0e,0x0e,0x0e,0xff,0x0e,0x0e,0x0e,0xff,0x0e,0x0e,0x0e,0xff,0x0e,0x0e,0x0e,0xff,
    0x0e,0x0e,0x0e,0xff,0x0e,0x0e,0x0e,0xff,0x0e,0x0e,0x0e,0xff,0x0e,0x0e,0x0e,0xff,
    0x0e,0x0e,0x0e,0xff,0x0e,0x0e,0x0e,0xff,0x0e,0x0e,0x0e,0xff,0x0e,0x0e,0x0e,0xff,
    0x0e,0x0e,0x0e,0xff,0x0e,0x0e,0x0e,0xff,0x0e,0x0e,0x0e,0xff,0x0e,0x0e,0x0e,0xff,
    0x0e,0x0e,0x0e,0xff,0x0e,0x0e,0x0e,0xff,0x0e,0x0e,0x0e,0xff,0x0e,0x0e,0x0e,0xff,
    0x0e,0x0e,0x0e,0xff,0x0e,0x0e,0x0e,0xff,0x0e,0x0e,0x0e,0xff,0x0e,0x0e,0x0e,0xff,
    0x0e,0x0e,0x0e,0xff,0x0e,0x0e,0x0e,0xff,0x0e,0x0e,0x0e,0xff,0x0e,0x0e,0x0e,0xff,
    0x0e,0x0e,0x0e,0xff,0x0e,0x0e,0x0e,0xff,0x0e,0x0e,0x0e,0xff,0x0e,0x0e,0x0e,0xff,
    0x0e,0x0e,0x0e,0xff,0x0e,0x0e,0x0e,0xff,0x0e,0x0e,0x0e,0xff,0x0e,0x0e,0x0e,0xff,
    0x0e,0x0e,0x0e,0xff,0x0e,0x0e,0x0e,0xff,0x0e,0x0e,0x0e,0xff,0x0e,0x0e,0x0e,0xff,
    0x0e,0x0e,0x0e,0xff,0x0e,0x0e,0x0e,0xff,0x0e,0x0e,0x0e,0xff,0x0e,0x0e,0x0e,0xff,
    0x0e,0x0e,0x0e,0xff,0x0e,0x0e,0x0e,0xff,0x0e,0x0e,0x0e,0xff,0x0e,0x0e,0x0e,0xff,
    0x0e,0x0e,0x0e,0xff,0x0e,0x0e,0x0e,0xff,0x0e,0x0e,0x0e,0xff,0x0e,0x0e,0x0e,0xff,
    0x0e,0x0e,0x0e,0xff,0x0e,0x0e,0x0e,0xff,0x0e,0x0e,0x0e,0xff,0x0e,0x0e,0x0e,0xff,
    0x0e,0x0e,0x0e,0xff,0x0e,0x0e,0x0e,0xff,0x0e,0x0e,0x0e,0xff,0x0e,0x0e,0x0e,0xff,
    0x0e,0x0e,0x0e,0xff,0x0e,0x0e,0x0e,0xff,0x0e,0x0e,0x0e,0xff,0x0e,0x0e,0x0e,0xff,
    0x0e,0x0e,0x0e,0xff,0x0e,0x0e,0x0e,0xff,0x0e,0x0e,0x0e,0xff,0x0e,0x0e,0x0e,0xff,
    0x0e,0x0e,0x0e,0xff,0x0e,0x0e,0x0e,0xff,0x0e,0x0e,0x0e,0xff,0x0e,0x0e,0x0e,0xff,
    0x0e,0x0e,0x0e,0xff,0x0e,0x0e,0x0e,0xff,0x0e,0x0e,0x0e,0xff,0x0e,0x0e,0x0e,0xff,
    0x0e,0x0e,0x0e,0xff,0x0e,0x0e,0x0e,0xff,0x0e,0x0e,0x0e,0xff,0x0e,0x0e,0x0e,0xff,
    0x0e,0x0e,0x0e,0xff,0x0e,0x0e,0x0e,0xff,0x0e,0x0e,0x0e,0xff,0x0e,0x0e,0x0e,0xff,
    0x0e,0x0e,0x0e,0xff,0x0e,0x0e,0x0e,0xff,0x0e,0x0e,0x0e,0xff,0x0e,0x0e,0x0e,0xff,
    0x0e,0x0e,0x0e,0xff,0x0e,0x0e,0x0e,0xff,0x0e,0x0e,0x0e,0xff,0x0e,0x0e,0x0e,0xff,
    0x0e,0x0e,0x0e,0xff,0x0e,0x0e,0x0e,0xff,0x0e,0x0e,0x0e,0xff,0x0e,0x0e,0x0e,0xff,
    0x0e,0x0e,0x0e,0xff,0x0e,0x0e,0x0e,0xff,0x0e,0x0e,0x0e,0xff,0x0e,0x0e,0x0e,0xff,
    0x0e,0x0e,0x0e,0xff,0x0e,0x0e,0x0e,0xff,0x0e,0x0e,0x0e,0xff,0x0e,0x0e,0x0e,0xff,
    0x0e,0x0e,0x0e,0xff,0x0e,0x0e,0x0e,0xff,0x0e,0x0e,0x0e,0xff,0x0e,0x0e,0x0e,0xff,
    0x0e,0x0e,0x0e,0xff,0x0e,0x0e,0x0e,0xff,0x0e,0x0e,0x0e,0xff,0x0e,0x0e,0x0e,0xff,
    0x0e,0x0e,0x0e,0xff,0x0e,0x0e,0x0e,0xff,0x0e,0x0e,0x0e,0xff,0x0e,0x0e,0x0e,0xff,
    0x0e,0x0e,0x0e,0xff,0x0e,0x0e,0x0e,0xff,0x0e,0x0e,0x0e,0xff,0x0e,0x0e,0x0e,0xff,
    0x0e,0x0e,0x0e,0xff,0x0e,0x0e,0x0e,0xff,0x0e,0x0e,0x0e,0xff,0x0e,0x0e,0x0e,0xff,
    0x0e,0x0e,0x0e,0xff,0x0e,0x0e,0x0e,0xff,0x0e,0x0e,0x0e,0xff,0x0e,0x0e,0x0e,0xff,
    0x0e,0x0e,0x0e,0xff,0x0e,0x0e,0x0e,0xff,0x0e,0x0e,0x0e,0xff,0x0e,0x0e,0x0e,0xff,
    0x0e,0x0e,0x0e,0xff,0x0e,0x0e,0x0e,0xff,0x0e,0x0e,0x0e,0xff,0x0e,0x0e,0x0e,0xff,
    0x0e,0x0e,0x0e,0xff,0x0e,0x0e,0x0e,0xff,0x0e,0x0e,0x0e,0xff,0x0e,0x0e,0x0e,0xff,
    0x0e,0x0e,0x0e,0xff,0x0e,0x0e,0x0e,0xff,0x0e,0x0e,0x0e,0xff,0x0e,0x0e,0x0e,0xff,
    0x0e,0x0e,0x0e,0xff,0x0e,0x0e,0x0e,0xff,0x0e,0x0e,0x0e,0xff,0x0e,0x0e,0x0e,0xff,
    0x0e,0x0e,0x0e,0xff,0x0e,0x0e,0x0e,0xff,0x0e,0x0e,0x0e,0xff,0x0e,0x0e,0x0e,0xff,
    0x0e,0x0e,0x0e,0xff,0x0e,0x0e,0x0e,0xff,0x0e,0x0e,0x0e,0xff,0x0e,0x0e,0x0e,0xff,
    0x0e,0x0e,0x0e,0xff,0x0e,0x0e,0x0e,0xff,0x0e,0x0e,0x0e,0xff,0x0e,0x0e,0x0e,0xff,
    0x0e,0x0e,0x0e,0xff,0x0e,0x0e,0x0e,0xff,0x0e,0x0e,0x0e,0xff,0x0e,0x0e,0x0e,0xff,
    0x0e,0x0e,0x0e,0xff,0x0e,0x0e,0x0e,0xff,0x0e,0x0e,0x0e,0xff,0x0e,0x0e,0x0e,0xff,
    0x0e,0x0e,0x0e,0xff,0x0e,0x0e,0x0e,0xff,0x0e,0x0e,0x0e,0xff,0x0e,0x0e,0x0e,0xff,
    0x0e,0x0e,0x0e,0xff,0x0e,0x0e,0x0e,0xff,0x0e,0x0e,0x0e,0xff,0x0e,0x0e,0x0e,0xff,
    0x0e,0x0e,0x0e,0xff,0x0e,0x0e,0x0e,0xff,0x0e,0x0e,0x0e,0xff,0x0e,0x0e,0x0e,0xff,
    0x0e,0x0e,0x0e,0xff,0x0e,0x0e,0x0e,0xff,0x0e,0x0e,0x0e,0xff,0x0e,0x0e,0x0e,0xff,
    0x0e,0x0e,0x0e,0xff,0x0e,0x0e,0x0e,0xff,0x0e,0x0e,0x0e,0xff,0x0e,0x0e,0x0e,0xff,
    0x0e,0x0e,0x0e,0xff,0x0e,0x0e,0x0e,0xff,0x0e,0x0e,0x0e,0xff,0x0e,0x0e,0x0e,0xff,
    0x0e,0x0e,0x0e,0xff,0x0e,0x0e,0x0e,0xff,0x0e,0x0e,0x0e,0xff,0x0e,0x0e,0x0e,0xff,
    0x0e,0x0e,0x0e,0xff,0x0e,0x0e,0x0e,0xff,0x0e,0x0e,0x0e,0xff,0x0e,0x0e,0x0e,0xff,
    0x0e,0x0e,0x0e,0xff,0x0e,0x0e,0x0e,0xff,0x0e,0x0e,0x0e,0xff,0x0e,0x0e,0x0e,0xff,
    0x0e,0x0e,0x0e,0xff,0x0e,0x0e,0x0e,0xff,0x0e,0x0e,0x0e,0xff,0x0e,0x0e,0x0e,0xff,
    0x0e,0x0e,0x0e,0xff,0x0e,0x0e,0x0e,0xff,0x0e,0x0e,0x0e,0xff,0x0e,0x0e,0x0e,0xff,
    0x0e,0x0e,0x0e,0xff,0x0e,0x0e,0x0e,0xff,0x0e,0x0e,0x0e,0xff,0x0e,0x0e,0x0e,0xff,
    0x0e,0x0e,0x0e,0xff,0x0e,0x0e,0x0e,0xff,0x0e,0x0e,0x0e,0xff,0x0e,0x0e,0x0e,0xff,
    0x0e,0x0e,0x0e,0xff,0x0e,0x0e,0x0e,0xff,0x0e,0x0e,0x0e,0xff,0x0e,0x0e,0x0e,0xff,
    0x0e,0x0e,0x0e,0xff,0x0e,0x0e,0x0e,0xff,0x0e,0x0e,0x0e,0xff,0x0e,0x0e,0x0e,0xff,
    0x0e,0x0e,0x0e,0xff,0x0e,0x0e,0x0e,0xff,0x0e,0x0e,0x0e,0xff,0x0e,0x0e,0x0e,0xff,
    0x0e,0x0e,0x0e,0xff,0x0e,0x0e,0x0e,0xff,0x0e,0x0e,0x0e,0xff,0x0e,0x0e,0x0e,0xff,
    0x0e,0x0e,0x0e,0xff,0x0e,0x0e,0x0e,0xff,0x0e,0x0e,0x0e,0xff,0x0e,0x0e,0x0e,0xff,
    0x0e,0x0e,0x0e,0xff,0x0e,0x0e,0x0e,0xff,0x0e,0x0e,0x0e,0xff,0x0e,0x0e,0x0e,0xff,
    0x0e,0x0e,0x0e,0xff,0x0e,0x0e,0x0e,0xff,0x0e,0x0e,0x0e,0xff,0x0e,0x0e,0x0e,0xff,
    0x0e,0x0e,0x0e,0xff,0x0e,0x0e,0x0e,0xff,0x0e,0x0e,0x0e,0xff,0x0e,0x0e,0x0e,0xff,
    0x0e,0x0e,0x0e,0xff,0x0e,0x0e,0x0e,0xff,0x0e,0x0e,0x0e,0xff,0x0e,0x0e,0x0e,0xff,
    0x0e,0x0e,0x0e,0xff,0x0e,0x0e,0x0e,0xff,0x0e,0x0e,0x0e,0xff,0x0e,0x0e,0x0e,0xff,
    0x0e,0x0e,0x0e,0xff,0x0e,0x0e,0x0e,0xff,0x0e,0x0e,0x0e,0xff,0x0e,0x0e,0x0e,0xff,
    0x0e,0x0e,0x0e,0xff,0x0e,0x0e,0x0e,0xff,0x0e,0x0e,0x0e,0xff,0x0e,0x0e,0x0e,0xff,
    0x0e,0x0e,0x0e,0xff,0x0e,0x0e,0x0e,0xff,0x0e,0x0e,0x0e,0xff,0x0e,0x0e,0x0e,0xff,
    0x0e,0x0e,0x0e,0xff,0x0e,0x0e,0x0e,0xff,0x0e,0x0e,0x0e,0xff,0x0e,0x0e,0x0e,0xff,
    0x0e,0x0e,0x0e,0xff,0x0e,0x0e,0x0e,0xff,0x0e,0x0e,0x0e,0xff,0x0e,0x0e,0x0e,0xff,
    0x0e,0x0e,0x0e,0xff,0x0e,0x0e,0x0e,0xff,0x0e,0x0e,0x0e,0xff,0x0e,0x0e,0x0e,0xff,
    0x0e,0x0e,0x0e,0xff,0x0e,0x0e,0x0e,0xff,0x0e,0x0e,0x0e,0xff,0x0e,0x0e,0x0e,0xff,
    0x0e,0x0e,0x0e,0xff,0x0e,0x0e,0x0e,0xff,0x0e,0x0e,0x0e,0xff,0x0e,0x0e,0x0e,0xff,
    0x0e,0x0e,0x0e,0xff,0x0e,0x0e,0x0e,0xff,0x0e,0x0e,0x0e,0xff,0x0e,0x0e,0x0e,0xff,
    0x0e,0x0e,0x0e,0xff,0x0e,0x0e,0x0e,0xff,0x0e,0x0e,0x0e,0xff,0x0e,0x0e,0x0e,0xff,
    0x0e,0x0e,0x0e,0xff,0x0e,0x0e,0x0e,0xff,0x0e,0x0e,0x0e,0xff,0x0e,0x0e,0x0e,0xff,
    0x0e,0x0e,0x0e,0xff,0x0e,0x0e,0x0e,0xff,0x0e,0x0e,0x0e,0xff,0x0e,0x0e,0x0e,0xff,
    0x0e,0x0e,0x0e,0xff,0x0e,0x0e,0x0e,0xff,0x0e,0x0e,0x0e,0xff,0x0e,0x0e,0x0e,0xff,
    0x0e,0x0e,0x0e,0xff,0x0e,0x0e,0x0e,0xff,0x0e,0x0e,0x0e,0xff,0x0e,0x0e,0x0e,0xff,
    0x0e,0x0e,0x0e,0xff,0x0e,0x0e,0x0e,0xff,0x0e,0x0e,0x0e,0xff,0x0e,0x0e,0x0e,0xff,
    0x0e,0x0e,0x0e,0xff,0x0e,0x0e,0x0e,0xff,0x0e,0x0e,0x0e,0xff,0x0e,0x0e,0x0e,0xff,
    0x0e,0x0e,0x0e,0xff,0x0e,0x0e,0x0e,0xff,0x0e,0x0e,0x0e,0xff,0x0e,0x0e,0x0e,0xff,
    0x0e,0x0e,0x0e,0xff,0x0e,0x0e,0x0e,0xff,0x0e,0x0e,0x0e,0xff,0x0e,0x0e,0x0e,0xff,
    0x0e,0x0e,0x0e,0xff,0x0e,0x0e,0x0e,0xff,0x0e,0x0e,0x0e,0xff,0x0e,0x0e,0x0e,0xff,
    0x0e,0x0e,0x0e,0xff,0x0e,0x0e,0x0e,0xff,0x0e,0x0e,0x0e,0xff,0x0e,0x0e,0x0e,0xff,
    0x0e,0x0e,0x0e,0xff,0x0e,0x0e,0x0e,0xff,0x0e,0x0e,0x0e,0xff,0x0e,0x0e,0x0e,0xff,
    0x0e,0x0e,0x0e,0xff,0x0e,0x0e,0x0e,0xff,0x0e,0x0e,0x0e,0xff,0x0e,0x0e,0x0e,0xff,
    0x0e,0x0e,0x0e,0xff,0x0e,0x0e,0x0e,0xff,0x0e,0x0e,0x0e,0xff,0x0e,0x0e,0x0e,0xff,
    0x0e,0x0e,0x0e,0xff,0x0e,0x0e,0x0e,0xff,0x0e,0x0e,0x0e,0xff,0x0e,0x0e,0x0e,0xff,
    0x0e,0x0e,0x0e,0xff,0x0e,0x0e,0x0e,0xff,0x0e,0x0e,0x0e,0xff,0x0e,0x0e,0x0e,0xff,
    0x0e,0x0e,0x0e,0xff,0x0e,0x0e,0x0e,0xff,0x0e,0x0e,0x0e,0xff,0x0e,0x0e,0x0e,0xff,
    0x0e,0x0e,0x0e,0xff,0x0e,0x0e,0x0e,0xff,0x0e,0x0e,0x0e,0xff,0x0e,0x0e,0x0e,0xff,
    0x0e,0x0e,0x0e,0xff,0x0e,0x0e,0x0e,0xff,0x0e,0x0e,0x0e,0xff,0x0e,0x0e,0x0e,0xff,
    0x0e,0x0e,0x0e,0xff,0x0e,0x0e,0x0e,0xff,0x0e,0x0e,0x0e,0xff,0x0e,0x0e,0x0e,0xff,
    0x0e,0x0e,0x0e,0xff,0x0e,0x0e,0x0e,0xff,0x0e,0x0e,0x0e,0xff,0x0e,0x0e,0x0e,0xff,
    0x0e,0x0e,0x0e,0xff,0x0e,0x0e,0x0e,0xff,0x0e,0x0e,0x0e,0xff,0x0e,0x0e,0x0e,0xff,
    0x0e,0x0e,0x0e,0xff,0x0e,0x0e,0x0e,0xff,0x0e,0x0e,0x0e,0xff,0x0e,0x0e,0x0e,0xff,
    0x0e,0x0e,0x0e,0xff,0x0e,0x0e,0x0e,0xff,0x0e,0x0e,0x0e,0xff,0x0e,0x0e,0x0e,0xff,
    0x0e,0x0e,0x0e,0xff,0x0e,0x0e,0x0e,0xff,0x0e,0x0e,0x0e,0xff,0x0e,0x0e,0x0e,0xff,
    0x0e,0x0e,0x0e,0xff,0x0e,0x0e,0x0e,0xff,0x0e,0x0e,0x0e,0xff,0x0e,0x0e,0x0e,0xff,
    0x0e,0x0e,0x0e,0xff,0x0e,0x0e,0x0e,0xff,0x0e,0x0e,0x0e,0xff,0x0e,0x0e,0x0e,0xff,
    0x0e,0x0e,0x0e,0xff,0x0e,0x0e,0x0e,0xff,0x0e,0x0e,0x0e,0xff,0x0e,0x0e,0x0e,0xff,
    0x0e,0x0e,0x0e,0xff,0x0e,0x0e,0x0e,0xff,0x0e,0x0e,0x0e,0xff,0x0e,0x0e,0x0e,0xff,
    0x0e,0x0e,0x0e,0xff,0x0e,0x0e,0x0e,0xff,0x0e,0x0e,0x0e,0xff,0x0e,0x0e,0x0e,0xff,
    0x0e,0x0e,0x0e,0xff,0x0e,0x0e,0x0e,0xff,0x0e,0x0e,0x0e,0xff,0x0e,0x0e,0x0e,0xff,
    0x0e,0x0e,0x0e,0xff,0x0e,0x0e,0x0e,0xff,0x0e,0x0e,0x0e,0xff,0x0e,0x0e,0x0e,0xff,
    0x0e,0x0e,0x0e,0xff,0x0e,0x0e,0x0e,0xff,0x0e,0x0e,0x0e,0xff,0x0e,0x0e,0x0e,0xff,
    0x0e,0x0e,0x0e,0xff,0x0e,0x0e,0x0e,0xff,0x0e,0x0e,0x0e,0xff,0x0e,0x0e,0x0e,0xff,
    0x0e,0x0e,0x0e,0xff,0x0e,0x0e,0x0e,0xff,0x0e,0x0e,0x0e,0xff,0x0e,0x0e,0x0e,0xff,
    0x0e,0x0e,0x0e,0xff,0x0e,0x0e,0x0e,0xff,0x0e,0x0e,0x0e,0xff,0x0e,0x0e,0x0e,0xff,
    0x0e,0x0e,0x0e,0xff,0x0e,0x0e,0x0e,0xff,0x0e,0x0e,0x0e,0xff,0x0e,0x0e,0x0e,0xff,
    0x0e,0x0e,0x0e,0xff,0x0e,0x0e,0x0e,0xff,0x0e,0x0e,0x0e,0xff,0x0e,0x0e,0x0e,0xff,
    0x0e,0x0e,0x0e,0xff,0x0e,0x0e,0x0e,0xff,0x0e,0x0e,0x0e,0xff,0x0e,0x0e,0x0e,0xff,
    0x0e,0x0e,0x0e,0xff,0x0e,0x0e,0x0e,0xff,0x0e,0x0e,0x0e,0xff,0x0e,0x0e,0x0e,0xff,
    0x0e,0x0e,0x0e,0xff,0x0e,0x0e,0x0e,0xff,0x0e,0x0e,0x0e,0xff,0x0e,0x0e,0x0e,0xff,
    0x7e,0x7e,0x7e,0xff,0x7e,0x7e,0x7e,0xff,0x50,0x65,0x80,0xff,0x0c,0x40,0x81,0xff,
    0x07,0x3d,0x80,0xff,0x07,0x3d,0x80,0xff,0x07,0x3c,0x81,0xff,0x07,0x3c,0x81,0xff,
    0x07,0x3d,0x80,0xff,0x07,0x3d,0x80,0xff,0x07,0x3d,0x80,0xff,0x07,0x3d,0x80,0xff,
    0x07,0x3d,0x80,0xff,0x07,0x3d,0x80,0xff,0x07,0x3d,0x80,0xff,0x07,0x3d,0x80,0xff,
    0x07,0x3d,0x80,0xff,0x07,0x3d,0x80,0xff,0x07,0x3d,0x80,0xff,0x07,0x3d,0x80,0xff,
    0x07,0x3d,0x80,0xff,0x07,0x3d,0x80,0xff,0x07,0x3d,0x80,0xff,0x07,0x3d,0x80,0xff,
    0x07,0x3d,0x80,0xff,0x07,0x3d,0x80,0xff,0x07,0x3d,0x80,0xff,0x07,0x3d,0x80,0xff,
    0x07,0x3d,0x80,0xff,0x07,0x3d,0x80,0xff,0x07,0x3d,0x80,0xff,0x07,0x3d,0x80,0xff,
    0x07,0x3d,0x80,0xff,0x07,0x3d,0x80,0xff,0x07,0x3d,0x80,0xff,0x07,0x3d,0x80,0xff,
    0x07,0x3d,0x80,0xff,0x07,0x3d,0x80,0xff,0x07,0x3d,0x80,0xff,0x07,0x3d,0x80,0xff,
    0x07,0x3d,0x80,0xff,0x07,0x3d,0x80,0xff,0x07,0x3d,0x80,0xff,0x07,0x3d,0x80,0xff,
    0x07,0x3d,0x80,0xff,0x07,0x3d,0x80,0xff,0x07,0x3d,0x80,0xff,0x07,0x3d,0x80,0xff,
    0x07,0x3d,0x80,0xff,0x07,0x3d,0x80,0xff,0x07,0x3d,0x80,0xff,0x07,0x3d,0x80,0xff,
    0x07,0x3d,0x80,0xff,0x07,0x3d,0x80,0xff,0x07,0x3d,0x80,0xff,0x07,0x3d,0x80,0xff,
    0x07,0x3d,0x80,0xff,0x07,0x3d,0x80,0xff,0x07,0x3d,0x80,0xff,0x07,0x3d,0x80,0xff,
    0x07,0x3d,0x80,0xff,0x07,0x3d,0x80,0xff,0x07,0x3d,0x80,0xff,0x07,0x3d,0x80,0xff,
    0x07,0x3d,0x80,0xff,0x07,0x3d,0x80,0xff,0x07,0x3d,0x80,0xff,0x07,0x3d,0x80,0xff,
    0x07,0x3d,0x80,0xff,0x07,0x3d,0x80,0xff,0x07,0x3d,0x80,0xff,0x07,0x3d,0x80,0xff,
    0x07,0x3d,0x80,0xff,0x07,0x3d,0x80,0xff,0x07,0x3d,0x80,0xff,0x07,0x3d,0x80,0xff,
    0x07,0x3d,0x80,0xff,0x07,0x3d,0x80,0xff,0x07,0x3d,0x80,0xff,0x07,0x3d,0x80,0xff,
    0x07,0x3d,0x80,0xff,0x07,0x3d,0x80,0xff,0x07,0x3d,0x80,0xff,0x07,0x3d,0x80,0xff,
    0x07,0x3d,0x80,0xff,0x07,0x3d,0x80,0xff,0x07,0x3d,0x80,0xff,0x07,0x3d,0x80,0xff,
    0x07,0x3d,0x80,0xff,0x07,0x3d,0x80,0xff,0x07,0x3d,0x80,0xff,0x07,0x3d,0x80,0xff,
    0x07,0x3d,0x80,0xff,0x07,0x3d,0x80,0xff,0x07,0x3d,0x80,0xff,0x07,0x3d,0x80,0xff,
    0x07,0x3d,0x80,0xff,0x07,0x3d,0x80,0xff,0x07,0x3d,0x80,0xff,0x07,0x3d,0x80,0xff,
    0x07,0x3d,0x80,0xff,0x07,0x3d,0x80,0xff,0x07,0x3d,0x80,0xff,0x07,0x3d,0x80,0xff,
    0x07,0x3d,0x80,0xff,0x07,0x3d,0x80,0xff,0x07,0x3d,0x80,0xff,0x07,0x3d,0x80,0xff,
    0x08,0x3d,0x80,0xff,0x39,0x58,0x7f,0xff,0x7e,0x7e,0x7e,0xff,0x7e,0x7e,0x7e,0xff,
    0xe5,0xe5,0xe6,0xff,0x5c,0x9c,0xe8,0xff,0x02,0x69,0xeb,0xff,0x00,0x68,0xeb,0xff,
    0x00,0x68,0xeb,0xff,0x00,0x68,0xeb,0xff,0x00,0x67,0xed,0xff,0x00,0x67,0xed,0xff,
    0x00,0x68,0xeb,0xff,0x00,0x68,0xeb,0xff,0x00,0x68,0xeb,0xff,0x00,0x68,0xeb,0xff,
    0x00,0x68,0xeb,0xff,0x00,0x68,0xeb,0xff,0x00,0x68,0xeb,0xff,0x00,0x68,0xeb,0xff,
    0x00,0x68,0xeb,0xff,0x00,0x68,0xeb,0xff,0x00,0x68,0xeb,0xff,0x00,0x68,0xeb,0xff,
    0x00,0x68,0xeb,0xff,0x00,0x68,0xeb,0xff,0x00,0x68,0xeb,0xff,0x00,0x68,0xeb,0xff,
    0x00,0x68,0xeb,0xff,0x00,0x68,0xeb,0xff,0x00,0x68,0xeb,0xff,0x00,0x68,0xeb,0xff,
    0x00,0x68,0xeb,0xff,0x00,0x68,0xeb,0xff,0x00,0x68,0xeb,0xff,0x00,0x68,0xeb,0xff,
    0x00,0x68,0xeb,0xff,0x00,0x68,0xeb,0xff,0x00,0x68,0xeb,0xff,0x00,0x68,0xeb,0xff,
    0x00,0x68,0xeb,0xff,0x00,0x68,0xeb,0xff,0x00,0x68,0xeb,0xff,0x00,0x68,0xeb,0xff,
    0x00,0x68,0xeb,0xff,0x00,0x68,0xeb,0xff,0x00,0x68,0xeb,0xff,0x00,0x68,0xeb,0xff,
    0x00,0x68,0xeb,0xff,0x00,0x68,0xeb,0xff,0x00,0x68,0xeb,0xff,0x00,0x68,0xeb,0xff,
    0x00,0x68,0xeb,0xff,0x00,0x68,0xeb,0xff,0x00,0x68,0xeb,0xff,0x00,0x68,0xeb,0xff,
    0x00,0x68,0xeb,0xff,0x00,0x68,0xeb,0xff,0x00,0x68,0xeb,0xff,0x00,0x68,0xeb,0xff,
    0x00,0x68,0xeb,0xff,0x00,0x68,0xeb,0xff,0x00,0x68,0xeb,0xff,0x00,0x68,0xeb,0xff,
    0x00,0x68,0xeb,0xff,0x00,0x68,0xeb,0xff,0x00,0x68,0xeb,0xff,0x00,0x68,0xeb,0xff,
    0x00,0x68,0xeb,0xff,0x00,0x68,0xeb,0xff,0x00,0x68,0xeb,0xff,0x00,0x68,0xeb,0xff,
    0x00,0x68,0xeb,0xff,0x00,0x68,0xeb,0xff,0x00,0x68,0xeb,0xff,0x00,0x68,0xeb,0xff,
    0x00,0x68,0xeb,0xff,0x00,0x68,0xeb,0xff,0x00,0x68,0xeb,0xff,0x00,0x68,0xeb,0xff,
    0x00,0x68,0xeb,0xff,0x00,0x68,0xeb,0xff,0x00,0x68,0xeb,0xff,0x00,0x68,0xeb,0xff,
    0x00,0x68,0xeb,0xff,0x00,0x68,0xeb,0xff,0x00,0x68,0xeb,0xff,0x00,0x68,0xeb,0xff,
    0x00,0x68,0xeb,0xff,0x00,0x68,0xeb,0xff,0x00,0x68,0xeb,0xff,0x00,0x68,0xeb,0xff,
    0x00,0x68,0xeb,0xff,0x00,0x68,0xeb,0xff,0x00,0x68,0xeb,0xff,0x00,0x68,0xeb,0xff,
    0x00,0x68,0xeb,0xff,0x00,0x68,0xeb,0xff,0x00,0x68,0xeb,0xff,0x00,0x68,0xeb,0xff,
    0x00,0x68,0xeb,0xff,0x00,0x68,0xeb,0xff,0x00,0x68,0xeb,0xff,0x00,0x68,0xeb,0xff,
    0x00,0x68,0xeb,0xff,0x00,0x68,0xeb,0xff,0x00,0x68,0xeb,0xff,0x00,0x68,0xeb,0xff,
    0x00,0x68,0xeb,0xff,0x00,0x68,0xeb,0xff,0x00,0x68,0xeb,0xff,0x00,0x68,0xeb,0xff,
    0x00,0x68,0xeb,0xff,0x00,0x68,0xeb,0xff,0x3b,0x87,0xe9,0xff,0xde,0xe1,0xe7,0xff,
    0x6d,0xa3,0xe7,0xff,0x00,0x68,0xeb,0xff,0x00,0x68,0xeb,0xff,0x00,0x68,0xeb,0xff,
    0x00,0x68,0xeb,0xff,0x00,0x68,0xeb,0xff,0x00,0x67,0xed,0xff,0x00,0x67,0xed,0xff,
    0x00,0x68,0xeb,0xff,0x00,0x68,0xeb,0xff,0x00,0x68,0xeb,0xff,0x00,0x68,0xeb,0xff,
    0x00,0x68,0xeb,0xff,0x00,0x68,0xeb,0xff,0x00,0x68,0xeb,0xff,0x00,0x68,0xeb,0xff,
    0x00,0x68,0xeb,0xff,0x00,0x68,0xeb,0xff,0x00,0x68,0xeb,0xff,0x00,0x68,0xeb,0xff,
    0x00,0x68,0xeb,0xff,0x00,0x68,0xeb,0xff,0x00,0x68,0xeb,0xff,0x00,0x68,0xeb,0xff,
    0x00,0x68,0xeb,0xff,0x00,0x68,0xeb,0xff,0x00,0x68,0xeb,0xff,0x00,0x68,0xeb,0xff,
    0x00,0x68,0xeb,0xff,0x00,0x68,0xeb,0xff,0x00,0x68,0xeb,0xff,0x00,0x68,0xeb,0xff,
    0x00,0x68,0xeb,0xff,0x00,0x68,0xeb,0xff,0x00,0x68,0xeb,0xff,0x00,0x68,0xeb,0xff,
    0x00,0x68,0xeb,0xff,0x00,0x68,0xeb,0xff,0x00,0x68,0xeb,0xff,0x00,0x68,0xeb,0xff,
    0x00,0x68,0xeb,0xff,0x00,0x68,0xeb,0xff,0x00,0x68,0xeb,0xff,0x00,0x68,0xeb,0xff,
    0x00,0x68,0xeb,0xff,0x00,0x68,0xeb,0xff,0x00,0x68,0xeb,0xff,0x00,0x68,0xeb,0xff,
    0x00,0x68,0xeb,0xff,0x00,0x68,0xeb,0xff,0x00,0x68,0xeb,0xff,0x00,0x68,0xeb,0xff,
    0x00,0x68,0xeb,0xff,0x00,0x68,0xeb,0xff,0x00,0x68,0xeb,0xff,0x00,0x68,0xeb,0xff,
    0x00,0x68,0xeb,0xff,0x00,0x68,0xeb,0xff,0x00,0x68,0xeb,0xff,0x00,0x68,0xeb,0xff,
    0x00,0x68,0xeb,0xff,0x00,0x68,0xeb,0xff,0x00,0x68,0xeb,0xff,0x00,0x68,0xeb,0xff,
    0x00,0x68,0xeb,0xff,0x00,0x68,0xeb,0xff,0x00,0x68,0xeb,0xff,0x00,0x68,0xeb,0xff,
    0x00,0x68,0xeb,0xff,0x00,0x68,0xeb,0xff,0x00,0x68,0xeb,0xff,0x00,0x68,0xeb,0xff,
    0x00,0x68,0xeb,0xff,0x00,0x68,0xeb,0xff,0x00,0x68,0xeb,0xff,0x00,0x68,0xeb,0xff,
    0x00,0x68,0xeb,0xff,0x00,0x68,0xeb,0xff,0x00,0x68,0xeb,0xff,0x00,0x68,0xeb,0xff,
    0x00,0x68,0xeb,0xff,0x00,0x68,0xeb,0xff,0x00,0x68,0xeb,0xff,0x00,0x68,0xeb,0xff,
    0x00,0x68,0xeb,0xff,0x00,0x68,0xeb,0xff,0x00,0x68,0xeb,0xff,0x00,0x68,0xeb,0xff,
    0x00,0x68,0xeb,0xff,0x00,0x68,0xeb,0xff,0x00,0x68,0xeb,0xff,0x00,0x68,0xeb,0xff,
    0x00,0x68,0xeb,0xff,0x00,0x68,0xeb,0xff,0x00,0x68,0xeb,0xff,0x00,0x68,0xeb,0xff,
    0x00,0x68,0xeb,0xff,0x00,0x68,0xeb,0xff,0x00,0x68,0xeb,0xff,0x00,0x68,0xeb,0xff,
    0x00,0x68,0xeb,0xff,0x00,0x68,0xeb,0xff,0x00,0x68,0xeb,0xff,0x00,0x68,0xeb,0xff,
    0x00,0x68,0xeb,0xff,0x00,0x68,0xeb,0xff,0x00,0x68,0xeb,0xff,0x00,0x68,0xeb,0xff,
    0x00,0x68,0xeb,0xff,0x00,0x68,0xeb,0xff,0x00,0x68,0xeb,0xff,0x3c,0x89,0xea,0xff,
    0x05,0x6b,0xeb,0xff,0x00,0x68,0xeb,0xff,0x00,0x68,0xeb,0xff,0x00,0x68,0xeb,0xff,
    0x00,0x68,0xeb,0xff,0x00,0x68,0xeb,0xff,0x00,0x68,0xec,0xff,0x00,0x68,0xec,0xff,
    0x00,0x68,0xeb,0xff,0x00,0x68,0xeb,0xff,0x00,0x68,0xeb,0xff,0x00,0x68,0xeb,0xff,
    0x00,0x68,0xeb,0xff,0x00,0x68,0xeb,0xff,0x00,0x68,0xeb,0xff,0x00,0x68,0xeb,0xff,
    0x00,0x68,0xeb,0xff,0x00,0x68,0xeb,0xff,0x00,0x68,0xeb,0xff,0x00,0x68,0xeb,0xff,
    0x00,0x68,0xeb,0xff,0x00,0x68,0xeb,0xff,0x00,0x68,0xeb,0xff,0x00,0x68,0xeb,0xff,
    0x00,0x68,0xeb,0xff,0x00,0x68,0xeb,0xff,0x00,0x68,0xeb,0xff,0x00,0x68,0xeb,0xff,
    0x00,0x68,0xeb,0xff,0x00,0x68,0xeb,0xff,0x00,0x68,0xeb,0xff,0x00,0x68,0xeb,0xff,
    0x00,0x68,0xeb,0xff,0x00,0x68,0xeb,0xff,0x00,0x68,0xeb,0xff,0x00,0x68,0xeb,0xff,
    0x00,0x68,0xeb,0xff,0x00,0x68,0xeb,0xff,0x00,0x68,0xeb,0xff,0x00,0x68,0xeb,0xff,
    0x00,0x68,0xeb,0xff,0x00,0x68,0xeb,0xff,0x00,0x68,0xeb,0xff,0x00,0x68,0xeb,0xff,
    0x00,0x68,0xeb,0xff,0x00,0x68,0xeb,0xff,0x00,0x68,0xeb,0xff,0x00,0x68,0xeb,0xff,
    0x00,0x68,0xeb,0xff,0x00,0x68,0xeb,0xff,0x00,0x68,0xeb,0xff,0x00,0x68,0xeb,0xff,
    0x00,0x68,0xeb,0xff,0x00,0x68,0xeb,0xff,0x00,0x68,0xeb,0xff,0x00,0x68,0xeb,0xff,
    0x00,0x68,0xeb,0xff,0x00,0x68,0xeb,0xff,0x00,0x68,0xeb,0xff,0x00,0x68,0xeb,0xff,
    0x00,0x68,0xeb,0xff,0x00,0x68,0xeb,0xff,0x00,0x68,0xeb,0xff,0x00,0x68,0xeb,0xff,
    0x00,0x68,0xeb,0xff,0x00,0x68,0xeb,0xff,0x00,0x68,0xeb,0xff,0x00,0x68,0xeb,0xff,
    0x00,0x68,0xeb,0xff,0x00,0x68,0xeb,0xff,0x00,0x68,0xeb,0xff,0x00,0x68,0xeb,0xff,
    0x00,0x68,0xeb,0xff,0x00,0x68,0xeb,0xff,0x00,0x68,0xeb,0xff,0x00,0x68,0xeb,0xff,
    0x00,0x68,0xeb,0xff,0x00,0x68,0xeb,0xff,0x00,0x68,0xeb,0xff,0x00,0x68,0xeb,0xff,
    0x00,0x68,0xeb,0xff,0x00,0x68,0xeb,0xff,0x00,0x68,0xeb,0xff,0x00,0x68,0xeb,0xff,
    0x00,0x68,0xeb,0xff,0x00,0x68,0xeb,0xff,0x00,0x68,0xeb,0xff,0x00,0x68,0xeb,0xff,
    0x00,0x68,0xeb,0xff,0x00,0x68,0xeb,0xff,0x00,0x68,0xeb,0xff,0x00,0x68,0xeb,0xff,
    0x00,0x68,0xeb,0xff,0x00,0x68,0xeb,0xff,0x00,0x68,0xeb,0xff,0x00,0x68,0xeb,0xff,
    0x00,0x68,0xeb,0xff,0x00,0x68,0xeb,0xff,0x00,0x68,0xeb,0xff,0x00,0x68,0xeb,0xff,
    0x00,0x68,0xeb,0xff,0x00,0x68,0xeb,0xff,0x00,0x68,0xeb,0xff,0x00,0x68,0xeb,0xff,
    0x00,0x68,0xeb,0xff,0x00,0x68,0xeb,0xff,0x00,0x68,0xeb,0xff,0x00,0x68,0xeb,0xff,
    0x00,0x68,0xeb,0xff,0x00,0x68,0xeb,0xff,0x00,0x68,0xeb,0xff,0x00,0x68,0xeb,0xff,
    0x00,0x68,0xeb,0xff,0x00,0x68,0xeb,0xff,0x00,0x67,0xec,0xff,0x00,0x68,0xeb,0xff,
    0x00,0x68,0xeb,0xff,0x00,0x69,0xea,0xff,0x00,0x68,0xeb,0xff,0x00,0x68,0xeb,0xff,
    0x00,0x68,0xeb,0xff,0x00,0x68,0xeb,0xff,0x00,0x68,0xeb,0xff,0x00,0x68,0xeb,0xff,
    0x00,0x68,0xeb,0xff,0x00,0x68,0xeb,0xff,0x00,0x68,0xeb,0xff,0x00,0x68,0xeb,0xff,
    0x00,0x68,0xeb,0xff,0x00,0x68,0xeb,0xff,0x00,0x68,0xeb,0xff,0x00,0x68,0xeb,0xff,
    0x00,0x68,0xeb,0xff,0x00,0x68,0xeb,0xff,0x00,0x68,0xeb,0xff,0x00,0x68,0xeb,0xff,
    0x00,0x68,0xeb,0xff,0x00,0x68,0xeb,0xff,0x00,0x68,0xeb,0xff,0x00,0x68,0xeb,0xff,
    0x00,0x68,0xeb,0xff,0x00,0x68,0xeb,0xff,0x00,0x68,0xeb,0xff,0x00,0x68,0xeb,0xff,
    0x00,0x68,0xeb,0xff,0x00,0x68,0xeb,0xff,0x00,0x68,0xeb,0xff,0x00,0x68,0xeb,0xff,
    0x00,0x68,0xeb,0xff,0x00,0x68,0xeb,0xff,0x00,0x68,0xeb,0xff,0x00,0x68,0xeb,0xff,
    0x00,0x68,0xeb,0xff,0x00,0x68,0xeb,0xff,0x00,0x68,0xeb,0xff,0x00,0x68,0xeb,0xff,
    0x00,0x68,0xeb,0xff,0x00,0x68,0xeb,0xff,0x00,0x68,0xeb,0xff,0x00,0x68,0xeb,0xff,
    0x00,0x68,0xeb,0xff,0x00,0x68,0xeb,0xff,0x00,0x68,0xeb,0xff,0x00,0x68,0xeb,0xff,
    0x00,0x68,0xeb,0xff,0x00,0x68,0xeb,0xff,0x00,0x68,0xeb,0xff,0x00,0x68,0xeb,0xff,
    0x00,0x68,0xeb,0xff,0x00,0x68,0xeb,0xff,0x00,0x68,0xeb,0xff,0x00,0x68,0xeb,0xff,
    0x00,0x68,0xeb,0xff,0x00,0x68,0xeb,0xff,0x00,0x68,0xeb,0xff,0x00,0x68,0xeb,0xff,
    0x00,0x68,0xeb,0xff,0x00,0x68,0xeb,0xff,0x00,0x68,0xeb,0xff,0x00,0x68,0xeb,0xff,
    0x00,0x68,0xeb,0xff,0x00,0x68,0xeb,0xff,0x00,0x68,0xeb,0xff,0x00,0x68,0xeb,0xff,
    0x00,0x68,0xeb,0xff,0x00,0x68,0xeb,0xff,0x00,0x68,0xeb,0xff,0x00,0x68,0xeb,0xff,
    0x00,0x68,0xeb,0xff,0x00,0x68,0xeb,0xff,0x00,0x68,0xeb,0xff,0x00,0x68,0xeb,0xff,
    0x00,0x68,0xeb,0xff,0x00,0x68,0xeb,0xff,0x00,0x68,0xeb,0xff,0x00,0x68,0xeb,0xff,
    0x00,0x68,0xeb,0xff,0x00,0x68,0xeb,0xff,0x00,0x68,0xeb,0xff,0x00,0x68,0xeb,0xff,
    0x00,0x68,0xeb,0xff,0x00,0x68,0xeb,0xff,0x00,0x68,0xeb,0xff,0x00,0x68,0xeb,0xff,
    0x00,0x68,0xeb,0xff,0x00,0x68,0xeb,0xff,0x00,0x68,0xeb,0xff,0x00,0x68,0xeb,0xff,
    0x00,0x68,0xeb,0xff,0x00,0x68,0xeb,0xff,0x00,0x68,0xeb,0xff,0x00,0x68,0xeb,0xff,
    0x00,0x68,0xeb,0xff,0x00,0x68,0xeb,0xff,0x00,0x68,0xeb,0xff,0x00,0x68,0xeb,0xff,
    0x00,0x68,0xeb,0xff,0x00,0x68,0xeb,0xff,0x00,0x68,0xeb,0xff,0x00,0x68,0xeb,0xff,
    0x00,0x68,0xeb,0xff,0x00,0x68,0xeb,0xff,0x00,0x68,0xeb,0xff,0x00,0x68,0xeb,0xff,
    0x00,0x68,0xeb,0xff,0x00,0x68,0xeb,0xff,0x00,0x67,0xed,0xff,0x00,0x68,0xeb,0xff,
    0x00,0x68,0xeb,0xff,0x00,0x69,0xea,0xff,0x00,0x69,0xea,0xff,0x00,0x69,0xea,0xff,
    0x00,0x68,0xeb,0xff,0x00,0x68,0xeb,0xff,0x00,0x68,0xeb,0xff,0x00,0x68,0xeb,0xff,
    0x00,0x68,0xeb,0xff,0x00,0x68,0xeb,0xff,0x00,0x68,0xeb,0xff,0x00,0x68,0xeb,0xff,
    0x00,0x68,0xeb,0xff,0x00,0x68,0xeb,0xff,0x00,0x68,0xeb,0xff,0x00,0x68,0xeb,0xff,
    0x00,0x68,0xeb,0xff,0x00,0x68,0xeb,0xff,0x00,0x68,0xeb,0xff,0x00,0x68,0xeb,0xff,
    0x00,0x68,0xeb,0xff,0x00,0x68,0xeb,0xff,0x00,0x68,0xeb,0xff,0x00,0x68,0xeb,0xff,
    0x00,0x68,0xeb,0xff,0x00,0x68,0xeb,0xff,0x00,0x68,0xeb,0xff,0x00,0x68,0xeb,0xff,
    0x00,0x68,0xeb,0xff,0x00,0x68,0xeb,0xff,0x00,0x68,0xeb,0xff,0x00,0x68,0xeb,0xff,
    0x00,0x68,0xeb,0xff,0x00,0x68,0xeb,0xff,0x00,0x68,0xeb,0xff,0x00,0x68,0xeb,0xff,
    0x00,0x68,0xeb,0xff,0x00,0x68,0xeb,0xff,0x00,0x68,0xeb,0xff,0x00,0x68,0xeb,0xff,
    0x00,0x68,0xeb,0xff,0x00,0x68,0xeb,0xff,0x00,0x68,0xeb,0xff,0x00,0x68,0xeb,0xff,
    0x00,0x68,0xeb,0xff,0x00,0x68,0xeb,0xff,0x00,0x68,0xeb,0xff,0x00,0x68,0xeb,0xff,
    0x00,0x68,0xeb,0xff,0x00,0x68,0xeb,0xff,0x00,0x68,0xeb,0xff,0x00,0x68,0xeb,0xff,
    0x00,0x68,0xeb,0xff,0x00,0x68,0xeb,0xff,0x00,0x68,0xeb,0xff,0x00,0x68,0xeb,0xff,
    0x00,0x68,0xeb,0xff,0x00,0x68,0xeb,0xff,0x00,0x68,0xeb,0xff,0x00,0x68,0xeb,0xff,
    0x00,0x68,0xeb,0xff,0x00,0x68,0xeb,0xff,0x00,0x68,0xeb,0xff,0x00,0x68,0xeb,0xff,
    0x00,0x68,0xeb,0xff,0x00,0x68,0xeb,0xff,0x00,0x68,0xeb,0xff,0x00,0x67,0xec,0xff,
    0x00,0x68,0xeb,0xff,0x00,0x68,0xeb,0xff,0x00,0x68,0xeb,0xff,0x00,0x68,0xeb,0xff,
    0x00,0x68,0xeb,0xff,0x00,0x68,0xeb,0xff,0x00,0x68,0xeb,0xff,0x00,0x68,0xeb,0xff,
    0x00,0x68,0xeb,0xff,0x00,0x68,0xeb,0xff,0x00,0x68,0xeb,0xff,0x00,0x68,0xeb,0xff,
    0x00,0x68,0xeb,0xff,0x00,0x68,0xeb,0xff,0x00,0x68,0xeb,0xff,0x00,0x68,0xeb,0xff,
    0x00,0x68,0xeb,0xff,0x00,0x68,0xeb,0xff,0x00,0x68,0xeb,0xff,0x00,0x68,0xeb,0xff,
    0x00,0x68,0xeb,0xff,0x00,0x68,0xeb,0xff,0x00,0x68,0xeb,0xff,0x00,0x68,0xeb,0xff,
    0x00,0x68,0xeb,0xff,0x00,0x68,0xeb,0xff,0x00,0x68,0xeb,0xff,0x00,0x68,0xeb,0xff,
    0x00,0x68,0xeb,0xff,0x00,0x68,0xeb,0xff,0x00,0x68,0xeb,0xff,0x00,0x68,0xeb,0xff,
    0x00,0x68,0xeb,0xff,0x00,0x68,0xeb,0xff,0x00,0x68,0xeb,0xff,0x00,0x68,0xeb,0xff,
    0x00,0x68,0xeb,0xff,0x00,0x68,0xeb,0xff,0x00,0x68,0xeb,0xff,0x00,0x68,0xeb,0xff,
    0x00,0x67,0xec,0xff,0x00,0x67,0xec,0xff,0x00,0x67,0xed,0xff,0x00,0x68,0xeb,0xff,
    0x00,0x68,0xeb,0xff,0x00,0x69,0xea,0xff,0x00,0x69,0xea,0xff,0x00,0x69,0xea,0xff,
    0x00,0x68,0xeb,0xff,0x00,0x68,0xeb,0xff,0x00,0x68,0xeb,0xff,0x00,0x68,0xeb,0xff,
    0x00,0x68,0xeb,0xff,0x00,0x68,0xeb,0xff,0x00,0x68,0xeb,0xff,0x00,0x68,0xeb,0xff,
    0x00,0x68,0xeb,0xff,0x00,0x68,0xeb,0xff,0x00,0x68,0xeb,0xff,0x00,0x68,0xeb,0xff,
    0x00,0x68,0xeb,0xff,0x00,0x68,0xeb,0xff,0x00,0x68,0xeb,0xff,0x00,0x68,0xeb,0xff,
    0x00,0x68,0xeb,0xff,0x00,0x68,0xeb,0xff,0x00,0x68,0xeb,0xff,0x00,0x68,0xeb,0xff,
    0x00,0x68,0xeb,0xff,0x00,0x68,0xeb,0xff,0x00,0x68,0xeb,0xff,0x00,0x68,0xeb,0xff,
    0x00,0x68,0xeb,0xff,0x00,0x68,0xeb,0xff,0x00,0x68,0xeb,0xff,0x00,0x68,0xeb,0xff,
    0x00,0x68,0xeb,0xff,0x00,0x68,0xeb,0xff,0x00,0x68,0xeb,0xff,0x00,0x68,0xeb,0xff,
    0x00,0x68,0xeb,0xff,0x00,0x68,0xeb,0xff,0x00,0x68,0xeb,0xff,0x00,0x68,0xeb,0xff,
    0x00,0x68,0xeb,0xff,0x00,0x68,0xeb,0xff,0x00,0x68,0xeb,0xff,0x00,0x68,0xeb,0xff,
    0x00,0x68,0xeb,0xff,0x00,0x69,0xea,0xff,0x00,0x69,0xea,0xff,0x00,0x68,0xeb,0xff,
    0x00,0x68,0xeb,0xff,0x00,0x68,0xeb,0xff,0x00,0x68,0xeb,0xff,0x00,0x68,0xeb,0xff,
    0x00,0x68,0xeb,0xff,0x00,0x68,0xeb,0xff,0x00,0x68,0xeb,0xff,0x00,0x68,0xeb,0xff,
    0x00,0x68,0xeb,0xff,0x00,0x68,0xeb,0xff,0x00,0x68,0xeb,0xff,0x00,0x68,0xeb,0xff,
    0x00,0x68,0xeb,0xff,0x00,0x68,0xeb,0xff,0x00,0x68,0xeb,0xff,0x00,0x68,0xeb,0xff,
    0x00,0x68,0xeb,0xff,0x00,0x68,0xeb,0xff,0x00,0x68,0xeb,0xff,0x00,0x67,0xed,0xff,
    0x00,0x69,0xea,0xff,0x00,0x68,0xeb,0xff,0x00,0x68,0xeb,0xff,0x00,0x68,0xeb,0xff,
    0x00,0x68,0xeb,0xff,0x00,0x68,0xeb,0xff,0x00,0x68,0xeb,0xff,0x00,0x68,0xeb,0xff,
    0x00,0x68,0xeb,0xff,0x00,0x68,0xeb,0xff,0x00,0x68,0xeb,0xff,0x00,0x68,0xeb,0xff,
    0x00,0x68,0xeb,0xff,0x00,0x68,0xeb,0xff,0x00,0x68,0xeb,0xff,0x00,0x68,0xeb,0xff,
    0x00,0x68,0xeb,0xff,0x00,0x68,0xeb,0xff,0x00,0x68,0xeb,0xff,0x00,0x68,0xeb,0xff,
    0x00,0x68,0xeb,0xff,0x00,0x68,0xeb,0xff,0x00,0x68,0xeb,0xff,0x00,0x68,0xeb,0xff,
    0x00,0x68,0xeb,0xff,0x00,0x68,0xeb,0xff,0x00,0x68,0xeb,0xff,0x00,0x68,0xeb,0xff,
    0x00,0x68,0xeb,0xff,0x00,0x68,0xeb,0xff,0x00,0x68,0xeb,0xff,0x00,0x68,0xeb,0xff,
    0x00,0x68,0xeb,0xff,0x00,0x68,0xeb,0xff,0x00,0x68,0xeb,0xff,0x00,0x68,0xeb,0xff,
    0x00,0x68,0xeb,0xff,0x00,0x68,0xeb,0xff,0x00,0x68,0xeb,0xff,0x00,0x68,0xeb,0xff,
    0x00,0x67,0xed,0xff,0x00,0x67,0xed,0xff,0x00,0x67,0xed,0xff,0x00,0x68,0xeb,0xff,
    0x00,0x68,0xeb,0xff,0x00,0x69,0xea,0xff,0x00,0x69,0xea,0xff,0x00,0x69,0xea,0xff,
    0x00,0x68,0xeb,0xff,0x00,0x68,0xeb,0xff,0x00,0x68,0xeb,0xff,0x00,0x68,0xeb,0xff,
    0x00,0x68,0xeb,0xff,0x00,0x68,0xeb,0xff,0x00,0x68,0xeb,0xff,0x00,0x68,0xeb,0xff,
    0x00,0x68,0xeb,0xff,0x00,0x68,0xeb,0xff,0x00,0x68,0xeb,0xff,0x00,0x68,0xeb,0xff,
    0x00,0x68,0xeb,0xff,0x00,0x68,0xeb,0xff,0x00,0x68,0xeb,0xff,0x00,0x68,0xeb,0xff,
    0x00,0x68,0xeb,0xff,0x00,0x68,0xeb,0xff,0x00,0x68,0xeb,0xff,0x00,0x68,0xeb,0xff,
    0x00,0x68,0xeb,0xff,0x00,0x68,0xeb,0xff,0x00,0x68,0xeb,0xff,0x00,0x68,0xeb,0xff,
    0x00,0x68,0xeb,0xff,0x00,0x68,0xeb,0xff,0x00,0x68,0xeb,0xff,0x00,0x68,0xeb,0xff,
    0x00,0x68,0xeb,0xff,0x00,0x68,0xeb,0xff,0x00,0x68,0xeb,0xff,0x00,0x68,0xeb,0xff,
    0x00,0x68,0xeb,0xff,0x00,0x68,0xeb,0xff,0x00,0x68,0xeb,0xff,0x00,0x68,0xeb,0xff,
    0x00,0x68,0xeb,0xff,0x00,0x68,0xeb,0xff,0x00,0x68,0xeb,0xff,0x00,0x68,0xeb,0xff,
    0x00,0x68,0xeb,0xff,0x00,0x69,0xea,0xff,0x00,0x69,0xea,0xff,0x00,0x68,0xeb,0xff,
    0x00,0x68,0xeb,0xff,0x00,0x68,0xeb,0xff,0x00,0x68,0xeb,0xff,0x00,0x68,0xeb,0xff,
    0x01,0x68,0xeb,0xff,0x00,0x68,0xeb,0xff,0x00,0x68,0xeb,0xff,0x00,0x68,0xeb,0xff,
    0x00,0x68,0xeb,0xff,0x00,0x68,0xeb,0xff,0x00,0x68,0xeb,0xff,0x00,0x68,0xeb,0xff,
    0x00,0x68,0xeb,0xff,0x00,0x68,0xeb,0xff,0x00,0x68,0xeb,0xff,0x00,0x68,0xeb,0xff,
    0x00,0x68,0xeb,0xff,0x00,0x68,0xeb,0xff,0x00,0x68,0xeb,0xff,0x00,0x67,0xed,0xff,
    0x00,0x69,0xea,0xff,0x00,0x68,0xeb,0xff,0x00,0x68,0xeb,0xff,0x00,0x68,0xeb,0xff,
    0x00,0x68,0xeb,0xff,0x01,0x68,0xeb,0xff,0x00,0x67,0xea,0xff,0x00,0x68,0xeb,0xff,
    0x00,0x68,0xeb,0xff,0x00,0x68,0xeb,0xff,0x00,0x68,0xeb,0xff,0x00,0x68,0xeb,0xff,
    0x00,0x68,0xeb,0xff,0x00,0x68,0xeb,0xff,0x00,0x68,0xeb,0xff,0x00,0x68,0xeb,0xff,
    0x00,0x68,0xeb,0xff,0x00,0x68,0xeb,0xff,0x00,0x68,0xeb,0xff,0x00,0x68,0xeb,0xff,
    0x00,0x68,0xeb,0xff,0x00,0x68,0xeb,0xff,0x00,0x68,0xeb,0xff,0x00,0x68,0xeb,0xff,
    0x00,0x68,0xeb,0xff,0x00,0x68,0xeb,0xff,0x00,0x68,0xeb,0xff,0x00,0x68,0xeb,0xff,
    0x00,0x68,0xeb,0xff,0x00,0x68,0xeb,0xff,0x00,0x68,0xeb,0xff,0x00,0x68,0xeb,0xff,
    0x00,0x68,0xeb,0xff,0x00,0x68,0xeb,0xff,0x00,0x68,0xeb,0xff,0x00,0x68,0xeb,0xff,
    0x00,0x68,0xeb,0xff,0x00,0x68,0xeb,0xff,0x00,0x68,0xeb,0xff,0x00,0x68,0xeb,0xff,
    0x00,0x68,0xeb,0xff,0x00,0x68,0xeb,0xff,0x00,0x68,0xeb,0xff,0x00,0x68,0xeb,0xff,
    0x00,0x68,0xeb,0xff,0x00,0x68,0xeb,0xff,0x00,0x68,0xeb,0xff,0x00,0x68,0xeb,0xff,
    0x00,0x68,0xeb,0xff,0x00,0x68,0xeb,0xff,0x00,0x68,0xeb,0xff,0x00,0x68,0xeb,0xff,
    0x00,0x68,0xeb,0xff,0x00,0x68,0xeb,0xff,0x00,0x68,0xeb,0xff,0x00,0x68,0xeb,0xff,
    0x00,0x68,0xeb,0xff,0x00,0x68,0xeb,0xff,0x00,0x68,0xeb,0xff,0x00,0x68,0xeb,0xff,
    0x00,0x68,0xeb,0xff,0x00,0x68,0xeb,0xff,0x00,0x68,0xeb,0xff,0x00,0x68,0xeb,0xff,
    0x00,0x68,0xeb,0xff,0x00,0x68,0xeb,0xff,0x00,0x68,0xeb,0xff,0x00,0x68,0xeb,0xff,
    0x00,0x68,0xeb,0xff,0x00,0x68,0xeb,0xff,0x00,0x68,0xeb,0xff,0x00,0x68,0xeb,0xff,
    0x00,0x68,0xeb,0xff,0x00,0x68,0xeb,0xff,0x00,0x68,0xeb,0xff,0x00,0x68,0xeb,0xff,
    0x00,0x68,0xeb,0xff,0x00,0x68,0xeb,0xff,0x00,0x68,0xeb,0xff,0x94,0xca,0xf5,0xff,
    0xb1,0xd8,0xf6,0xff,0xaa,0xde,0xf7,0xff,0x10,0x6d,0xe0,0xff,0x02,0x69,0xec,0xff,
    0x02,0x69,0xec,0xff,0x01,0x6a,0xec,0xff,0x01,0x6a,0xec,0xff,0x01,0x6a,0xec,0xff,
    0x01,0x6a,0xec,0xff,0x01,0x6a,0xec,0xff,0x01,0x6a,0xeb,0xff,0x03,0x67,0xeb,0xff,
    0x01,0x6a,0xeb,0xff,0x39,0x8d,0xe8,0xff,0xa5,0xd1,0xf7,0xff,0x79,0xb9,0xf4,0xff,
    0x0f,0x6b,0xe2,0xff,0x06,0x6a,0xea,0xff,0x06,0x6a,0xe8,0xff,0x38,0x8b,0xef,0xff,
    0x1b,0x76,0xd7,0xff,0x0d,0x6e,0xe1,0xff,0x01,0x68,0xf0,0xff,0x01,0x6a,0xe6,0xff,
    0x04,0x6d,0xe2,0xff,0x00,0x6a,0xe8,0xff,0x00,0x69,0xed,0xff,0x00,0x68,0xeb,0xff,
    0x00,0x68,0xeb,0xff,0x00,0x68,0xeb,0xff,0x00,0x67,0xed,0xff,0x00,0x67,0xed,0xff,
    0x00,0x69,0xea,0xff,0x0b,0x6b,0xe8,0xff,0x27,0x79,0xdb,0xff,0x10,0x70,0xd0,0xff,
    0x09,0x6c,0xde,0xff,0x01,0x66,0xf1,0xff,0x01,0x65,0xec,0xff,0x00,0x68,0xeb,0xff,
    0x00,0x68,0xeb,0xff,0x00,0x68,0xeb,0xff,0x00,0x68,0xeb,0xff,0x00,0x68,0xeb,0xff,
    0x00,0x68,0xeb,0xff,0x00,0x68,0xeb,0xff,0x00,0x68,0xeb,0xff,0x00,0x68,0xeb,0xff,
    0x00,0x68,0xeb,0xff,0x00,0x68,0xeb,0xff,0x00,0x68,0xeb,0xff,0x00,0x68,0xeb,0xff,
    0x00,0x68,0xeb,0xff,0x00,0x68,0xeb,0xff,0x00,0x68,0xeb,0xff,0x00,0x68,0xeb,0xff,
    0x00,0x68,0xeb,0xff,0x00,0x68,0xeb,0xff,0x00,0x68,0xeb,0xff,0x00,0x68,0xeb,0xff,
    0x00,0x68,0xeb,0xff,0x00,0x68,0xeb,0xff,0x00,0x68,0xeb,0xff,0x00,0x68,0xeb,0xff,
    0x00,0x68,0xeb,0xff,0x00,0x68,0xeb,0xff,0x00,0x68,0xeb,0xff,0x00,0x68,0xeb,0xff,
    0x00,0x68,0xeb,0xff,0x00,0x68,0xeb,0xff,0x00,0x68,0xeb,0xff,0x00,0x68,0xeb,0xff,
    0x00,0x68,0xeb,0xff,0x00,0x68,0xeb,0xff,0x00,0x68,0xeb,0xff,0x00,0x68,0xeb,0xff,
    0x00,0x68,0xeb,0xff,0x00,0x68,0xeb,0xff,0x00,0x68,0xeb,0xff,0x00,0x68,0xeb,0xff,
    0x00,0x68,0xeb,0xff,0x00,0x68,0xeb,0xff,0x00,0x68,0xeb,0xff,0x00,0x68,0xeb,0xff,
    0x00,0x68,0xeb,0xff,0x00,0x68,0xeb,0xff,0x00,0x68,0xeb,0xff,0x00,0x68,0xeb,0xff,
    0x00,0x68,0xeb,0xff,0x00,0x68,0xeb,0xff,0x00,0x68,0xeb,0xff,0x00,0x68,0xeb,0xff,
    0x00,0x68,0xeb,0xff,0x00,0x68,0xeb,0xff,0x00,0x68,0xeb,0xff,0x00,0x68,0xeb,0xff,
    0x00,0x68,0xeb,0xff,0x00,0x68,0xeb,0xff,0x00,0x68,0xeb,0xff,0x00,0x68,0xeb,0xff,
    0x00,0x68,0xeb,0xff,0x00,0x68,0xeb,0xff,0x00,0x68,0xeb,0xff,0x00,0x68,0xeb,0xff,
    0x00,0x68,0xeb,0xff,0x00,0x68,0xeb,0xff,0x00,0x68,0xeb,0xff,0x00,0x68,0xeb,0xff,
    0x00,0x68,0xeb,0xff,0x00,0x68,0xeb,0xff,0x00,0x68,0xeb,0xff,0xcc,0xeb,0xfb,0xff,
    0xfd,0xfe,0xff,0xff,0xe8,0xfc,0xff,0xff,0x1d,0x6e,0xd8,0xff,0x02,0x69,0xec,0xff,
    0x02,0x69,0xec,0xff,0x01,0x6a,0xec,0xff,0x01,0x6a,0xec,0xff,0x01,0x6a,0xec,0xff,
    0x01,0x6a,0xec,0xff,0x01,0x6a,0xec,0xff,0x06,0x6b,0xe8,0xff,0x48,0x87,0xd9,0xff,
    0x29,0x76,0xd3,0xff,0x69,0xa3,0xe1,0xff,0xe7,0xf6,0xff,0xff,0xa1,0xd0,0xf8,0xff,
    0x0d,0x6b,0xe3,0xff,0x01,0x69,0xef,0xff,0x0c,0x6b,0xe6,0xff,0xbd,0xe2,0xfb,0xff,
    0xd7,0xf4,0xff,0xff,0x63,0xad,0xf0,0xff,0x05,0x68,0xe4,0xff,0x02,0x67,0xed,0xff,
    0x02,0x67,0xee,0xff,0x00,0x67,0xed,0xff,0x03,0x67,0xeb,0xff,0x00,0x69,0xea,0xff,
    0x00,0x68,0xeb,0xff,0x00,0x68,0xeb,0xff,0x00,0x67,0xed,0xff,0x01,0x66,0xef,0xff,
    0x00,0x69,0xea,0xff,0x0b,0x6c,0xde,0xff,0xad,0xe4,0xff,0xff,0xda,0xf7,0xff,0xff,
    0x95,0xd2,0xf6,0xff,0x04,0x68,0xec,0xff,0x02,0x65,0xee,0xff,0x00,0x68,0xeb,0xff,
    0x00,0x68,0xeb,0xff,0x00,0x68,0xeb,0xff,0x00,0x68,0xeb,0xff,0x00,0x68,0xeb,0xff,
    0x00,0x68,0xeb,0xff,0x00,0x68,0xeb,0xff,0x00,0x68,0xeb,0xff,0x00,0x68,0xeb,0xff,
    0x00,0x68,0xeb,0xff,0x00,0x68,0xeb,0xff,0x00,0x68,0xeb,0xff,0x00,0x68,0xeb,0xff,
    0x00,0x68,0xeb,0xff,0x00,0x68,0xeb,0xff,0x00,0x68,0xeb,0xff,0x00,0x68,0xeb,0xff,
    0x00,0x68,0xeb,0xff,0x00,0x68,0xeb,0xff,0x00,0x68,0xeb,0xff,0x00,0x68,0xeb,0xff,
    0x00,0x68,0xeb,0xff,0x00,0x68,0xeb,0xff,0x00,0x68,0xeb,0xff,0x00,0x68,0xeb,0xff,
    0x00,0x68,0xeb,0xff,0x00,0x68,0xeb,0xff,0x00,0x68,0xeb,0xff,0x00,0x68,0xeb,0xff,
    0x00,0x68,0xeb,0xff,0x00,0x68,0xeb,0xff,0x00,0x68,0xeb,0xff,0x00,0x68,0xeb,0xff,
    0x00,0x68,0xeb,0xff,0x00,0x68,0xeb,0xff,0x00,0x68,0xeb,0xff,0x00,0x68,0xeb,0xff,
    0x00,0x68,0xeb,0xff,0x00,0x68,0xeb,0xff,0x00,0x68,0xeb,0xff,0x00,0x68,0xeb,0xff,
    0x00,0x68,0xeb,0xff,0x00,0x68,0xeb,0xff,0x00,0x68,0xeb,0xff,0x00,0x68,0xeb,0xff,
    0x00,0x68,0xeb,0xff,0x00,0x68,0xeb,0xff,0x00,0x68,0xeb,0xff,0x00,0x68,0xeb,0xff,
    0x00,0x68,0xeb,0xff,0x00,0x68,0xeb,0xff,0x00,0x68,0xeb,0xff,0x00,0x68,0xeb,0xff,
    0x00,0x68,0xeb,0xff,0x00,0x68,0xeb,0xff,0x00,0x68,0xeb,0xff,0x00,0x68,0xeb,0xff,
    0x00,0x68,0xeb,0xff,0x00,0x68,0xeb,0xff,0x00,0x68,0xeb,0xff,0x00,0x68,0xeb,0xff,
    0x00,0x68,0xeb,0xff,0x00,0x68,0xeb,0xff,0x00,0x68,0xeb,0xff,0x00,0x68,0xeb,0xff,
    0x00,0x68,0xeb,0xff,0x00,0x68,0xeb,0xff,0x00,0x68,0xeb,0xff,0x00,0x68,0xeb,0xff,
    0x00,0x68,0xeb,0xff,0x00,0x68,0xeb,0xff,0x00,0x68,0xeb,0xff,0xce,0xee,0xfb,0xff,
    0xfe,0xff,0xff,0xff,0xe8,0xfc,0xff,0xff,0x1d,0x6e,0xd8,0xff,0x02,0x69,0xec,0xff,
    0x02,0x69,0xec,0xff,0x01,0x6a,0xec,0xff,0x01,0x6a,0xec,0xff,0x01,0x6a,0xec,0xff,
    0x01,0x6a,0xec,0xff,0x06,0x6e,0xec,0xff,0x0b,0x6d,0xe3,0xff,0xd9,0xee,0xff,0xff,
    0xdb,0xf9,0xff,0xff,0x72,0xa4,0xd7,0xff,0xf3,0xfb,0xff,0xff,0xaa,0xd3,0xfa,0xff,
    0x0f,0x6d,0xe1,0xff,0x03,0x6b,0xef,0xff,0x15,0x6d,0xdf,0xff,0xea,0xf5,0xfd,0xff,
    0xed,0xff,0xfe,0xff,0x22,0x7f,0xea,0xff,0x04,0x6d,0xef,0xff,0x05,0x68,0xed,0xff,
    0x0a,0x68,0xeb,0xff,0x03,0x65,0xed,0xff,0x01,0x68,0xf1,0xff,0x00,0x68,0xeb,0xff,
    0x00,0x68,0xeb,0xff,0x00,0x68,0xeb,0xff,0x00,0x67,0xed,0xff,0x01,0x66,0xf0,0xff,
    0x00,0x68,0xea,0xff,0x0b,0x6c,0xde,0xff,0xba,0xeb,0xff,0xff,0xfa,0xff,0xfe,0xff,
    0xaf,0xd9,0xf7,0xff,0x02,0x6c,0xe9,0xff,0x02,0x67,0xe9,0xff,0x00,0x68,0xeb,0xff,
    0x00,0x68,0xeb,0xff,0x00,0x68,0xeb,0xff,0x00,0x68,0xeb,0xff,0x00,0x68,0xeb,0xff,
    0x00,0x68,0xeb,0xff,0x00,0x68,0xeb,0xff,0x00,0x68,0xeb,0xff,0x00,0x68,0xeb,0xff,
    0x00,0x68,0xeb,0xff,0x00,0x68,0xeb,0xff,0x00,0x68,0xeb,0xff,0x00,0x68,0xeb,0xff,
    0x00,0x68,0xeb,0xff,0x00,0x68,0xeb,0xff,0x00,0x68,0xeb,0xff,0x00,0x68,0xeb,0xff,
    0x00,0x68,0xeb,0xff,0x00,0x68,0xeb,0xff,0x00,0x68,0xeb,0xff,0x00,0x68,0xeb,0xff,
    0x00,0x68,0xeb,0xff,0x00,0x68,0xeb,0xff,0x00,0x68,0xeb,0xff,0x00,0x68,0xeb,0xff,
    0x00,0x68,0xeb,0xff,0x00,0x68,0xeb,0xff,0x00,0x68,0xeb,0xff,0x00,0x68,0xeb,0xff,
    0x00,0x68,0xeb,0xff,0x00,0x68,0xeb,0xff,0x00,0x68,0xeb,0xff,0x00,0x68,0xeb,0xff,
    0x00,0x68,0xeb,0xff,0x00,0x68,0xeb,0xff,0x00,0x68,0xeb,0xff,0x00,0x68,0xeb,0xff,
    0x00,0x68,0xeb,0xff,0x00,0x68,0xeb,0xff,0x00,0x68,0xeb,0xff,0x00,0x68,0xeb,0xff,
    0x00,0x68,0xeb,0xff,0x00,0x68,0xeb,0xff,0x00,0x68,0xeb,0xff,0x00,0x68,0xeb,0xff,
    0x00,0x68,0xeb,0xff,0x00,0x68,0xeb,0xff,0x00,0x68,0xeb,0xff,0x00,0x68,0xeb,0xff,
    0x00,0x68,0xeb,0xff,0x00,0x68,0xeb,0xff,0x00,0x68,0xeb,0xff,0x00,0x68,0xeb,0xff,
    0x00,0x68,0xeb,0xff,0x00,0x68,0xeb,0xff,0x00,0x68,0xeb,0xff,0x00,0x68,0xeb,0xff,
    0x00,0x68,0xeb,0xff,0x00,0x68,0xeb,0xff,0x00,0x68,0xeb,0xff,0x00,0x68,0xeb,0xff,
    0x00,0x68,0xeb,0xff,0x00,0x68,0xeb,0xff,0x00,0x68,0xeb,0xff,0x00,0x68,0xeb,0xff,
    0x00,0x68,0xeb,0xff,0x00,0x68,0xeb,0xff,0x00,0x68,0xeb,0xff,0x00,0x68,0xeb,0xff,
    0x00,0x68,0xeb,0xff,0x00,0x68,0xeb,0xff,0x00,0x68,0xeb,0xff,0xcc,0xeb,0xfb,0xff,
    0xfe,0xff,0xff,0xff,0xe8,0xfc,0xff,0xff,0x1d,0x6e,0xd8,0xff,0x02,0x69,0xec,0xff,
    0x02,0x69,0xec,0xff,0x01,0x6a,0xec,0xff,0x01,0x6a,0xec,0xff,0x01,0x6a,0xec,0xff,
    0x01,0x6a,0xec,0xff,0x01,0x6a,0xe8,0xff,0x17,0x7a,0xef,0xff,0xf1,0xff,0xff,0xff,
    0xd3,0xe7,0xf8,0xff,0x6f,0xa2,0xd5,0xff,0xf7,0xfa,0xff,0xff,0xb7,0xd0,0xec,0xff,
    0x22,0x70,0xcf,0xff,0x1f,0x74,0xe0,0xff,0x47,0x8f,0xec,0xff,0xf2,0xff,0xff,0xff,
    0xf1,0xf6,0xff,0xff,0xa7,0xcb,0xf9,0xff,0x8f,0xca,0xfc,0xff,0x9b,0xcd,0xfb,0xff,
    0xad,0xce,0xf8,0xff,0x87,0xc6,0xfc,0xff,0x0f,0x75,0xef,0xff,0x00,0x68,0xeb,0xff,
    0x00,0x68,0xeb,0xff,0x00,0x68,0xeb,0xff,0x00,0x67,0xed,0xff,0x00,0x69,0xee,0xff,
    0x00,0x6a,0xe8,0xff,0x0c,0x6c,0xde,0xff,0xc0,0xe8,0xff,0xff,0xff,0xff,0xf8,0xff,
    0xb7,0xdb,0xf5,0xff,0x01,0x6c,0xe8,0xff,0x01,0x6a,0xe6,0xff,0x00,0x68,0xeb,0xff,
    0x00,0x68,0xeb,0xff,0x00,0x68,0xeb,0xff,0x00,0x68,0xeb,0xff,0x00,0x68,0xeb,0xff,
    0x00,0x68,0xeb,0xff,0x00,0x68,0xeb,0xff,0x00,0x68,0xeb,0xff,0x00,0x68,0xeb,0xff,
    0x00,0x68,0xeb,0xff,0x00,0x68,0xeb,0xff,0x00,0x68,0xeb,0xff,0x00,0x68,0xeb,0xff,
    0x00,0x68,0xeb,0xff,0x00,0x68,0xeb,0xff,0x00,0x68,0xeb,0xff,0x00,0x68,0xeb,0xff,
    0x00,0x68,0xeb,0xff,0x00,0x68,0xeb,0xff,0x00,0x68,0xeb,0xff,0x00,0x68,0xeb,0xff,
    0x00,0x68,0xeb,0xff,0x00,0x68,0xeb,0xff,0x00,0x68,0xeb,0xff,0x00,0x68,0xeb,0xff,
    0x00,0x68,0xeb,0xff,0x00,0x68,0xeb,0xff,0x00,0x68,0xeb,0xff,0x00,0x68,0xeb,0xff,
    0x00,0x68,0xeb,0xff,0x00,0x68,0xeb,0xff,0x00,0x68,0xeb,0xff,0x00,0x68,0xeb,0xff,
    0x00,0x68,0xeb,0xff,0x00,0x68,0xeb,0xff,0x00,0x68,0xeb,0xff,0x00,0x68,0xeb,0xff,
    0x00,0x68,0xeb,0xff,0x00,0x68,0xeb,0xff,0x00,0x68,0xeb,0xff,0x00,0x68,0xeb,0xff,
    0x00,0x68,0xeb,0xff,0x00,0x68,0xeb,0xff,0x00,0x68,0xeb,0xff,0x00,0x68,0xeb,0xff,
    0x00,0x68,0xeb,0xff,0x00,0x68,0xeb,0xff,0x00,0x68,0xeb,0xff,0x00,0x68,0xeb,0xff,
    0x00,0x68,0xeb,0xff,0x00,0x68,0xeb,0xff,0x00,0x68,0xeb,0xff,0x00,0x68,0xeb,0xff,
    0x00,0x68,0xeb,0xff,0x00,0x68,0xeb,0xff,0x00,0x68,0xeb,0xff,0x00,0x68,0xeb,0xff,
    0x00,0x68,0xeb,0xff,0x00,0x68,0xeb,0xff,0x00,0x68,0xeb,0xff,0x00,0x68,0xeb,0xff,
    0x00,0x68,0xeb,0xff,0x00,0x68,0xeb,0xff,0x00,0x68,0xeb,0xff,0x01,0x66,0xef,0xff,
    0x06,0x6b,0xea,0xff,0x30,0x83,0xe8,0xff,0x49,0x89,0xdc,0xff,0x51,0x8b,0xd4,0xff,
    0x54,0x8b,0xd1,0xff,0x49,0x88,0xd5,0xff,0x3f,0x87,0xd6,0xff,0xde,0xf1,0xfa,0xff,
    0xff,0xff,0xfc,0xff,0xed,0xf5,0xff,0xff,0x54,0x8b,0xd1,0xff,0x49,0x89,0xdc,0xff,
    0x49,0x89,0xdc,0xff,0x49,0x89,0xdc,0xff,0x49,0x89,0xdc,0xff,0x53,0x94,0xe4,0xff,
    0x0f,0x6e,0xe6,0xff,0x02,0x69,0xea,0xff,0x3e,0x8d,0xe2,0xff,0xe0,0xf6,0xff,0xff,
    0xf6,0xfe,0xff,0xff,0xf1,0xfa,0xfc,0xff,0xfe,0xff,0xff,0xff,0xf0,0xfd,0xff,0xff,
    0xd7,0xfa,0xff,0xff,0x57,0x9c,0xe2,0xff,0x9d,0xc9,0xec,0xff,0xf5,0xfa,0xfd,0xff,
    0xfc,0xff,0xff,0xff,0xfc,0xfe,0xff,0xff,0xf2,0xf7,0xf9,0xff,0xf7,0xfd,0xff,0xff,
    0xf1,0xfb,0xff,0xff,0xd8,0xfc,0xff,0xff,0x10,0x70,0xdf,0xff,0x00,0x68,0xeb,0xff,
    0x00,0x68,0xeb,0xff,0x00,0x68,0xeb,0xff,0x00,0x67,0xed,0xff,0x00,0x69,0xee,0xff,
    0x00,0x6a,0xe8,0xff,0x0c,0x6d,0xde,0xff,0xba,0xea,0xff,0xff,0xfd,0xfe,0xff,0xff,
    0xb3,0xda,0xf7,0xff,0x07,0x6e,0xea,0xff,0x01,0x6a,0xe6,0xff,0x00,0x68,0xeb,0xff,
    0x00,0x68,0xeb,0xff,0x00,0x68,0xeb,0xff,0x00,0x68,0xeb,0xff,0x00,0x68,0xeb,0xff,
    0x00,0x68,0xeb,0xff,0x00,0x68,0xeb,0xff,0x00,0x68,0xeb,0xff,0x00,0x68,0xeb,0xff,
    0x00,0x68,0xeb,0xff,0x00,0x68,0xeb,0xff,0x00,0x68,0xeb,0xff,0x00,0x68,0xeb,0xff,
    0x00,0x68,0xeb,0xff,0x00,0x68,0xeb,0xff,0x00,0x68,0xeb,0xff,0x00,0x68,0xeb,0xff,
    0x00,0x68,0xeb,0xff,0x00,0x68,0xeb,0xff,0x00,0x68,0xeb,0xff,0x00,0x68,0xeb,0xff,
    0x00,0x68,0xeb,0xff,0x00,0x68,0xeb,0xff,0x00,0x68,0xeb,0xff,0x00,0x68,0xeb,0xff,
    0x00,0x68,0xeb,0xff,0x00,0x68,0xeb,0xff,0x00,0x68,0xeb,0xff,0x00,0x68,0xeb,0xff,
    0x00,0x68,0xeb,0xff,0x00,0x68,0xeb,0xff,0x00,0x68,0xeb,0xff,0x00,0x68,0xeb,0xff,
    0x00,0x68,0xeb,0xff,0x00,0x68,0xeb,0xff,0x00,0x68,0xeb,0xff,0x00,0x68,0xeb,0xff,
    0x00,0x68,0xeb,0xff,0x00,0x68,0xeb,0xff,0x00,0x68,0xeb,0xff,0x00,0x68,0xeb,0xff,
    0x00,0x68,0xeb,0xff,0x00,0x68,0xeb,0xff,0x00,0x68,0xeb,0xff,0x00,0x68,0xeb,0xff,
    0x00,0x68,0xeb,0xff,0x00,0x68,0xeb,0xff,0x00,0x68,0xeb,0xff,0x00,0x68,0xeb,0xff,
    0x00,0x68,0xeb,0xff,0x00,0x68,0xeb,0xff,0x00,0x68,0xeb,0xff,0x00,0x68,0xeb,0xff,
    0x00,0x68,0xeb,0xff,0x00,0x68,0xeb,0xff,0x00,0x68,0xeb,0xff,0x00,0x68,0xeb,0xff,
    0x00,0x68,0xeb,0xff,0x00,0x68,0xeb,0xff,0x00,0x68,0xeb,0xff,0x00,0x68,0xeb,0xff,
    0x00,0x68,0xeb,0xff,0x00,0x68,0xeb,0xff,0x00,0x68,0xeb,0xff,0x01,0x64,0xe7,0xff,
    0x14,0x6e,0xdc,0xff,0xb2,0xe7,0xff,0xff,0xea,0xfb,0xff,0xff,0xf3,0xfb,0xff,0xff,
    0xf0,0xfd,0xff,0xff,0xeb,0xff,0xff,0xff,0xea,0xff,0xff,0xff,0xfd,0xff,0xff,0xff,
    0xff,0xff,0xfc,0xff,0xfd,0xf7,0xf3,0xff,0xf3,0xfc,0xff,0xff,0xf0,0xfe,0xff,0xff,
    0xf0,0xfe,0xff,0xff,0xf0,0xfe,0xff,0xff,0xef,0xfe,0xff,0xff,0xd5,0xf2,0xff,0xff,
    0x19,0x70,0xe1,0xff,0x06,0x6c,0xf1,0xff,0x5e,0x9d,0xdb,0xff,0xf8,0xff,0xff,0xff,
    0xe0,0xf8,0xff,0xff,0xd3,0xef,0xff,0xff,0xf6,0xff,0xff,0xff,0xe1,0xfa,0xff,0xff,
    0xaf,0xe6,0xff,0xff,0x51,0x98,0xde,0xff,0xe2,0xf5,0xff,0xff,0xf1,0xfb,0xfc,0xff,
    0x7c,0xad,0xe1,0xff,0x4d,0x89,0xd3,0xff,0xb8,0xda,0xec,0xff,0xef,0xfd,0xff,0xff,
    0x87,0xb7,0xe3,0xff,0x2b,0x83,0xeb,0xff,0x06,0x6c,0xe6,0xff,0x00,0x68,0xeb,0xff,
    0x00,0x68,0xeb,0xff,0x00,0x68,0xeb,0xff,0x00,0x68,0xeb,0xff,0x00,0x68,0xeb,0xff,
    0x00,0x6a,0xe8,0xff,0x13,0x71,0xdd,0xff,0xbf,0xed,0xff,0xff,0xfa,0xff,0xff,0xff,
    0xbd,0xe3,0xfc,0xff,0x11,0x6d,0xe0,0xff,0x00,0x6a,0xe9,0xff,0x00,0x68,0xeb,0xff,
    0x00,0x68,0xeb,0xff,0x00,0x68,0xeb,0xff,0x00,0x68,0xeb,0xff,0x00,0x68,0xeb,0xff,
    0x00,0x68,0xeb,0xff,0x00,0x68,0xeb,0xff,0x00,0x68,0xeb,0xff,0x00,0x68,0xeb,0xff,
    0x00,0x68,0xeb,0xff,0x00,0x68,0xeb,0xff,0x00,0x68,0xeb,0xff,0x00,0x68,0xeb,0xff,
    0x00,0x68,0xeb,0xff,0x00,0x68,0xeb,0xff,0x00,0x68,0xeb,0xff,0x00,0x68,0xeb,0xff,
    0x00,0x68,0xeb,0xff,0x00,0x68,0xeb,0xff,0x00,0x68,0xeb,0xff,0x00,0x68,0xeb,0xff,
    0x00,0x68,0xeb,0xff,0x00,0x68,0xeb,0xff,0x00,0x68,0xeb,0xff,0x00,0x68,0xeb,0xff,
    0x00,0x68,0xeb,0xff,0x00,0x68,0xeb,0xff,0x00,0x68,0xeb,0xff,0x00,0x68,0xeb,0xff,
    0x00,0x68,0xeb,0xff,0x00,0x68,0xeb,0xff,0x00,0x68,0xeb,0xff,0x00,0x68,0xeb,0xff,
    0x00,0x68,0xeb,0xff,0x00,0x68,0xeb,0xff,0x00,0x68,0xeb,0xff,0x00,0x68,0xeb,0xff,
    0x00,0x68,0xeb,0xff,0x00,0x68,0xeb,0xff,0x00,0x68,0xeb,0xff,0x00,0x68,0xeb,0xff,
    0x00,0x68,0xeb,0xff,0x00,0x68,0xeb,0xff,0x00,0x68,0xeb,0xff,0x00,0x68,0xeb,0xff,
    0x00,0x68,0xeb,0xff,0x00,0x68,0xeb,0xff,0x00,0x68,0xeb,0xff,0x00,0x68,0xeb,0xff,
    0x00,0x68,0xeb,0xff,0x00,0x68,0xeb,0xff,0x00,0x68,0xeb,0xff,0x00,0x68,0xeb,0xff,
    0x00,0x68,0xeb,0xff,0x00,0x68,0xeb,0xff,0x00,0x68,0xeb,0xff,0x00,0x68,0xeb,0xff,
    0x00,0x68,0xeb,0xff,0x00,0x68,0xeb,0xff,0x00,0x68,0xeb,0xff,0x00,0x68,0xeb,0xff,
    0x00,0x68,0xeb,0xff,0x00,0x68,0xeb,0xff,0x00,0x68,0xeb,0xff,0x08,0x69,0xea,0xff,
    0x16,0x6f,0xe0,0xff,0x98,0xd4,0xfe,0xff,0xb4,0xe8,0xfe,0xff,0xb5,0xe2,0xfe,0xff,
    0xb4,0xe8,0xfe,0xff,0xaf,0xe6,0xfe,0xff,0xaf,0xe5,0xfe,0xff,0xf0,0xfd,0xff,0xff,
    0xfb,0xff,0xff,0xff,0xf0,0xfe,0xff,0xff,0xb6,0xe2,0xfe,0xff,0xae,0xe5,0xfe,0xff,
    0xae,0xe5,0xfe,0xff,0xae,0xe5,0xfe,0xff,0xae,0xe5,0xfe,0xff,0xa4,0xde,0xfe,0xff,
    0x08,0x6b,0xe4,0xff,0x05,0x69,0xe1,0xff,0x89,0xb7,0xe8,0xff,0xee,0xfe,0xff,0xff,
    0x64,0xa7,0xe6,0xff,0x5b,0x9d,0xe0,0xff,0xe8,0xfb,0xff,0xff,0xa5,0xcd,0xee,0xff,
    0x1c,0x6e,0xcf,0xff,0x77,0xaf,0xe1,0xff,0xf9,0xff,0xfd,0xff,0xfb,0xfd,0xfc,0xff,
    0x69,0xa5,0xe1,0xff,0x0f,0x6b,0xd9,0xff,0xa9,0xd1,0xf1,0xff,0xe6,0xfb,0xff,0xff,
    0x52,0x92,0xcf,0xff,0x0d,0x69,0xe8,0xff,0x0a,0x6b,0xe9,0xff,0x02,0x69,0xec,0xff,
    0x02,0x69,0xec,0xff,0x02,0x69,0xec,0xff,0x02,0x69,0xec,0xff,0x01,0x6a,0xec,0xff,
    0x02,0x6b,0xe9,0xff,0x21,0x73,0xd4,0xff,0xe1,0xfe,0xff,0xff,0xfe,0xff,0xff,0xff,
    0xd8,0xf5,0xff,0xff,0x21,0x70,0xd1,0xff,0x03,0x6c,0xf1,0xff,0x00,0x68,0xeb,0xff,
    0x00,0x68,0xeb,0xff,0x00,0x68,0xeb,0xff,0x00,0x68,0xeb,0xff,0x00,0x68,0xeb,0xff,
    0x00,0x68,0xeb,0xff,0x00,0x68,0xeb,0xff,0x00,0x68,0xeb,0xff,0x00,0x68,0xeb,0xff,
    0x00,0x68,0xeb,0xff,0x00,0x68,0xeb,0xff,0x00,0x68,0xeb,0xff,0x00,0x68,0xeb,0xff,
    0x00,0x68,0xeb,0xff,0x00,0x68,0xeb,0xff,0x00,0x68,0xeb,0xff,0x00,0x68,0xeb,0xff,
    0x00,0x68,0xeb,0xff,0x00,0x68,0xeb,0xff,0x00,0x68,0xeb,0xff,0x00,0x68,0xeb,0xff,
    0x00,0x68,0xeb,0xff,0x00,0x68,0xeb,0xff,0x00,0x68,0xeb,0xff,0x00,0x68,0xeb,0xff,
    0x00,0x68,0xeb,0xff,0x00,0x68,0xeb,0xff,0x00,0x68,0xeb,0xff,0x00,0x68,0xeb,0xff,
    0x00,0x68,0xeb,0xff,0x00,0x68,0xeb,0xff,0x00,0x68,0xeb,0xff,0x00,0x68,0xeb,0xff,
    0x00,0x68,0xeb,0xff,0x00,0x68,0xeb,0xff,0x00,0x68,0xeb,0xff,0x00,0x68,0xeb,0xff,
    0x00,0x68,0xeb,0xff,0x00,0x68,0xeb,0xff,0x00,0x68,0xeb,0xff,0x00,0x68,0xeb,0xff,
    0x00,0x68,0xeb,0xff,0x00,0x68,0xeb,0xff,0x00,0x68,0xeb,0xff,0x00,0x68,0xeb,0xff,
    0x00,0x68,0xeb,0xff,0x00,0x68,0xeb,0xff,0x00,0x68,0xeb,0xff,0x00,0x68,0xeb,0xff,
    0x00,0x68,0xeb,0xff,0x00,0x68,0xeb,0xff,0x00,0x68,0xeb,0xff,0x00,0x68,0xeb,0xff,
    0x00,0x68,0xeb,0xff,0x00,0x68,0xeb,0xff,0x00,0x68,0xeb,0xff,0x00,0x68,0xeb,0xff,
    0x00,0x68,0xeb,0xff,0x00,0x68,0xeb,0xff,0x00,0x68,0xeb,0xff,0x00,0x68,0xeb,0xff,
    0x00,0x68,0xeb,0xff,0x00,0x68,0xeb,0xff,0x00,0x68,0xeb,0xff,0x04,0x6b,0xec,0xff,
    0x02,0x69,0xe5,0xff,0x10,0x6e,0xdc,0xff,0x0e,0x69,0xe0,0xff,0x03,0x67,0xe8,0xff,
    0x0a,0x68,0xe5,0xff,0x13,0x6c,0xd6,0xff,0x1e,0x72,0xd0,0xff,0xd3,0xf8,0xff,0xff,
    0xfb,0xff,0xff,0xff,0xec,0xff,0xff,0xff,0x31,0x79,0xcc,0xff,0x0c,0x68,0xe3,0xff,
    0x0b,0x68,0xe4,0xff,0x0b,0x68,0xe4,0xff,0x0b,0x68,0xe4,0xff,0x18,0x76,0xed,0xff,
    0x00,0x67,0xeb,0xff,0x09,0x6b,0xe9,0xff,0x5a,0xa3,0xf3,0xff,0xb1,0xe9,0xfe,0xff,
    0x27,0x82,0xeb,0xff,0x4d,0x98,0xe9,0xff,0xef,0xf9,0xff,0xff,0xb5,0xda,0xf3,0xff,
    0x30,0x75,0xca,0xff,0xd7,0xf0,0xff,0xff,0xfe,0xff,0xff,0xff,0xf5,0xfc,0xff,0xff,
    0x8d,0xba,0xea,0xff,0x1d,0x6e,0xd8,0xff,0xc2,0xe3,0xff,0xff,0xeb,0xfc,0xff,0xff,
    0x2e,0x81,0xde,0xff,0x0a,0x6c,0xe2,0xff,0x02,0x6b,0xe4,0xff,0x02,0x69,0xec,0xff,
    0x02,0x69,0xec,0xff,0x02,0x69,0xec,0xff,0x01,0x6a,0xec,0xff,0x01,0x6d,0xe9,0xff,
    0x01,0x6a,0xeb,0xff,0x31,0x80,0xd5,0xff,0xf3,0xfe,0xff,0xff,0xff,0xff,0xfd,0xff,
    0xef,0xfe,0xff,0xff,0x50,0x95,0xe8,0xff,0x00,0x67,0xec,0xff,0x00,0x68,0xeb,0xff,
    0x00,0x68,0xeb,0xff,0x00,0x69,0xea,0xff,0x00,0x68,0xeb,0xff,0x00,0x68,0xeb,0xff,
    0x00,0x68,0xeb,0xff,0x00,0x68,0xeb,0xff,0x00,0x68,0xeb,0xff,0x00,0x68,0xeb,0xff,
    0x00,0x68,0xeb,0xff,0x00,0x68,0xeb,0xff,0x00,0x68,0xeb,0xff,0x00,0x68,0xeb,0xff,
    0x00,0x68,0xeb,0xff,0x00,0x68,0xeb,0xff,0x00,0x68,0xeb,0xff,0x00,0x68,0xeb,0xff,
    0x00,0x68,0xeb,0xff,0x00,0x68,0xeb,0xff,0x00,0x68,0xeb,0xff,0x00,0x68,0xeb,0xff,
    0x00,0x68,0xeb,0xff,0x00,0x68,0xeb,0xff,0x00,0x68,0xeb,0xff,0x00,0x68,0xeb,0xff,
    0x00,0x68,0xeb,0xff,0x00,0x68,0xeb,0xff,0x00,0x68,0xeb,0xff,0x00,0x68,0xeb,0xff,
    0x00,0x68,0xeb,0xff,0x00,0x68,0xeb,0xff,0x00,0x68,0xeb,0xff,0x00,0x68,0xeb,0xff,
    0x00,0x68,0xeb,0xff,0x00,0x68,0xeb,0xff,0x00,0x68,0xeb,0xff,0x00,0x68,0xeb,0xff,
    0x00,0x68,0xeb,0xff,0x00,0x68,0xeb,0xff,0x00,0x68,0xeb,0xff,0x00,0x68,0xeb,0xff,
    0x00,0x68,0xeb,0xff,0x00,0x68,0xeb,0xff,0x00,0x68,0xeb,0xff,0x00,0x68,0xeb,0xff,
    0x00,0x68,0xeb,0xff,0x00,0x68,0xeb,0xff,0x00,0x68,0xeb,0xff,0x00,0x68,0xeb,0xff,
    0x00,0x68,0xeb,0xff,0x00,0x68,0xeb,0xff,0x00,0x68,0xeb,0xff,0x00,0x68,0xeb,0xff,
    0x00,0x68,0xeb,0xff,0x00,0x68,0xeb,0xff,0x00,0x68,0xeb,0xff,0x00,0x68,0xeb,0xff,
    0x00,0x68,0xeb,0xff,0x00,0x68,0xeb,0xff,0x00,0x68,0xeb,0xff,0x00,0x68,0xeb,0xff,
    0x00,0x68,0xeb,0xff,0x00,0x69,0xea,0xff,0x00,0x69,0xea,0xff,0x01,0x6a,0xeb,0xff,
    0x01,0x6a,0xec,0xff,0x00,0x6a,0xe8,0xff,0x00,0x68,0xe8,0xff,0x02,0x65,0xf3,0xff,
    0x02,0x65,0xf5,0xff,0x01,0x66,0xe4,0xff,0x32,0x7a,0xcf,0xff,0xdc,0xf9,0xff,0xff,
    0xfe,0xff,0xfc,0xff,0xfd,0xfe,0xff,0xff,0x6c,0xa0,0xe1,0xff,0x0f,0x6c,0xe1,0xff,
    0x0a,0x6b,0xe9,0xff,0x05,0x6a,0xea,0xff,0x01,0x67,0xf0,0xff,0x00,0x69,0xee,0xff,
    0x00,0x68,0xeb,0xff,0x01,0x65,0xed,0xff,0x12,0x71,0xe1,0xff,0x09,0x66,0xd9,0xff,
    0x15,0x6f,0xdd,0xff,0x68,0xa3,0xde,0xff,0xfb,0xfd,0xfb,0xff,0xf3,0xfc,0xff,0xff,
    0xe3,0xf8,0xff,0xff,0xbc,0xe3,0xfc,0xff,0xd4,0xee,0xfc,0xff,0xe9,0xf8,0xff,0xff,
    0xc8,0xe3,0xfe,0xff,0x25,0x74,0xcc,0xff,0xf1,0xfb,0xff,0xff,0xe8,0xf5,0xff,0xff,
    0x17,0x77,0xe8,0xff,0x02,0x66,0xf0,0xff,0x00,0x68,0xec,0xff,0x00,0x68,0xeb,0xff,
    0x00,0x68,0xeb,0xff,0x02,0x69,0xec,0xff,0x00,0x69,0xee,0xff,0x07,0x68,0xed,0xff,
    0x17,0x6f,0xdd,0xff,0x80,0xb8,0xf4,0xff,0xf4,0xf8,0xf9,0xff,0xfb,0xf8,0xf5,0xff,
    0xf8,0xff,0xff,0xff,0xaa,0xda,0xf9,0xff,0x05,0x65,0xd9,0xff,0x00,0x6a,0xe8,0xff,
    0x00,0x6a,0xe9,0xff,0x00,0x69,0xea,0xff,0x00,0x68,0xeb,0xff,0x00,0x68,0xeb,0xff,
    0x00,0x68,0xeb,0xff,0x00,0x68,0xeb,0xff,0x00,0x68,0xeb,0xff,0x00,0x68,0xeb,0xff,
    0x00,0x68,0xeb,0xff,0x00,0x68,0xeb,0xff,0x00,0x68,0xeb,0xff,0x00,0x68,0xeb,0xff,
    0x00,0x68,0xeb,0xff,0x00,0x68,0xeb,0xff,0x00,0x68,0xeb,0xff,0x00,0x68,0xeb,0xff,
    0x00,0x68,0xeb,0xff,0x00,0x68,0xeb,0xff,0x00,0x68,0xeb,0xff,0x00,0x68,0xeb,0xff,
    0x00,0x68,0xeb,0xff,0x00,0x68,0xeb,0xff,0x00,0x68,0xeb,0xff,0x00,0x68,0xeb,0xff,
    0x00,0x68,0xeb,0xff,0x00,0x68,0xeb,0xff,0x00,0x68,0xeb,0xff,0x00,0x68,0xeb,0xff,
    0x00,0x68,0xeb,0xff,0x00,0x68,0xeb,0xff,0x00,0x68,0xeb,0xff,0x00,0x68,0xeb,0xff,
    0x00,0x68,0xeb,0xff,0x00,0x68,0xeb,0xff,0x00,0x68,0xeb,0xff,0x00,0x68,0xeb,0xff,
    0x00,0x68,0xeb,0xff,0x00,0x68,0xeb,0xff,0x00,0x68,0xeb,0xff,0x00,0x68,0xeb,0xff,
    0x00,0x68,0xeb,0xff,0x00,0x68,0xeb,0xff,0x00,0x68,0xeb,0xff,0x00,0x68,0xeb,0xff,
    0x00,0x68,0xeb,0xff,0x00,0x68,0xeb,0xff,0x00,0x68,0xeb,0xff,0x00,0x68,0xeb,0xff,
    0x00,0x68,0xeb,0xff,0x00,0x68,0xeb,0xff,0x00,0x68,0xeb,0xff,0x00,0x68,0xeb,0xff,
    0x00,0x68,0xeb,0xff,0x00,0x68,0xeb,0xff,0x00,0x68,0xeb,0xff,0x00,0x68,0xeb,0xff,
    0x00,0x68,0xeb,0xff,0x00,0x68,0xeb,0xff,0x00,0x68,0xeb,0xff,0x00,0x68,0xeb,0xff,
    0x00,0x68,0xeb,0xff,0x00,0x69,0xea,0xff,0x00,0x69,0xea,0xff,0x01,0x6a,0xeb,0xff,
    0x01,0x6a,0xec,0xff,0x00,0x6a,0xe9,0xff,0x00,0x6a,0xe8,0xff,0x01,0x66,0xee,0xff,
    0x00,0x67,0xeb,0xff,0x0c,0x69,0xe3,0xff,0x98,0xca,0xf9,0xff,0xf2,0xfc,0xff,0xff,
    0xf6,0xfc,0xff,0xff,0xf9,0xf9,0xfc,0xff,0xdd,0xf8,0xfe,0xff,0x18,0x6c,0xda,0xff,
    0x01,0x69,0xee,0xff,0x00,0x69,0xee,0xff,0x02,0x69,0xec,0xff,0x00,0x6a,0xe8,0xff,
    0x00,0x67,0xee,0xff,0x06,0x6d,0xee,0xff,0x4f,0x8f,0xd7,0xff,0x8f,0xbd,0xf2,0xff,
    0xcd,0xeb,0xff,0xff,0xf5,0xfd,0xff,0xff,0xff,0xff,0xfa,0xff,0xfc,0xfe,0xfe,0xff,
    0xca,0xef,0xfd,0xff,0x36,0x88,0xe8,0xff,0x2a,0x77,0xd3,0xff,0xc6,0xe2,0xfd,0xff,
    0xec,0xfe,0xff,0xff,0x8f,0xbb,0xeb,0xff,0xfc,0xff,0xff,0xff,0xbb,0xd9,0xfc,0xff,
    0x08,0x6e,0xe5,0xff,0x01,0x66,0xef,0xff,0x00,0x67,0xed,0xff,0x00,0x68,0xeb,0xff,
    0x00,0x68,0xeb,0xff,0x02,0x69,0xec,0xff,0x00,0x69,0xee,0xff,0x08,0x69,0xec,0xff,
    0x2c,0x74,0xd3,0xff,0xde,0xf6,0xff,0xff,0xf2,0xff,0xff,0xff,0xb8,0xd4,0xf7,0xff,
    0xf2,0xfb,0xff,0xff,0xec,0xfa,0xff,0xff,0x3f,0x84,0xd3,0xff,0x01,0x69,0xeb,0xff,
    0x00,0x69,0xee,0xff,0x00,0x69,0xed,0xff,0x00,0x69,0xea,0xff,0x00,0x69,0xea,0xff,
    0x00,0x68,0xeb,0xff,0x00,0x68,0xeb,0xff,0x00,0x68,0xeb,0xff,0x00,0x68,0xeb,0xff,
    0x00,0x68,0xeb,0xff,0x00,0x68,0xeb,0xff,0x00,0x68,0xeb,0xff,0x00,0x68,0xeb,0xff,
    0x00,0x68,0xeb,0xff,0x00,0x68,0xeb,0xff,0x00,0x68,0xeb,0xff,0x00,0x68,0xeb,0xff,
    0x00,0x68,0xeb,0xff,0x00,0x68,0xeb,0xff,0x00,0x68,0xeb,0xff,0x00,0x68,0xeb,0xff,
    0x00,0x68,0xeb,0xff,0x00,0x68,0xeb,0xff,0x00,0x68,0xeb,0xff,0x00,0x68,0xeb,0xff,
    0x00,0x68,0xeb,0xff,0x00,0x68,0xeb,0xff,0x00,0x68,0xeb,0xff,0x00,0x68,0xeb,0xff,
    0x00,0x68,0xeb,0xff,0x00,0x68,0xeb,0xff,0x00,0x68,0xeb,0xff,0x00,0x68,0xeb,0xff,
    0x00,0x68,0xeb,0xff,0x00,0x68,0xeb,0xff,0x00,0x68,0xeb,0xff,0x00,0x68,0xeb,0xff,
    0x00,0x68,0xeb,0xff,0x00,0x68,0xeb,0xff,0x00,0x68,0xeb,0xff,0x00,0x68,0xeb,0xff,
    0x00,0x68,0xeb,0xff,0x00,0x68,0xeb,0xff,0x00,0x68,0xeb,0xff,0x00,0x68,0xeb,0xff,
    0x00,0x68,0xeb,0xff,0x00,0x68,0xeb,0xff,0x00,0x68,0xeb,0xff,0x00,0x68,0xeb,0xff,
    0x00,0x68,0xeb,0xff,0x00,0x68,0xeb,0xff,0x00,0x68,0xeb,0xff,0x00,0x68,0xeb,0xff,
    0x00,0x68,0xeb,0xff,0x00,0x68,0xeb,0xff,0x00,0x68,0xeb,0xff,0x00,0x68,0xeb,0xff,
    0x00,0x68,0xeb,0xff,0x00,0x68,0xeb,0xff,0x00,0x68,0xeb,0xff,0x00,0x68,0xeb,0xff,
    0x00,0x68,0xeb,0xff,0x00,0x69,0xea,0xff,0x00,0x69,0xea,0xff,0x01,0x6a,0xeb,0xff,
    0x01,0x6a,0xec,0xff,0x00,0x6a,0xe9,0xff,0x00,0x6a,0xe8,0xff,0x03,0x67,0xe1,0xff,
    0x05,0x63,0xe3,0xff,0x3d,0x81,0xce,0xff,0xe2,0xf1,0xff,0xff,0xf5,0xfb,0xff,0xff,
    0xbb,0xdd,0xfa,0xff,0xec,0xf5,0xff,0xff,0xf4,0xfd,0xff,0xff,0x82,0xb5,0xf4,0xff,
    0x19,0x72,0xde,0xff,0x00,0x69,0xed,0xff,0x05,0x6a,0xe9,0xff,0x01,0x6d,0xe9,0xff,
    0x00,0x69,0xef,0xff,0x07,0x68,0xea,0xff,0x98,0xd3,0xfd,0xff,0xe8,0xfd,0xff,0xff,
    0xf5,0xfb,0xff,0xff,0xfa,0xfa,0xff,0xff,0xfd,0xfe,0xfe,0xff,0xb4,0xd4,0xed,0xff,
    0x21,0x75,0xd5,0xff,0x00,0x69,0xea,0xff,0x10,0x6d,0xdc,0xff,0x88,0xbd,0xec,0xff,
    0xf1,0xfa,0xff,0xff,0xf8,0xfe,0xff,0xff,0xf2,0xfe,0xff,0xff,0x50,0x90,0xd5,0xff,
    0x05,0x63,0xe4,0xff,0x00,0x68,0xe9,0xff,0x00,0x67,0xea,0xff,0x00,0x68,0xeb,0xff,
    0x00,0x68,0xeb,0xff,0x02,0x69,0xec,0xff,0x05,0x6a,0xea,0xff,0x18,0x71,0xd8,0xff,
    0xb0,0xdb,0xff,0xff,0xf2,0xfb,0xff,0xff,0xce,0xf0,0xfe,0xff,0x2b,0x72,0xc8,0xff,
    0xc2,0xe8,0xfe,0xff,0xfe,0xff,0xff,0xff,0xcb,0xe8,0xfc,0xff,0x1d,0x70,0xd4,0xff,
    0x05,0x6d,0xeb,0xff,0x00,0x69,0xec,0xff,0x00,0x6a,0xe9,0xff,0x00,0x68,0xeb,0xff,
    0x00,0x68,0xeb,0xff,0x00,0x68,0xeb,0xff,0x00,0x68,0xeb,0xff,0x00,0x68,0xeb,0xff,
    0x00,0x68,0xeb,0xff,0x00,0x68,0xeb,0xff,0x00,0x68,0xeb,0xff,0x00,0x68,0xeb,0xff,
    0x00,0x68,0xeb,0xff,0x00,0x68,0xeb,0xff,0x00,0x68,0xeb,0xff,0x00,0x68,0xeb,0xff,
    0x00,0x68,0xeb,0xff,0x00,0x68,0xeb,0xff,0x00,0x68,0xeb,0xff,0x00,0x68,0xeb,0xff,
    0x00,0x68,0xeb,0xff,0x00,0x68,0xeb,0xff,0x00,0x68,0xeb,0xff,0x00,0x68,0xeb,0xff,
    0x00,0x68,0xeb,0xff,0x00,0x68,0xeb,0xff,0x00,0x68,0xeb,0xff,0x00,0x68,0xeb,0xff,
    0x00,0x68,0xeb,0xff,0x00,0x68,0xeb,0xff,0x00,0x68,0xeb,0xff,0x00,0x68,0xeb,0xff,
    0x00,0x68,0xeb,0xff,0x00,0x68,0xeb,0xff,0x00,0x68,0xeb,0xff,0x00,0x68,0xeb,0xff,
    0x00,0x68,0xeb,0xff,0x00,0x68,0xeb,0xff,0x00,0x68,0xeb,0xff,0x00,0x68,0xeb,0xff,
    0x00,0x68,0xeb,0xff,0x00,0x68,0xeb,0xff,0x00,0x68,0xeb,0xff,0x00,0x68,0xeb,0xff,
    0x00,0x68,0xeb,0xff,0x00,0x68,0xeb,0xff,0x00,0x68,0xeb,0xff,0x00,0x68,0xeb,0xff,
    0x00,0x68,0xeb,0xff,0x00,0x68,0xeb,0xff,0x00,0x68,0xeb,0xff,0x00,0x68,0xeb,0xff,
    0x00,0x68,0xeb,0xff,0x00,0x68,0xeb,0xff,0x00,0x68,0xeb,0xff,0x00,0x68,0xeb,0xff,
    0x00,0x68,0xeb,0xff,0x00,0x68,0xeb,0xff,0x00,0x68,0xeb,0xff,0x00,0x68,0xeb,0xff,
    0x00,0x68,0xeb,0xff,0x00,0x69,0xea,0xff,0x00,0x69,0xea,0xff,0x01,0x69,0xec,0xff,
    0x01,0x6a,0xec,0xff,0x00,0x6a,0xe9,0xff,0x00,0x6a,0xe8,0xff,0x05,0x69,0xe7,0xff,
    0x29,0x7c,0xdd,0xff,0xd2,0xe9,0xff,0xff,0xff,0xff,0xff,0xff,0xe6,0xf7,0xff,0xff,
    0x2b,0x77,0xd4,0xff,0xb3,0xd7,0xf8,0xff,0xf1,0xfb,0xff,0xff,0xfb,0xff,0xff,0xff,
    0x76,0xa9,0xe3,0xff,0x13,0x6d,0xde,0xff,0x06,0x6a,0xe8,0xff,0x01,0x6a,0xec,0xff,
    0x02,0x69,0xec,0xff,0x05,0x6b,0xf3,0xff,0x32,0x89,0xe5,0xff,0xd5,0xf3,0xfe,0xff,
    0x86,0xbf,0xf5,0xff,0x74,0xaa,0xe5,0xff,0xf7,0xfe,0xff,0xff,0xad,0xd4,0xf4,0xff,
    0x0b,0x6b,0xe1,0xff,0x00,0x69,0xee,0xff,0x0a,0x6d,0xe0,0xff,0x28,0x78,0xce,0xff,
    0xf6,0xfb,0xfd,0xff,0xff,0xff,0xfd,0xff,0xe9,0xfc,0xff,0xff,0x27,0x75,0xd6,0xff,
    0x04,0x68,0xe9,0xff,0x01,0x6a,0xe4,0xff,0x02,0x67,0xe8,0xff,0x00,0x68,0xeb,0xff,
    0x00,0x68,0xeb,0xff,0x03,0x69,0xec,0xff,0x0e,0x6d,0xe3,0xff,0x78,0xb0,0xec,0xff,
    0xf3,0xfc,0xfe,0xff,0xed,0xfb,0xff,0xff,0x5e,0x9d,0xec,0xff,0x07,0x6b,0xec,0xff,
    0x3d,0x84,0xd8,0xff,0xeb,0xfc,0xff,0xff,0xf3,0xfb,0xff,0xff,0xbc,0xe1,0xf9,0xff,
    0x22,0x75,0xd9,0xff,0x02,0x6a,0xe7,0xff,0x00,0x69,0xe9,0xff,0x00,0x68,0xec,0xff,
    0x00,0x68,0xeb,0xff,0x00,0x68,0xeb,0xff,0x00,0x68,0xeb,0xff,0x00,0x68,0xeb,0xff,
    0x00,0x68,0xeb,0xff,0x00,0x68,0xeb,0xff,0x00,0x68,0xeb,0xff,0x00,0x68,0xeb,0xff,
    0x00,0x68,0xeb,0xff,0x00,0x68,0xeb,0xff,0x00,0x68,0xeb,0xff,0x00,0x68,0xeb,0xff,
    0x00,0x68,0xeb,0xff,0x00,0x68,0xeb,0xff,0x00,0x68,0xeb,0xff,0x00,0x68,0xeb,0xff,
    0x00,0x68,0xeb,0xff,0x00,0x68,0xeb,0xff,0x00,0x68,0xeb,0xff,0x00,0x68,0xeb,0xff,
    0x00,0x68,0xeb,0xff,0x00,0x68,0xeb,0xff,0x00,0x68,0xeb,0xff,0x00,0x68,0xeb,0xff,
    0x00,0x68,0xeb,0xff,0x00,0x68,0xeb,0xff,0x00,0x68,0xeb,0xff,0x00,0x68,0xeb,0xff,
    0x00,0x68,0xeb,0xff,0x00,0x68,0xeb,0xff,0x00,0x68,0xeb,0xff,0x00,0x68,0xeb,0xff,
    0x00,0x68,0xeb,0xff,0x00,0x68,0xeb,0xff,0x00,0x68,0xeb,0xff,0x00,0x68,0xeb,0xff,
    0x00,0x68,0xeb,0xff,0x00,0x68,0xeb,0xff,0x00,0x68,0xeb,0xff,0x00,0x68,0xeb,0xff,
    0x00,0x68,0xeb,0xff,0x00,0x68,0xeb,0xff,0x00,0x68,0xeb,0xff,0x00,0x68,0xeb,0xff,
    0x00,0x68,0xeb,0xff,0x00,0x68,0xeb,0xff,0x00,0x68,0xeb,0xff,0x00,0x68,0xeb,0xff,
    0x00,0x68,0xeb,0xff,0x00,0x68,0xeb,0xff,0x00,0x68,0xeb,0xff,0x00,0x68,0xeb,0xff,
    0x00,0x68,0xeb,0xff,0x00,0x68,0xeb,0xff,0x00,0x68,0xeb,0xff,0x00,0x68,0xeb,0xff,
    0x00,0x68,0xeb,0xff,0x00,0x68,0xeb,0xff,0x00,0x68,0xeb,0xff,0x01,0x66,0xf1,0xff,
    0x02,0x67,0xef,0xff,0x08,0x6f,0xe9,0xff,0x08,0x6e,0xe7,0xff,0x49,0x8e,0xdc,0xff,
    0xd7,0xee,0xff,0xff,0xf7,0xf9,0xfd,0xff,0xed,0xf6,0xff,0xff,0x6d,0xa6,0xec,0xff,
    0x03,0x63,0xe7,0xff,0x16,0x70,0xd8,0xff,0xc9,0xeb,0xff,0xff,0xf8,0xfe,0xff,0xff,
    0xf6,0xfe,0xff,0xff,0xb1,0xd9,0xfb,0xff,0x35,0x7f,0xd5,0xff,0x08,0x69,0xde,0xff,
    0x05,0x6c,0xec,0xff,0x04,0x68,0xeb,0xff,0x05,0x64,0xe6,0xff,0x16,0x6d,0xdb,0xff,
    0x08,0x6b,0xe1,0xff,0x59,0x9c,0xe3,0xff,0xec,0xf6,0xff,0xff,0xad,0xd3,0xf4,0xff,
    0x0c,0x6e,0xe6,0xff,0x01,0x65,0xea,0xff,0x0a,0x6c,0xe0,0xff,0x81,0xc0,0xf3,0xff,
    0xf6,0xf9,0xff,0xff,0xfc,0xfb,0xff,0xff,0xf8,0xfd,0xff,0xff,0xc4,0xeb,0xff,0xff,
    0x40,0x8d,0xdc,0xff,0x10,0x6c,0xe3,0xff,0x03,0x68,0xf4,0xff,0x01,0x66,0xf0,0xff,
    0x0b,0x6c,0xe9,0xff,0x12,0x6f,0xe0,0xff,0x96,0xc7,0xff,0xff,0xec,0xf8,0xff,0xff,
    0xf4,0xfd,0xff,0xff,0x97,0xca,0xf0,0xff,0x0f,0x6e,0xdd,0xff,0x02,0x65,0xee,0xff,
    0x04,0x66,0xe5,0xff,0x71,0xad,0xec,0xff,0xea,0xfb,0xfe,0xff,0xff,0xff,0xfd,0xff,
    0xd7,0xec,0xff,0xff,0x48,0x91,0xe5,0xff,0x08,0x65,0xe5,0xff,0x02,0x66,0xed,0xff,
    0x01,0x66,0xf0,0xff,0x00,0x67,0xee,0xff,0x00,0x68,0xec,0xff,0x00,0x68,0xeb,0xff,
    0x00,0x68,0xeb,0xff,0x00,0x68,0xeb,0xff,0x00,0x68,0xeb,0xff,0x00,0x68,0xeb,0xff,
    0x00,0x68,0xeb,0xff,0x00,0x68,0xeb,0xff,0x00,0x68,0xeb,0xff,0x00,0x68,0xeb,0xff,
    0x00,0x68,0xeb,0xff,0x00,0x68,0xeb,0xff,0x00,0x68,0xeb,0xff,0x00,0x68,0xeb,0xff,
    0x00,0x68,0xeb,0xff,0x00,0x68,0xeb,0xff,0x00,0x68,0xeb,0xff,0x00,0x68,0xeb,0xff,
    0x00,0x68,0xeb,0xff,0x00,0x68,0xeb,0xff,0x00,0x68,0xeb,0xff,0x00,0x68,0xeb,0xff,
    0x00,0x68,0xeb,0xff,0x00,0x68,0xeb,0xff,0x00,0x68,0xeb,0xff,0x00,0x68,0xeb,0xff,
    0x00,0x68,0xeb,0xff,0x00,0x68,0xeb,0xff,0x00,0x68,0xeb,0xff,0x00,0x68,0xeb,0xff,
    0x00,0x68,0xeb,0xff,0x00,0x68,0xeb,0xff,0x00,0x68,0xeb,0xff,0x00,0x68,0xeb,0xff,
    0x00,0x68,0xeb,0xff,0x00,0x68,0xeb,0xff,0x00,0x68,0xeb,0xff,0x00,0x68,0xeb,0xff,
    0x00,0x68,0xeb,0xff,0x00,0x68,0xeb,0xff,0x00,0x68,0xeb,0xff,0x00,0x68,0xeb,0xff,
    0x00,0x68,0xeb,0xff,0x00,0x68,0xeb,0xff,0x00,0x68,0xeb,0xff,0x00,0x68,0xeb,0xff,
    0x00,0x68,0xeb,0xff,0x00,0x68,0xeb,0xff,0x00,0x68,0xeb,0xff,0x00,0x68,0xeb,0xff,
    0x00,0x68,0xeb,0xff,0x00,0x68,0xeb,0xff,0x00,0x68,0xeb,0xff,0x00,0x68,0xeb,0xff,
    0x00,0x68,0xeb,0xff,0x00,0x68,0xeb,0xff,0x00,0x68,0xeb,0xff,0x02,0x68,0xf0,0xff,
    0x06,0x65,0xe8,0xff,0x35,0x89,0xe1,0xff,0xa8,0xd3,0xf8,0xff,0xf2,0xf9,0xfd,0xff,
    0xff,0xff,0xff,0xff,0xf1,0xfb,0xff,0xff,0x73,0xad,0xf5,0xff,0x0e,0x6c,0xe3,0xff,
    0x01,0x68,0xea,0xff,0x01,0x66,0xe1,0xff,0x1a,0x6d,0xd5,0xff,0xcf,0xee,0xff,0xff,
    0xfd,0xfe,0xff,0xff,0xf5,0xf7,0xfb,0xff,0xeb,0xfc,0xff,0xff,0xa7,0xd7,0xfd,0xff,
    0x3c,0x8d,0xed,0xff,0x01,0x66,0xef,0xff,0x02,0x65,0xf4,0xff,0x03,0x6a,0xea,0xff,
    0x04,0x6a,0xeb,0xff,0x58,0x9c,0xe6,0xff,0xed,0xf9,0xff,0xff,0xb3,0xd8,0xf3,0xff,
    0x28,0x76,0xd2,0xff,0x46,0x8d,0xdf,0xff,0xc1,0xdf,0xf7,0xff,0xf3,0xf8,0xff,0xff,
    0xeb,0xf8,0xff,0xff,0xa4,0xd3,0xf5,0xff,0xf2,0xfc,0xff,0xff,0xf0,0xf9,0xff,0xff,
    0xd5,0xf6,0xff,0xff,0xa6,0xdc,0xff,0xff,0x17,0x73,0xde,0xff,0x14,0x74,0xe7,0xff,
    0x63,0x9d,0xda,0xff,0xdb,0xf4,0xff,0xff,0xe9,0xf8,0xff,0xff,0xf8,0xfe,0xff,0xff,
    0xac,0xd5,0xf0,0xff,0x16,0x70,0xd7,0xff,0x05,0x6b,0xe0,0xff,0x00,0x67,0xea,0xff,
    0x00,0x69,0xeb,0xff,0x0f,0x6f,0xde,0xff,0x8c,0xc8,0xf8,0xff,0xf6,0xfc,0xfd,0xff,
    0xfa,0xfc,0xfc,0xff,0xf0,0xfc,0xff,0xff,0xb9,0xdc,0xfc,0xff,0x3f,0x87,0xde,0xff,
    0x04,0x6b,0xe9,0xff,0x02,0x68,0xed,0xff,0x07,0x68,0xea,0xff,0x00,0x68,0xeb,0xff,
    0x00,0x68,0xeb,0xff,0x00,0x68,0xeb,0xff,0x00,0x68,0xeb,0xff,0x00,0x68,0xeb,0xff,
    0x00,0x68,0xeb,0xff,0x00,0x68,0xeb,0xff,0x00,0x68,0xeb,0xff,0x00,0x68,0xeb,0xff,
    0x00,0x68,0xeb,0xff,0x00,0x68,0xeb,0xff,0x00,0x68,0xeb,0xff,0x00,0x68,0xeb,0xff,
    0x00,0x68,0xeb,0xff,0x00,0x68,0xeb,0xff,0x00,0x68,0xeb,0xff,0x00,0x68,0xeb,0xff,
    0x00,0x68,0xeb,0xff,0x00,0x68,0xeb,0xff,0x00,0x68,0xeb,0xff,0x00,0x68,0xeb,0xff,
    0x00,0x68,0xeb,0xff,0x00,0x68,0xeb,0xff,0x00,0x68,0xeb,0xff,0x00,0x68,0xeb,0xff,
    0x00,0x68,0xeb,0xff,0x00,0x68,0xeb,0xff,0x00,0x68,0xeb,0xff,0x00,0x68,0xeb,0xff,
    0x00,0x68,0xeb,0xff,0x00,0x68,0xeb,0xff,0x00,0x68,0xeb,0xff,0x00,0x68,0xeb,0xff,
    0x00,0x68,0xeb,0xff,0x00,0x68,0xeb,0xff,0x00,0x68,0xeb,0xff,0x00,0x68,0xeb,0xff,
    0x00,0x69,0xea,0xff,0x00,0x69,0xea,0xff,0x00,0x69,0xea,0xff,0x00,0x69,0xea,0xff,
    0x00,0x68,0xeb,0xff,0x00,0x68,0xeb,0xff,0x00,0x68,0xeb,0xff,0x00,0x68,0xeb,0xff,
    0x00,0x68,0xeb,0xff,0x00,0x68,0xeb,0xff,0x00,0x68,0xeb,0xff,0x00,0x68,0xeb,0xff,
    0x00,0x68,0xeb,0xff,0x00,0x68,0xeb,0xff,0x00,0x68,0xeb,0xff,0x00,0x68,0xeb,0xff,
    0x00,0x68,0xeb,0xff,0x00,0x68,0xeb,0xff,0x00,0x68,0xeb,0xff,0x03,0x67,0xf4,0xff,
    0x1d,0x78,0xe9,0xff,0xad,0xdf,0xfb,0xff,0xf8,0xfc,0xff,0xff,0xfc,0xfd,0xf9,0xff,
    0xdf,0xf1,0xff,0xff,0x4c,0x93,0xdb,0xff,0x08,0x6b,0xe1,0xff,0x00,0x68,0xeb,0xff,
    0x03,0x6a,0xe9,0xff,0x03,0x6a,0xea,0xff,0x01,0x66,0xf0,0xff,0x24,0x76,0xd7,0xff,
    0xbd,0xda,0xf6,0xff,0xf4,0xf6,0xff,0xff,0xf4,0xfd,0xff,0xff,0xb7,0xe6,0xfb,0xff,
    0x1b,0x6f,0xd3,0xff,0x01,0x66,0xf1,0xff,0x02,0x65,0xf5,0xff,0x02,0x69,0xec,0xff,
    0x04,0x6a,0xea,0xff,0x5a,0x9d,0xe7,0xff,0xef,0xfa,0xff,0xff,0xbc,0xda,0xf2,0xff,
    0xa6,0xd3,0xf4,0xff,0xe8,0xfa,0xff,0xff,0xed,0xfb,0xff,0xff,0xcd,0xe4,0xfb,0xff,
    0x33,0x81,0xe6,0xff,0x0f,0x6f,0xd3,0xff,0x61,0x9e,0xe4,0xff,0xe3,0xf1,0xfe,0xff,
    0xe7,0xfc,0xff,0xff,0x8c,0xc7,0xf3,0xff,0x04,0x6d,0xe7,0xff,0x29,0x82,0xec,0xff,
    0xcb,0xef,0xfe,0xff,0xf4,0xff,0xff,0xff,0xea,0xfc,0xff,0xff,0x89,0xb9,0xed,0xff,
    0x1c,0x74,0xde,0xff,0x02,0x6a,0xe5,0xff,0x00,0x6a,0xe8,0xff,0x01,0x6b,0xe7,0xff,
    0x00,0x6a,0xe9,0xff,0x01,0x68,0xf0,0xff,0x0c,0x6c,0xe7,0xff,0x93,0xc0,0xf2,0xff,
    0xf6,0xfc,0xff,0xff,0xef,0xf9,0xff,0xff,0xa4,0xcf,0xfa,0xff,0x0f,0x6d,0xe1,0xff,
    0x02,0x65,0xf3,0xff,0x01,0x68,0xee,0xff,0x01,0x6a,0xe8,0xff,0x00,0x68,0xeb,0xff,
    0x00,0x68,0xeb,0xff,0x00,0x68,0xeb,0xff,0x00,0x68,0xeb,0xff,0x00,0x68,0xeb,0xff,
    0x00,0x68,0xeb,0xff,0x00,0x68,0xeb,0xff,0x00,0x68,0xeb,0xff,0x00,0x68,0xeb,0xff,
    0x00,0x68,0xeb,0xff,0x00,0x68,0xeb,0xff,0x00,0x68,0xeb,0xff,0x00,0x68,0xeb,0xff,
    0x00,0x68,0xeb,0xff,0x00,0x68,0xeb,0xff,0x00,0x68,0xeb,0xff,0x00,0x68,0xeb,0xff,
    0x00,0x68,0xeb,0xff,0x00,0x68,0xeb,0xff,0x00,0x68,0xeb,0xff,0x00,0x68,0xeb,0xff,
    0x00,0x68,0xeb,0xff,0x00,0x68,0xeb,0xff,0x00,0x68,0xeb,0xff,0x00,0x68,0xeb,0xff,
    0x00,0x68,0xeb,0xff,0x00,0x68,0xeb,0xff,0x00,0x68,0xeb,0xff,0x00,0x68,0xeb,0xff,
    0x00,0x68,0xeb,0xff,0x00,0x68,0xeb,0xff,0x00,0x68,0xeb,0xff,0x00,0x68,0xeb,0xff,
    0x00,0x68,0xeb,0xff,0x00,0x68,0xeb,0xff,0x00,0x68,0xeb,0xff,0x00,0x68,0xeb,0xff,
    0x00,0x69,0xea,0xff,0x00,0x69,0xea,0xff,0x00,0x69,0xea,0xff,0x00,0x69,0xea,0xff,
    0x00,0x68,0xeb,0xff,0x00,0x68,0xeb,0xff,0x00,0x68,0xeb,0xff,0x00,0x68,0xeb,0xff,
    0x00,0x68,0xeb,0xff,0x00,0x68,0xeb,0xff,0x00,0x68,0xeb,0xff,0x00,0x68,0xeb,0xff,
    0x00,0x68,0xeb,0xff,0x00,0x68,0xeb,0xff,0x00,0x68,0xeb,0xff,0x00,0x68,0xeb,0xff,
    0x00,0x68,0xeb,0xff,0x00,0x68,0xeb,0xff,0x00,0x68,0xeb,0xff,0x01,0x67,0xe7,0xff,
    0x0b,0x6f,0xe0,0xff,0x2e,0x79,0xcc,0xff,0xc4,0xe5,0xff,0xff,0x8e,0xc4,0xf3,0xff,
    0x19,0x72,0xd2,0xff,0x0d,0x71,0xdc,0xff,0x06,0x6f,0xea,0xff,0x00,0x6a,0xe8,0xff,
    0x00,0x69,0xea,0xff,0x00,0x6a,0xe8,0xff,0x0c,0x6b,0xe4,0xff,0x07,0x6a,0xea,0xff,
    0x0b,0x6d,0xe2,0xff,0x57,0xa3,0xf2,0xff,0xad,0xd9,0xfe,0xff,0x22,0x79,0xe1,0xff,
    0x04,0x6b,0xe3,0xff,0x05,0x67,0xea,0xff,0x05,0x67,0xed,0xff,0x04,0x6a,0xeb,0xff,
    0x04,0x6a,0xea,0xff,0x50,0x97,0xe5,0xff,0xe2,0xf5,0xff,0xff,0xa2,0xcc,0xef,0xff,
    0x28,0x76,0xd3,0xff,0xa0,0xd3,0xf9,0xff,0x6e,0xb3,0xf4,0xff,0x1b,0x74,0xdc,0xff,
    0x04,0x69,0xf3,0xff,0x05,0x6b,0xf1,0xff,0x0b,0x6a,0xde,0xff,0x33,0x7d,0xd5,0xff,
    0x8f,0xcc,0xf8,0xff,0x11,0x6e,0xe6,0xff,0x03,0x65,0xea,0xff,0x01,0x6a,0xe7,0xff,
    0x2b,0x76,0xd1,0xff,0xb9,0xe0,0xff,0xff,0x49,0x8f,0xe5,0xff,0x0a,0x6b,0xe7,0xff,
    0x02,0x67,0xe8,0xff,0x01,0x6a,0xec,0xff,0x02,0x6e,0xe3,0xff,0x05,0x6e,0xe1,0xff,
    0x00,0x6a,0xe9,0xff,0x04,0x69,0xeb,0xff,0x0a,0x6a,0xea,0xff,0x0e,0x6b,0xe2,0xff,
    0x5c,0xa1,0xef,0xff,0x9b,0xd1,0xfb,0xff,0x18,0x70,0xd9,0xff,0x05,0x69,0xe6,0xff,
    0x00,0x67,0xed,0xff,0x00,0x67,0xee,0xff,0x00,0x68,0xeb,0xff,0x00,0x68,0xeb,0xff,
    0x00,0x68,0xeb,0xff,0x00,0x68,0xeb,0xff,0x00,0x68,0xeb,0xff,0x00,0x68,0xeb,0xff,
    0x00,0x68,0xeb,0xff,0x00,0x68,0xeb,0xff,0x00,0x68,0xeb,0xff,0x00,0x68,0xeb,0xff,
    0x00,0x68,0xeb,0xff,0x00,0x68,0xeb,0xff,0x00,0x68,0xeb,0xff,0x00,0x68,0xeb,0xff,
    0x00,0x68,0xeb,0xff,0x00,0x68,0xeb,0xff,0x00,0x68,0xeb,0xff,0x00,0x68,0xeb,0xff,
    0x00,0x68,0xeb,0xff,0x00,0x68,0xeb,0xff,0x00,0x68,0xeb,0xff,0x00,0x68,0xeb,0xff,
    0x00,0x68,0xeb,0xff,0x00,0x68,0xeb,0xff,0x00,0x68,0xeb,0xff,0x00,0x68,0xeb,0xff,
    0x00,0x68,0xeb,0xff,0x00,0x68,0xeb,0xff,0x00,0x68,0xeb,0xff,0x00,0x68,0xeb,0xff,
    0x00,0x68,0xeb,0xff,0x00,0x68,0xeb,0xff,0x00,0x68,0xeb,0xff,0x00,0x68,0xeb,0xff,
    0x00,0x68,0xeb,0xff,0x00,0x68,0xeb,0xff,0x00,0x68,0xeb,0xff,0x00,0x69,0xea,0xff,
    0x00,0x69,0xea,0xff,0x00,0x6a,0xe8,0xff,0x00,0x69,0xea,0xff,0x00,0x69,0xea,0xff,
    0x00,0x69,0xea,0xff,0x00,0x69,0xea,0xff,0x00,0x68,0xeb,0xff,0x00,0x68,0xeb,0xff,
    0x00,0x68,0xeb,0xff,0x00,0x68,0xeb,0xff,0x00,0x68,0xeb,0xff,0x00,0x68,0xeb,0xff,
    0x00,0x68,0xeb,0xff,0x00,0x68,0xeb,0xff,0x00,0x68,0xeb,0xff,0x00,0x68,0xeb,0xff,
    0x00,0x68,0xeb,0xff,0x00,0x68,0xeb,0xff,0x00,0x68,0xeb,0xff,0x00,0x67,0xea,0xff,
    0x00,0x69,0xe7,0xff,0x07,0x6a,0xe5,0xff,0x0d,0x6b,0xe1,0xff,0x0b,0x6b,0xe3,0xff,
    0x05,0x6b,0xe7,0xff,0x01,0x6a,0xe9,0xff,0x00,0x69,0xea,0xff,0x00,0x69,0xea,0xff,
    0x00,0x68,0xeb,0xff,0x04,0x6a,0xeb,0xff,0x04,0x6a,0xeb,0xff,0x00,0x68,0xeb,0xff,
    0x00,0x68,0xea,0xff,0x02,0x69,0xe6,0xff,0x0c,0x6b,0xe2,0xff,0x02,0x6b,0xe6,0xff,
    0x00,0x6a,0xe8,0xff,0x00,0x6a,0xe8,0xff,0x00,0x69,0xe9,0xff,0x02,0x6b,0xea,0xff,
    0x02,0x6a,0xec,0xff,0x08,0x6b,0xe7,0xff,0x13,0x6e,0xdf,0xff,0x10,0x6c,0xe1,0xff,
    0x07,0x6a,0xe9,0xff,0x0c,0x6c,0xe4,0xff,0x08,0x6b,0xe7,0xff,0x02,0x6a,0xe9,0xff,
    0x01,0x68,0xee,0xff,0x00,0x67,0xed,0xff,0x00,0x68,0xeb,0xff,0x05,0x6a,0xe6,0xff,
    0x09,0x6a,0xe5,0xff,0x00,0x68,0xeb,0xff,0x00,0x68,0xeb,0xff,0x00,0x68,0xeb,0xff,
    0x06,0x6a,0xe8,0xff,0x0a,0x67,0xe1,0xff,0x07,0x68,0xe6,0xff,0x00,0x67,0xec,0xff,
    0x00,0x68,0xeb,0xff,0x00,0x68,0xeb,0xff,0x00,0x69,0xe9,0xff,0x00,0x69,0xe9,0xff,
    0x00,0x69,0xeb,0xff,0x03,0x69,0xec,0xff,0x03,0x69,0xeb,0xff,0x02,0x69,0xec,0xff,
    0x05,0x6a,0xe8,0xff,0x09,0x6b,0xe6,0xff,0x03,0x69,0xeb,0xff,0x00,0x69,0xea,0xff,
    0x00,0x68,0xeb,0xff,0x00,0x68,0xeb,0xff,0x00,0x68,0xeb,0xff,0x00,0x68,0xeb,0xff,
    0x00,0x68,0xeb,0xff,0x00,0x68,0xeb,0xff,0x00,0x68,0xeb,0xff,0x00,0x68,0xeb,0xff,
    0x00,0x68,0xeb,0xff,0x00,0x68,0xeb,0xff,0x00,0x68,0xeb,0xff,0x00,0x68,0xeb,0xff,
    0x00,0x68,0xeb,0xff,0x00,0x68,0xeb,0xff,0x00,0x68,0xeb,0xff,0x00,0x68,0xeb,0xff,
    0x00,0x68,0xeb,0xff,0x00,0x68,0xeb,0xff,0x00,0x68,0xeb,0xff,0x00,0x68,0xeb,0xff,
    0x00,0x68,0xeb,0xff,0x00,0x68,0xeb,0xff,0x00,0x68,0xeb,0xff,0x00,0x68,0xeb,0xff,
    0x00,0x68,0xeb,0xff,0x00,0x68,0xeb,0xff,0x00,0x68,0xeb,0xff,0x00,0x68,0xeb,0xff,
    0x00,0x68,0xeb,0xff,0x00,0x68,0xeb,0xff,0x00,0x68,0xeb,0xff,0x00,0x68,0xeb,0xff,
    0x00,0x68,0xeb,0xff,0x00,0x68,0xeb,0xff,0x00,0x68,0xeb,0xff,0x00,0x68,0xeb,0xff,
    0x00,0x68,0xeb,0xff,0x00,0x68,0xeb,0xff,0x00,0x68,0xeb,0xff,0x00,0x68,0xea,0xff,
    0x00,0x69,0xea,0xff,0x00,0x6a,0xe8,0xff,0x00,0x69,0xea,0xff,0x00,0x69,0xea,0xff,
    0x00,0x69,0xea,0xff,0x00,0x69,0xea,0xff,0x00,0x68,0xeb,0xff,0x00,0x68,0xeb,0xff,
    0x00,0x68,0xeb,0xff,0x00,0x68,0xeb,0xff,0x01,0x69,0xec,0xff,0x01,0x69,0xec,0xff,
    0x00,0x68,0xeb,0xff,0x00,0x68,0xeb,0xff,0x00,0x68,0xeb,0xff,0x00,0x68,0xeb,0xff,
    0x00,0x68,0xeb,0xff,0x00,0x68,0xeb,0xff,0x00,0x68,0xeb,0xff,0x00,0x67,0xea,0xff,
    0x00,0x67,0xea,0xff,0x00,0x67,0xea,0xff,0x00,0x68,0xea,0xff,0x00,0x69,0xea,0xff,
    0x04,0x6a,0xea,0xff,0x01,0x69,0xea,0xff,0x00,0x69,0xea,0xff,0x00,0x68,0xeb,0xff,
    0x00,0x68,0xeb,0xff,0x02,0x69,0xec,0xff,0x02,0x69,0xec,0xff,0x00,0x68,0xeb,0xff,
    0x00,0x67,0xea,0xff,0x00,0x67,0xea,0xff,0x00,0x67,0xea,0xff,0x00,0x6a,0xe8,0xff,
    0x00,0x6a,0xe8,0xff,0x00,0x6a,0xe8,0xff,0x00,0x6a,0xe8,0xff,0x02,0x6b,0xea,0xff,
    0x01,0x6a,0xec,0xff,0x02,0x69,0xec,0xff,0x02,0x69,0xec,0xff,0x02,0x69,0xec,0xff,
    0x02,0x69,0xec,0xff,0x02,0x69,0xec,0xff,0x02,0x69,0xec,0xff,0x02,0x69,0xec,0xff,
    0x02,0x69,0xec,0xff,0x00,0x68,0xeb,0xff,0x00,0x68,0xeb,0xff,0x00,0x68,0xeb,0xff,
    0x00,0x68,0xeb,0xff,0x01,0x68,0xeb,0xff,0x02,0x69,0xec,0xff,0x00,0x68,0xeb,0xff,
    0x00,0x68,0xeb,0xff,0x00,0x68,0xeb,0xff,0x00,0x68,0xeb,0xff,0x00,0x68,0xeb,0xff,
    0x00,0x68,0xeb,0xff,0x00,0x68,0xeb,0xff,0x00,0x68,0xeb,0xff,0x00,0x68,0xeb,0xff,
    0x00,0x68,0xeb,0xff,0x02,0x69,0xec,0xff,0x02,0x69,0xec,0xff,0x02,0x69,0xec,0xff,
    0x02,0x69,0xec,0xff,0x02,0x69,0xec,0xff,0x01,0x69,0xec,0xff,0x00,0x68,0xeb,0xff,
    0x00,0x68,0xeb,0xff,0x00,0x68,0xeb,0xff,0x00,0x68,0xeb,0xff,0x00,0x68,0xeb,0xff,
    0x00,0x68,0xeb,0xff,0x00,0x68,0xeb,0xff,0x00,0x68,0xeb,0xff,0x00,0x68,0xeb,0xff,
    0x00,0x68,0xeb,0xff,0x00,0x68,0xeb,0xff,0x00,0x68,0xeb,0xff,0x00,0x68,0xeb,0xff,
    0x00,0x68,0xeb,0xff,0x00,0x68,0xeb,0xff,0x00,0x68,0xeb,0xff,0x00,0x68,0xeb,0xff,
    0x00,0x68,0xeb,0xff,0x00,0x68,0xeb,0xff,0x00,0x68,0xeb,0xff,0x00,0x68,0xeb,0xff,
    0x00,0x68,0xeb,0xff,0x00,0x68,0xeb,0xff,0x00,0x68,0xeb,0xff,0x00,0x68,0xeb,0xff,
    0x00,0x68,0xeb,0xff,0x00,0x68,0xeb,0xff,0x00,0x68,0xeb,0xff,0x00,0x68,0xeb,0xff,
    0x00,0x68,0xeb,0xff,0x00,0x68,0xeb,0xff,0x00,0x68,0xeb,0xff,0x00,0x68,0xeb,0xff,
    0x00,0x68,0xeb,0xff,0x00,0x68,0xeb,0xff,0x00,0x68,0xeb,0xff,0x00,0x68,0xeb,0xff,
    0x00,0x68,0xeb,0xff,0x00,0x68,0xeb,0xff,0x00,0x68,0xeb,0xff,0x00,0x68,0xeb,0xff,
    0x02,0x69,0xe8,0xff,0x00,0x6b,0xe8,0xff,0x00,0x6a,0xe8,0xff,0x01,0x6b,0xe9,0xff,
    0x00,0x69,0xeb,0xff,0x00,0x69,0xea,0xff,0x00,0x68,0xeb,0xff,0x00,0x68,0xeb,0xff,
    0x02,0x68,0xea,0xff,0x02,0x69,0xec,0xff,0x02,0x69,0xec,0xff,0x02,0x69,0xec,0xff,
    0x02,0x69,0xec,0xff,0x02,0x69,0xec,0xff,0x02,0x69,0xec,0xff,0x02,0x69,0xec,0xff,
    0x02,0x69,0xec,0xff,0x02,0x69,0xec,0xff,0x02,0x69,0xec,0xff,0x01,0x69,0xeb,0xff,
    0x00,0x69,0xea,0xff,0x00,0x69,0xea,0xff,0x00,0x69,0xea,0xff,0x03,0x68,0xe9,0xff,
    0x04,0x68,0xe8,0xff,0x00,0x68,0xea,0xff,0x00,0x68,0xea,0xff,0x00,0x69,0xea,0xff,
    0x00,0x68,0xeb,0xff,0x04,0x6b,0xf1,0xff,0x01,0x68,0xeb,0xff,0x00,0x68,0xeb,0xff,
    0x02,0x69,0xee,0xff,0x00,0x68,0xea,0xff,0x00,0x69,0xea,0xff,0x00,0x6a,0xe8,0xff,
    0x00,0x6a,0xe8,0xff,0x00,0x6a,0xe8,0xff,0x00,0x6a,0xe8,0xff,0x01,0x6a,0xec,0xff,
    0x01,0x6a,0xec,0xff,0x02,0x69,0xec,0xff,0x02,0x69,0xec,0xff,0x02,0x69,0xec,0xff,
    0x02,0x69,0xec,0xff,0x02,0x69,0xec,0xff,0x02,0x69,0xec,0xff,0x02,0x69,0xec,0xff,
    0x02,0x69,0xec,0xff,0x02,0x69,0xec,0xff,0x02,0x6a,0xed,0xff,0x02,0x6a,0xed,0xff,
    0x02,0x6a,0xed,0xff,0x02,0x69,0xec,0xff,0x02,0x69,0xec,0xff,0x02,0x69,0xec,0xff,
    0x02,0x69,0xec,0xff,0x02,0x69,0xec,0xff,0x02,0x69,0xec,0xff,0x02,0x69,0xec,0xff,
    0x02,0x69,0xec,0xff,0x02,0x69,0xec,0xff,0x02,0x69,0xec,0xff,0x02,0x69,0xec,0xff,
    0x02,0x69,0xec,0xff,0x02,0x69,0xec,0xff,0x02,0x69,0xec,0xff,0x02,0x69,0xec,0xff,
    0x02,0x69,0xec,0xff,0x02,0x69,0xec,0xff,0x02,0x69,0xec,0xff,0x02,0x69,0xec,0xff,
    0x02,0x69,0xec,0xff,0x02,0x69,0xec,0xff,0x02,0x69,0xec,0xff,0x02,0x69,0xec,0xff,
    0x02,0x69,0xec,0xff,0x02,0x69,0xec,0xff,0x02,0x69,0xec,0xff,0x02,0x69,0xec,0xff,
    0x02,0x69,0xec,0xff,0x02,0x69,0xec,0xff,0x02,0x69,0xec,0xff,0x02,0x69,0xec,0xff,
    0x02,0x69,0xec,0xff,0x02,0x69,0xec,0xff,0x02,0x69,0xec,0xff,0x02,0x69,0xec,0xff,
    0x02,0x69,0xec,0xff,0x02,0x69,0xec,0xff,0x00,0x68,0xeb,0xff,0x00,0x68,0xeb,0xff,
    0x00,0x68,0xeb,0xff,0x00,0x68,0xeb,0xff,0x00,0x68,0xeb,0xff,0x00,0x68,0xeb,0xff,
    0x00,0x68,0xeb,0xff,0x00,0x68,0xeb,0xff,0x00,0x68,0xeb,0xff,0x00,0x68,0xeb,0xff,
    0x00,0x68,0xeb,0xff,0x00,0x68,0xeb,0xff,0x00,0x68,0xeb,0xff,0x00,0x68,0xeb,0xff,
    0x00,0x68,0xeb,0xff,0x00,0x68,0xeb,0xff,0x00,0x68,0xeb,0xff,0x00,0x68,0xeb,0xff,
    0x00,0x68,0xeb,0xff,0x00,0x68,0xeb,0xff,0x00,0x68,0xeb,0xff,0x05,0x6b,0xe8,0xff,
    0x1c,0x78,0xe7,0xff,0x1c,0x79,0xe7,0xff,0x1c,0x79,0xe9,0xff,0x1c,0x79,0xe9,0xff,
    0x0e,0x6d,0xe3,0xff,0x0b,0x6b,0xe4,0xff,0x01,0x68,0xe9,0xff,0x03,0x6a,0xeb,0xff,
    0x0e,0x70,0xeb,0xff,0x12,0x70,0xe7,0xff,0x08,0x6c,0xea,0xff,0x03,0x6a,0xed,0xff,
    0x02,0x69,0xec,0xff,0x01,0x69,0xed,0xff,0x02,0x6a,0xeb,0xff,0x02,0x69,0xeb,0xff,
    0x03,0x69,0xec,0xff,0x02,0x69,0xec,0xff,0x02,0x69,0xec,0xff,0x01,0x69,0xea,0xff,
    0x00,0x69,0xea,0xff,0x00,0x69,0xea,0xff,0x00,0x69,0xea,0xff,0x0e,0x72,0xec,0xff,
    0x19,0x77,0xe9,0xff,0x15,0x73,0xe7,0xff,0x02,0x68,0xe8,0xff,0x00,0x69,0xe9,0xff,
    0x00,0x68,0xeb,0xff,0x05,0x69,0xea,0xff,0x1d,0x76,0xe6,0xff,0x1a,0x76,0xe8,0xff,
    0x05,0x6b,0xee,0xff,0x01,0x68,0xec,0xff,0x00,0x6a,0xe9,0xff,0x00,0x6a,0xe8,0xff,
    0x00,0x69,0xe9,0xff,0x00,0x6a,0xe9,0xff,0x00,0x6a,0xe8,0xff,0x01,0x6a,0xec,0xff,
    0x01,0x6a,0xeb,0xff,0x02,0x69,0xec,0xff,0x03,0x69,0xeb,0xff,0x01,0x68,0xed,0xff,
    0x02,0x69,0xec,0xff,0x03,0x69,0xeb,0xff,0x03,0x69,0xeb,0xff,0x02,0x69,0xec,0xff,
    0x03,0x69,0xeb,0xff,0x03,0x69,0xeb,0xff,0x03,0x69,0xeb,0xff,0x13,0x72,0xea,0xff,
    0x14,0x72,0xe9,0xff,0x08,0x6d,0xea,0xff,0x02,0x6a,0xea,0xff,0x01,0x69,0xeb,0xff,
    0x01,0x68,0xec,0xff,0x03,0x69,0xeb,0xff,0x02,0x6a,0xeb,0xff,0x04,0x69,0xed,0xff,
    0x01,0x69,0xed,0xff,0x02,0x69,0xec,0xff,0x01,0x69,0xed,0xff,0x02,0x69,0xec,0xff,
    0x02,0x69,0xec,0xff,0x02,0x69,0xec,0xff,0x02,0x69,0xec,0xff,0x03,0x69,0xeb,0xff,
    0x02,0x69,0xec,0xff,0x01,0x68,0xed,0xff,0x01,0x69,0xed,0xff,0x03,0x69,0xec,0xff,
    0x03,0x68,0xed,0xff,0x01,0x68,0xed,0xff,0x02,0x69,0xec,0xff,0x02,0x69,0xec,0xff,
    0x02,0x69,0xec,0xff,0x02,0x69,0xec,0xff,0x02,0x69,0xec,0xff,0x01,0x69,0xed,0xff,
    0x02,0x68,0xee,0xff,0x01,0x69,0xed,0xff,0x02,0x6a,0xeb,0xff,0x02,0x6a,0xeb,0xff,
    0x01,0x69,0xed,0xff,0x02,0x69,0xec,0xff,0x02,0x69,0xec,0xff,0x03,0x69,0xeb,0xff,
    0x02,0x6a,0xeb,0xff,0x01,0x69,0xed,0xff,0x00,0x68,0xeb,0xff,0x00,0x68,0xeb,0xff,
    0x00,0x68,0xeb,0xff,0x00,0x68,0xeb,0xff,0x00,0x68,0xeb,0xff,0x00,0x68,0xeb,0xff,
    0x00,0x68,0xeb,0xff,0x00,0x68,0xeb,0xff,0x00,0x68,0xeb,0xff,0x00,0x68,0xeb,0xff,
    0x00,0x68,0xeb,0xff,0x00,0x68,0xeb,0xff,0x00,0x68,0xeb,0xff,0x00,0x68,0xeb,0xff,
    0x00,0x68,0xeb,0xff,0x00,0x68,0xeb,0xff,0x00,0x68,0xeb,0xff,0x00,0x68,0xeb,0xff,
    0x00,0x68,0xeb,0xff,0x00,0x68,0xeb,0xff,0x00,0x68,0xeb,0xff,0x1b,0x6d,0xd8,0xff,
    0xeb,0xfc,0xff,0xff,0xed,0xfb,0xff,0xff,0xde,0xf5,0xff,0xff,0xea,0xfb,0xff,0xff,
    0xd9,0xf5,0xff,0xff,0xa0,0xce,0xf6,0xff,0x25,0x76,0xdc,0xff,0x10,0x71,0xe7,0xff,
    0xa1,0xde,0xff,0xff,0xd7,0xfa,0xff,0xff,0x33,0x7d,0xd9,0xff,0x01,0x69,0xea,0xff,
    0x01,0x6a,0xe9,0xff,0x01,0x68,0xf0,0xff,0x04,0x6a,0xe9,0xff,0x06,0x6b,0xe7,0xff,
    0x07,0x6b,0xe8,0xff,0x04,0x6a,0xea,0xff,0x05,0x69,0xed,0xff,0x04,0x6b,0xea,0xff,
    0x01,0x6a,0xec,0xff,0x01,0x6a,0xec,0xff,0x01,0x6a,0xec,0xff,0x41,0x8b,0xe2,0xff,
    0xe0,0xf7,0xff,0xff,0xc0,0xec,0xff,0xff,0x16,0x6f,0xde,0xff,0x00,0x6a,0xe8,0xff,
    0x00,0x67,0xea,0xff,0x18,0x70,0xd4,0xff,0xd6,0xf5,0xff,0xff,0xd5,0xf7,0xff,0xff,
    0x17,0x6f,0xdf,0xff,0x04,0x68,0xed,0xff,0x02,0x6b,0xe9,0xff,0x01,0x69,0xed,0xff,
    0x02,0x65,0xf5,0xff,0x01,0x67,0xf2,0xff,0x02,0x6e,0xe4,0xff,0x01,0x6a,0xec,0xff,
    0x01,0x6d,0xe9,0xff,0x05,0x68,0xed,0xff,0x04,0x6b,0xe9,0xff,0x01,0x67,0xf3,0xff,
    0x03,0x68,0xed,0xff,0x0a,0x6b,0xe7,0xff,0x0a,0x6b,0xe8,0xff,0x03,0x69,0xec,0xff,
    0x0a,0x6b,0xe8,0xff,0x0a,0x6b,0xe9,0xff,0x0c,0x6b,0xe4,0xff,0xa5,0xdb,0xf6,0xff,
    0xdc,0xfa,0xff,0xff,0x34,0x84,0xdb,0xff,0x02,0x69,0xe6,0xff,0x02,0x6b,0xe6,0xff,
    0x01,0x65,0xee,0xff,0x00,0x69,0xe9,0xff,0x05,0x6e,0xe0,0xff,0x07,0x68,0xed,0xff,
    0x01,0x66,0xf0,0xff,0x01,0x6a,0xed,0xff,0x01,0x68,0xf2,0xff,0x01,0x69,0xed,0xff,
    0x03,0x6a,0xea,0xff,0x01,0x69,0xee,0xff,0x01,0x69,0xed,0xff,0x06,0x6b,0xe9,0xff,
    0x02,0x68,0xee,0xff,0x01,0x67,0xf3,0xff,0x01,0x69,0xef,0xff,0x05,0x69,0xec,0xff,
    0x01,0x66,0xf2,0xff,0x01,0x67,0xf2,0xff,0x05,0x68,0xef,0xff,0x05,0x68,0xed,0xff,
    0x01,0x6a,0xed,0xff,0x01,0x6a,0xed,0xff,0x01,0x6a,0xed,0xff,0x01,0x67,0xf2,0xff,
    0x02,0x65,0xf5,0xff,0x01,0x67,0xf0,0xff,0x08,0x6d,0xe2,0xff,0x0d,0x6e,0xdd,0xff,
    0x04,0x6b,0xee,0xff,0x01,0x6a,0xec,0xff,0x00,0x69,0xee,0xff,0x07,0x6b,0xe7,0xff,
    0x09,0x6b,0xe6,0xff,0x01,0x68,0xf2,0xff,0x00,0x67,0xed,0xff,0x00,0x68,0xeb,0xff,
    0x00,0x68,0xeb,0xff,0x00,0x68,0xeb,0xff,0x00,0x68,0xeb,0xff,0x00,0x68,0xeb,0xff,
    0x00,0x68,0xeb,0xff,0x00,0x68,0xeb,0xff,0x00,0x68,0xeb,0xff,0x00,0x68,0xeb,0xff,
    0x00,0x68,0xeb,0xff,0x00,0x68,0xeb,0xff,0x00,0x68,0xeb,0xff,0x00,0x68,0xeb,0xff,
    0x00,0x68,0xeb,0xff,0x00,0x68,0xeb,0xff,0x00,0x68,0xeb,0xff,0x00,0x68,0xeb,0xff,
    0x00,0x68,0xeb,0xff,0x00,0x68,0xeb,0xff,0x00,0x68,0xeb,0xff,0x1f,0x6d,0xd4,0xff,
    0xfd,0xff,0xfd,0xff,0xed,0xfc,0xff,0xff,0x77,0xb1,0xe5,0xff,0x81,0xb8,0xe6,0xff,
    0xce,0xe6,0xfe,0xff,0xf7,0xfd,0xff,0xff,0xbc,0xdf,0xfb,0xff,0x1b,0x6d,0xcc,0xff,
    0x98,0xd7,0xff,0xff,0xcc,0xf4,0xff,0xff,0x30,0x7d,0xdf,0xff,0x01,0x66,0xef,0xff,
    0x01,0x67,0xef,0xff,0x01,0x68,0xf0,0xff,0x04,0x6a,0xea,0xff,0x09,0x6b,0xe9,0xff,
    0x0b,0x69,0xea,0xff,0x08,0x69,0xeb,0xff,0x09,0x68,0xeb,0xff,0x06,0x6b,0xe9,0xff,
    0x01,0x6a,0xec,0xff,0x01,0x6a,0xec,0xff,0x01,0x6a,0xec,0xff,0x48,0x8c,0xdf,0xff,
    0xee,0xf9,0xff,0xff,0xc9,0xef,0xff,0xff,0x19,0x70,0xdc,0xff,0x01,0x6a,0xe8,0xff,
    0x04,0x67,0xeb,0xff,0x1e,0x72,0xcf,0xff,0xe2,0xf8,0xff,0xff,0xe1,0xf8,0xff,0xff,
    0x1b,0x70,0xdf,0xff,0x04,0x67,0xee,0xff,0x02,0x6b,0xe9,0xff,0x01,0x6a,0xeb,0xff,
    0x01,0x69,0xef,0xff,0x01,0x69,0xee,0xff,0x02,0x6c,0xe8,0xff,0x01,0x6c,0xe9,0xff,
    0x01,0x6c,0xe6,0xff,0x01,0x6a,0xec,0xff,0x01,0x6a,0xeb,0xff,0x02,0x6a,0xec,0xff,
    0x02,0x69,0xec,0xff,0x05,0x6a,0xe9,0xff,0x0a,0x6b,0xe8,0xff,0x03,0x69,0xeb,0xff,
    0x00,0x69,0xef,0xff,0x00,0x69,0xef,0xff,0x0c,0x6b,0xe4,0xff,0xac,0xde,0xf6,0xff,
    0xe8,0xfc,0xff,0xff,0x38,0x86,0xdb,0xff,0x02,0x67,0xe8,0xff,0x00,0x6a,0xe6,0xff,
    0x00,0x67,0xeb,0xff,0x00,0x68,0xec,0xff,0x00,0x69,0xea,0xff,0x03,0x69,0xee,0xff,
    0x04,0x69,0xed,0xff,0x01,0x68,0xf2,0xff,0x01,0x67,0xf0,0xff,0x02,0x65,0xf5,0xff,
    0x02,0x65,0xf5,0xff,0x01,0x68,0xf1,0xff,0x01,0x6a,0xed,0xff,0x00,0x69,0xed,0xff,
    0x01,0x6a,0xed,0xff,0x01,0x6a,0xed,0xff,0x01,0x6a,0xed,0xff,0x02,0x6a,0xeb,0xff,
    0x04,0x6c,0xe9,0xff,0x02,0x6a,0xe9,0xff,0x02,0x6b,0xe9,0xff,0x02,0x6c,0xe9,0xff,
    0x01,0x6b,0xe9,0xff,0x02,0x6c,0xe9,0xff,0x02,0x6b,0xea,0xff,0x01,0x6c,0xe9,0xff,
    0x02,0x6b,0xe9,0xff,0x01,0x6a,0xec,0xff,0x03,0x6a,0xeb,0xff,0x0e,0x6b,0xe7,0xff,
    0x04,0x68,0xed,0xff,0x01,0x67,0xf1,0xff,0x00,0x69,0xed,0xff,0x01,0x6c,0xe9,0xff,
    0x01,0x6a,0xea,0xff,0x01,0x68,0xf2,0xff,0x00,0x67,0xed,0xff,0x00,0x68,0xeb,0xff,
    0x00,0x68,0xeb,0xff,0x00,0x68,0xeb,0xff,0x00,0x68,0xeb,0xff,0x00,0x68,0xeb,0xff,
    0x00,0x68,0xeb,0xff,0x00,0x68,0xeb,0xff,0x00,0x68,0xeb,0xff,0x00,0x68,0xeb,0xff,
    0x00,0x68,0xeb,0xff,0x00,0x68,0xeb,0xff,0x00,0x68,0xeb,0xff,0x00,0x68,0xeb,0xff,
    0x00,0x68,0xeb,0xff,0x00,0x68,0xeb,0xff,0x00,0x68,0xeb,0xff,0x00,0x68,0xeb,0xff,
    0x00,0x68,0xeb,0xff,0x00,0x68,0xeb,0xff,0x00,0x68,0xeb,0xff,0x1f,0x6d,0xd4,0xff,
    0xfd,0xff,0xfc,0xff,0xe0,0xf8,0xff,0xff,0x12,0x6d,0xe4,0xff,0x06,0x6a,0xe9,0xff,
    0x24,0x76,0xd4,0xff,0xf5,0xfb,0xff,0xff,0xe3,0xf7,0xff,0xff,0x1e,0x6e,0xce,0xff,
    0x09,0x6a,0xde,0xff,0x17,0x70,0xdd,0xff,0x01,0x6a,0xea,0xff,0x01,0x66,0xe8,0xff,
    0x07,0x6c,0xe3,0xff,0x08,0x6a,0xde,0xff,0x0a,0x6b,0xe3,0xff,0x07,0x6b,0xe3,0xff,
    0x08,0x6a,0xe9,0xff,0x07,0x69,0xe3,0xff,0x07,0x6b,0xe6,0xff,0x01,0x6a,0xea,0xff,
    0x01,0x6a,0xec,0xff,0x01,0x6a,0xec,0xff,0x01,0x6a,0xec,0xff,0x48,0x8c,0xdf,0xff,
    0xee,0xf9,0xff,0xff,0xc9,0xef,0xff,0xff,0x14,0x6e,0xdf,0xff,0x00,0x6a,0xe9,0xff,
    0x04,0x67,0xeb,0xff,0x1e,0x72,0xcf,0xff,0xe2,0xf8,0xff,0xff,0xe1,0xf8,0xff,0xff,
    0x1b,0x70,0xdf,0xff,0x03,0x6a,0xf1,0xff,0x02,0x66,0xe2,0xff,0x0b,0x67,0xde,0xff,
    0x12,0x6d,0xe0,0xff,0x0f,0x6c,0xde,0xff,0x03,0x68,0xe6,0xff,0x05,0x6d,0xf5,0xff,
    0x01,0x65,0xf1,0xff,0x06,0x69,0xe5,0xff,0x0c,0x6c,0xe7,0xff,0x05,0x6b,0xe6,0xff,
    0x0b,0x6c,0xe1,0xff,0x07,0x6a,0xe3,0xff,0x03,0x6c,0xf0,0xff,0x04,0x68,0xe6,0xff,
    0x0f,0x71,0xe4,0xff,0x0f,0x6e,0xe3,0xff,0x13,0x70,0xe0,0xff,0xae,0xdc,0xf6,0xff,
    0xe9,0xfc,0xff,0xff,0x39,0x86,0xdb,0xff,0x03,0x63,0xea,0xff,0x03,0x6a,0xec,0xff,
    0x12,0x6b,0xe1,0xff,0x18,0x6d,0xdc,0xff,0x10,0x6c,0xdf,0xff,0x05,0x6d,0xec,0xff,
    0x05,0x6a,0xeb,0xff,0x02,0x64,0xdf,0xff,0x05,0x67,0xf1,0xff,0x03,0x63,0xec,0xff,
    0x0f,0x67,0xdf,0xff,0x0e,0x6d,0xdd,0xff,0x03,0x6e,0xe7,0xff,0x04,0x6c,0xeb,0xff,
    0x05,0x6a,0xe4,0xff,0x0a,0x6b,0xe0,0xff,0x0d,0x6b,0xdf,0xff,0x0e,0x6a,0xe5,0xff,
    0x01,0x69,0xef,0xff,0x01,0x68,0xed,0xff,0x07,0x6a,0xe8,0xff,0x0a,0x67,0xe2,0xff,
    0x11,0x71,0xe8,0xff,0x11,0x6b,0xe5,0xff,0x0c,0x68,0xe1,0xff,0x05,0x6d,0xf1,0xff,
    0x02,0x66,0xed,0xff,0x05,0x69,0xea,0xff,0x0b,0x69,0xdf,0xff,0x03,0x65,0xe8,0xff,
    0x08,0x69,0xe8,0xff,0x12,0x69,0xdd,0xff,0x08,0x69,0xe1,0xff,0x02,0x63,0xe9,0xff,
    0x01,0x67,0xf1,0xff,0x00,0x69,0xeb,0xff,0x00,0x68,0xeb,0xff,0x00,0x68,0xeb,0xff,
    0x00,0x68,0xeb,0xff,0x00,0x68,0xeb,0xff,0x00,0x68,0xeb,0xff,0x00,0x68,0xeb,0xff,
    0x00,0x68,0xeb,0xff,0x00,0x68,0xeb,0xff,0x00,0x68,0xeb,0xff,0x00,0x68,0xeb,0xff,
    0x00,0x68,0xeb,0xff,0x00,0x68,0xeb,0xff,0x00,0x68,0xeb,0xff,0x00,0x68,0xeb,0xff,
    0x00,0x68,0xeb,0xff,0x00,0x68,0xeb,0xff,0x00,0x68,0xeb,0xff,0x00,0x68,0xeb,0xff,
    0x00,0x68,0xeb,0xff,0x00,0x68,0xeb,0xff,0x00,0x68,0xeb,0xff,0x1f,0x6d,0xd4,0xff,
    0xfd,0xff,0xfc,0xff,0xe3,0xf8,0xff,0xff,0x0c,0x6d,0xe7,0xff,0x0a,0x6b,0xe5,0xff,
    0x34,0x79,0xcf,0xff,0xf1,0xfa,0xff,0xff,0xc9,0xe7,0xfe,0xff,0x19,0x73,0xd7,0xff,
    0x71,0xba,0xf7,0xff,0x90,0xcb,0xee,0xff,0x22,0x76,0xe1,0xff,0x0b,0x6a,0xe6,0xff,
    0x3c,0x89,0xdf,0xff,0xa1,0xd6,0xf7,0xff,0xb6,0xde,0xff,0xff,0x99,0xcd,0xf3,0xff,
    0x33,0x7c,0xd5,0xff,0x84,0xc4,0xf5,0xff,0x76,0xbd,0xf5,0xff,0x11,0x6e,0xe3,0xff,
    0x01,0x6a,0xec,0xff,0x01,0x6a,0xec,0xff,0x01,0x6a,0xec,0xff,0x48,0x8c,0xdf,0xff,
    0xed,0xfa,0xff,0xff,0xcf,0xef,0xff,0xff,0x20,0x70,0xd6,0xff,0x09,0x6d,0xe2,0xff,
    0x0f,0x6c,0xe4,0xff,0x28,0x71,0xca,0xff,0xe7,0xf8,0xff,0xff,0xe1,0xf8,0xff,0xff,
    0x1b,0x6e,0xdc,0xff,0x0d,0x6b,0xe9,0xff,0x2c,0x88,0xf0,0xff,0x9e,0xd3,0xf7,0xff,
    0xb9,0xda,0xfa,0xff,0xb0,0xda,0xfb,0xff,0x57,0xa4,0xe6,0xff,0x08,0x6b,0xdf,0xff,
    0x19,0x75,0xec,0xff,0x84,0xc6,0xf3,0xff,0x6c,0xab,0xe3,0xff,0x53,0x9a,0xdf,0xff,
    0xa3,0xd7,0xfc,0xff,0x61,0xa4,0xe1,0xff,0x1b,0x73,0xda,0xff,0x82,0xc3,0xf4,0xff,
    0xb6,0xdf,0xfc,0xff,0xa3,0xd2,0xf3,0xff,0x53,0x91,0xd6,0xff,0xb9,0xdc,0xf2,0xff,
    0xee,0xfd,0xff,0xff,0x3c,0x89,0xd9,0xff,0x10,0x68,0xde,0xff,0x59,0xa4,0xee,0xff,
    0xb5,0xd5,0xf6,0xff,0xbf,0xdb,0xf9,0xff,0x9d,0xd2,0xf1,0xff,0x3e,0x8f,0xe4,0xff,
    0x1f,0x78,0xda,0xff,0x9f,0xca,0xf0,0xff,0x47,0x8e,0xe9,0xff,0x58,0xa1,0xed,0xff,
    0xb6,0xdc,0xf7,0xff,0xb6,0xdc,0xf5,0xff,0x58,0xa1,0xe8,0xff,0x12,0x6b,0xd6,0xff,
    0x63,0xa6,0xee,0xff,0xab,0xd8,0xf6,0xff,0xb5,0xdc,0xf4,0xff,0x66,0xa6,0xe2,0xff,
    0x0c,0x68,0xe1,0xff,0x01,0x6b,0xe7,0xff,0x4d,0x99,0xe2,0xff,0x9e,0xd0,0xf2,0xff,
    0xac,0xdc,0xfd,0xff,0xb8,0xdb,0xf9,0xff,0x93,0xc9,0xf3,0xff,0x19,0x77,0xe2,0xff,
    0x04,0x6b,0xee,0xff,0x4a,0x9e,0xf5,0xff,0x9f,0xd0,0xf0,0xff,0x2d,0x7b,0xd3,0xff,
    0x6d,0xb0,0xee,0xff,0xbb,0xe1,0xfb,0xff,0xb5,0xe3,0xff,0xff,0x6e,0xb2,0xee,0xff,
    0x12,0x6b,0xdf,0xff,0x08,0x68,0xeb,0xff,0x00,0x68,0xeb,0xff,0x00,0x68,0xeb,0xff,
    0x00,0x68,0xeb,0xff,0x00,0x68,0xeb,0xff,0x00,0x68,0xeb,0xff,0x00,0x68,0xeb,0xff,
    0x00,0x68,0xeb,0xff,0x00,0x68,0xeb,0xff,0x00,0x68,0xeb,0xff,0x00,0x68,0xeb,0xff,
    0x00,0x68,0xeb,0xff,0x00,0x68,0xeb,0xff,0x00,0x68,0xeb,0xff,0x00,0x68,0xeb,0xff,
    0x00,0x68,0xeb,0xff,0x00,0x68,0xeb,0xff,0x00,0x68,0xeb,0xff,0x00,0x68,0xeb,0xff,
    0x00,0x68,0xeb,0xff,0x00,0x68,0xeb,0xff,0x00,0x68,0xeb,0xff,0x1f,0x6d,0xd4,0xff,
    0xfd,0xff,0xfc,0xff,0xe8,0xfe,0xff,0xff,0x7c,0xb6,0xf0,0xff,0x7d,0xbb,0xef,0xff,
    0xc7,0xe7,0xfd,0xff,0xf4,0xfe,0xff,0xff,0x66,0xa6,0xe4,0xff,0x0c,0x6d,0xdc,0xff,
    0xa0,0xdc,0xff,0xff,0xde,0xf9,0xff,0xff,0x36,0x7f,0xdc,0xff,0x3d,0x86,0xe3,0xff,
    0xdf,0xf4,0xff,0xff,0xe7,0xf7,0xff,0xff,0xba,0xdc,0xfa,0xff,0xb7,0xda,0xf9,0xff,
    0xc5,0xe7,0xf6,0xff,0xde,0xfb,0xff,0xff,0xb1,0xe4,0xff,0xff,0x14,0x70,0xe0,0xff,
    0x05,0x6a,0xea,0xff,0x05,0x6a,0xea,0xff,0x05,0x6a,0xea,0xff,0x48,0x8c,0xdf,0xff,
    0xef,0xfc,0xff,0xff,0xec,0xf7,0xfe,0xff,0xa5,0xd0,0xed,0xff,0x95,0xcf,0xf3,0xff,
    0x9e,0xcd,0xf0,0xff,0xa7,0xcd,0xe7,0xff,0xf9,0xfe,0xff,0xff,0xe1,0xf8,0xff,0xff,
    0x1e,0x71,0xd5,0xff,0x49,0x90,0xd6,0xff,0xe0,0xfa,0xff,0xff,0xce,0xed,0xfd,0xff,
    0x79,0xae,0xe3,0xff,0xa8,0xce,0xee,0xff,0xf4,0xfd,0xff,0xff,0x84,0xb9,0xe9,0xff,
    0x3d,0x88,0xe2,0xff,0xe1,0xf5,0xff,0xff,0xcf,0xe5,0xf8,0xff,0xde,0xfa,0xff,0xff,
    0xd8,0xf1,0xff,0xff,0x72,0xaf,0xd8,0xff,0xbd,0xdd,0xf7,0xff,0xf8,0xfd,0xff,0xff,
    0xdd,0xee,0xfe,0xff,0xa5,0xce,0xf2,0xff,0xd0,0xf7,0xff,0xff,0xd7,0xf4,0xfc,0xff,
    0xe8,0xfb,0xff,0xff,0x3b,0x87,0xd0,0xff,0x72,0xb1,0xee,0xff,0xf1,0xff,0xff,0xff,
    0xc6,0xe1,0xfe,0xff,0x92,0xb9,0xdf,0xff,0x9b,0xcd,0xff,0xff,0x4f,0x98,0xeb,0xff,
    0x2b,0x7a,0xda,0xff,0xf7,0xf9,0xff,0xff,0xbd,0xd6,0xf1,0xff,0xe0,0xf7,0xff,0xff,
    0xe5,0xf5,0xff,0xff,0xf6,0xfc,0xff,0xff,0xe1,0xf8,0xff,0xff,0x96,0xbf,0xe4,0xff,
    0xd3,0xf6,0xff,0xff,0xce,0xed,0xff,0xff,0xf3,0xfe,0xff,0xff,0xe2,0xf8,0xff,0xff,
    0x48,0x93,0xe1,0xff,0x04,0x68,0xe5,0xff,0x90,0xc8,0xf7,0xff,0x9a,0xc8,0xf6,0xff,
    0x7a,0xb1,0xea,0xff,0xbb,0xd7,0xf7,0xff,0xf6,0xfb,0xff,0xff,0xb9,0xe7,0xfe,0xff,
    0x0e,0x6e,0xdf,0xff,0x7c,0xb4,0xf6,0xff,0xec,0xfb,0xff,0xff,0xad,0xd0,0xf0,0xff,
    0xe6,0xf6,0xff,0xff,0xd7,0xee,0xff,0xff,0xe5,0xfb,0xff,0xff,0xf2,0xfa,0xff,0xff,
    0x5b,0x99,0xe6,0xff,0x0f,0x6e,0xea,0xff,0x01,0x68,0xeb,0xff,0x00,0x68,0xeb,0xff,
    0x00,0x68,0xeb,0xff,0x00,0x68,0xeb,0xff,0x00,0x68,0xeb,0xff,0x00,0x68,0xeb,0xff,
    0x00,0x68,0xeb,0xff,0x00,0x68,0xeb,0xff,0x00,0x68,0xeb,0xff,0x00,0x68,0xeb,0xff,
    0x00,0x68,0xeb,0xff,0x00,0x68,0xeb,0xff,0x00,0x68,0xeb,0xff,0x00,0x68,0xeb,0xff,
    0x00,0x68,0xeb,0xff,0x00,0x68,0xeb,0xff,0x00,0x68,0xeb,0xff,0x00,0x68,0xeb,0xff,
    0x00,0x68,0xeb,0xff,0x00,0x68,0xeb,0xff,0x00,0x68,0xeb,0xff,0x1f,0x6d,0xd4,0xff,
    0xfc,0xff,0xff,0xff,0xf8,0xff,0xff,0xff,0xf0,0xfd,0xff,0xff,0xec,0xfd,0xff,0xff,
    0xf4,0xfe,0xff,0xff,0xc7,0xde,0xf6,0xff,0x2c,0x7e,0xe3,0xff,0x0b,0x69,0xe3,0xff,
    0xa6,0xdc,0xff,0xff,0xde,0xfa,0xff,0xff,0x3d,0x7e,0xcd,0xff,0xa1,0xcf,0xfa,0xff,
    0xff,0xff,0xfe,0xff,0x98,0xc1,0xed,0xff,0x14,0x6d,0xe2,0xff,0x0c,0x6c,0xe0,0xff,
    0x89,0xbe,0xec,0xff,0xf9,0xfd,0xff,0xff,0xc2,0xec,0xff,0xff,0x1a,0x72,0xdd,0xff,
    0x05,0x6a,0xea,0xff,0x05,0x6a,0xea,0xff,0x05,0x6a,0xea,0xff,0x48,0x8c,0xdf,0xff,
    0xef,0xfc,0xff,0xff,0xf6,0xfd,0xfd,0xff,0xdd,0xf4,0xff,0xff,0xe1,0xfb,0xff,0xff,
    0xe6,0xf6,0xff,0xff,0xe0,0xf8,0xff,0xff,0xff,0xff,0xff,0xff,0xe6,0xfc,0xff,0xff,
    0x2a,0x79,0xd2,0xff,0xcb,0xf2,0xff,0xff,0xd8,0xf3,0xff,0xff,0x2f,0x78,0xca,0xff,
    0x0c,0x6c,0xe0,0xff,0x16,0x6e,0xd6,0xff,0xce,0xea,0xff,0xff,0xdb,0xf1,0xfe,0xff,
    0x4d,0x8d,0xd9,0xff,0xf4,0xf9,0xff,0xff,0xf8,0xfc,0xfe,0xff,0x78,0xb0,0xe9,0xff,
    0x26,0x73,0xd7,0xff,0x55,0x9f,0xe8,0xff,0xf6,0xfb,0xff,0xff,0xe8,0xf1,0xfe,0xff,
    0x1e,0x74,0xe0,0xff,0x05,0x64,0xe2,0xff,0x33,0x86,0xd8,0xff,0xe3,0xf9,0xff,0xff,
    0xf1,0xfc,0xfe,0xff,0x3b,0x82,0xc9,0xff,0xa8,0xdd,0xfa,0xff,0xf7,0xfe,0xff,0xff,
    0x78,0xa7,0xda,0xff,0x17,0x6e,0xd6,0xff,0x0c,0x70,0xe9,0xff,0x08,0x67,0xeb,0xff,
    0x2c,0x7b,0xde,0xff,0xfd,0xfd,0xfe,0xff,0xd8,0xef,0xff,0xff,0x37,0x83,0xe0,0xff,
    0x14,0x6c,0xd2,0xff,0x8d,0xc2,0xec,0xff,0xff,0xff,0xf8,0xff,0xdb,0xf2,0xff,0xff,
    0x3e,0x86,0xda,0xff,0x15,0x6c,0xd5,0xff,0x99,0xc5,0xee,0xff,0xfb,0xfe,0xff,0xff,
    0x8b,0xbd,0xed,0xff,0x02,0x6a,0xe6,0xff,0x14,0x70,0xe7,0xff,0x18,0x6b,0xd9,0xff,
    0x18,0x6e,0xd9,0xff,0x1e,0x6e,0xc9,0xff,0xbf,0xe0,0xf6,0xff,0xe1,0xf9,0xff,0xff,
    0x28,0x7f,0xe1,0xff,0x82,0xb7,0xf3,0xff,0xee,0xf6,0xff,0xff,0xd1,0xf8,0xff,0xff,
    0x1e,0x75,0xe5,0xff,0x08,0x6a,0xe9,0xff,0x77,0xae,0xe9,0xff,0xef,0xfc,0xff,0xff,
    0xa5,0xe3,0xfb,0xff,0x09,0x6b,0xe8,0xff,0x00,0x68,0xeb,0xff,0x00,0x68,0xeb,0xff,
    0x00,0x68,0xeb,0xff,0x00,0x68,0xeb,0xff,0x00,0x68,0xeb,0xff,0x00,0x68,0xeb,0xff,
    0x00,0x68,0xeb,0xff,0x00,0x68,0xeb,0xff,0x00,0x68,0xeb,0xff,0x00,0x68,0xeb,0xff,
    0x00,0x68,0xeb,0xff,0x00,0x68,0xeb,0xff,0x00,0x68,0xeb,0xff,0x00,0x68,0xeb,0xff,
    0x00,0x68,0xeb,0xff,0x00,0x68,0xeb,0xff,0x00,0x68,0xeb,0xff,0x00,0x68,0xeb,0xff,
    0x00,0x68,0xeb,0xff,0x00,0x68,0xeb,0xff,0x00,0x68,0xeb,0xff,0x1f,0x6d,0xd4,0xff,
    0xfd,0xff,0xfc,0xff,0xdc,0xfb,0xff,0xff,0x29,0x7b,0xda,0xff,0x25,0x7b,0xe6,0xff,
    0x60,0x9d,0xd6,0xff,0xf3,0xfe,0xff,0xff,0xc7,0xee,0xfd,0xff,0x21,0x71,0xcd,0xff,
    0xa9,0xdd,0xff,0xff,0xdf,0xfa,0xff,0xff,0x4a,0x85,0xc6,0xff,0xd3,0xf5,0xff,0xff,
    0xf2,0xfc,0xff,0xff,0x4b,0x8b,0xda,0xff,0x05,0x67,0xf0,0xff,0x01,0x67,0xf3,0xff,
    0x44,0x8b,0xdb,0xff,0xea,0xfe,0xff,0xff,0xca,0xea,0xff,0xff,0x1e,0x72,0xdb,0xff,
    0x04,0x67,0xeb,0xff,0x06,0x68,0xec,0xff,0x07,0x68,0xed,0xff,0x4a,0x8c,0xdf,0xff,
    0xec,0xfb,0xff,0xff,0xd2,0xed,0xff,0xff,0x37,0x80,0xdd,0xff,0x2b,0x7f,0xe2,0xff,
    0x29,0x7d,0xe7,0xff,0x38,0x7f,0xd3,0xff,0xe6,0xfa,0xff,0xff,0xe4,0xf9,0xfe,0xff,
    0x39,0x7f,0xca,0xff,0xe5,0xf7,0xff,0xff,0xdd,0xf4,0xfd,0xff,0x8a,0xc3,0xed,0xff,
    0x7b,0xbf,0xf3,0xff,0x7c,0xb9,0xf0,0xff,0xd1,0xeb,0xfa,0xff,0xf0,0xfc,0xff,0xff,
    0x64,0x99,0xdb,0xff,0xf5,0xfd,0xff,0xff,0xdf,0xf0,0xff,0xff,0x12,0x6e,0xde,0xff,
    0x0b,0x6c,0xea,0xff,0x7f,0xbd,0xe8,0xff,0xed,0xfb,0xff,0xff,0x86,0xb3,0xe9,0xff,
    0x02,0x67,0xe7,0xff,0x0e,0x6c,0xe4,0xff,0x11,0x6f,0xda,0xff,0xbe,0xe6,0xf4,0xff,
    0xe5,0xf8,0xff,0xff,0x37,0x86,0xd2,0xff,0x5c,0xa4,0xf0,0xff,0xea,0xfc,0xfd,0xff,
    0xf8,0xfd,0xff,0xff,0xbb,0xdf,0xf9,0xff,0x36,0x89,0xe7,0xff,0x07,0x6d,0xe9,0xff,
    0x2e,0x7c,0xde,0xff,0xff,0xff,0xff,0xff,0xb3,0xd9,0xf8,0xff,0x06,0x6b,0xed,0xff,
    0x0b,0x6b,0xe7,0xff,0x55,0x97,0xe3,0xff,0xf6,0xfe,0xff,0xff,0xb2,0xdd,0xfa,0xff,
    0x06,0x68,0xde,0xff,0x01,0x6a,0xea,0xff,0x66,0x9f,0xe2,0xff,0xfd,0xff,0xff,0xff,
    0x92,0xc4,0xf0,0xff,0x16,0x70,0xdc,0xff,0x3e,0x87,0xe3,0xff,0x8c,0xc8,0xf3,0xff,
    0xa4,0xdb,0xf7,0xff,0xb2,0xe0,0xf6,0xff,0xd6,0xf4,0xfb,0xff,0xf2,0xfc,0xff,0xff,
    0x3c,0x88,0xda,0xff,0x8d,0xb9,0xea,0xff,0xfd,0xfe,0xff,0xff,0x8e,0xcc,0xff,0xff,
    0x0b,0x6b,0xe8,0xff,0x01,0x67,0xf1,0xff,0x2a,0x79,0xc6,0xff,0xe5,0xff,0xff,0xff,
    0xae,0xe6,0xfb,0xff,0x06,0x6d,0xe2,0xff,0x00,0x68,0xeb,0xff,0x00,0x68,0xeb,0xff,
    0x00,0x68,0xeb,0xff,0x00,0x68,0xeb,0xff,0x00,0x68,0xeb,0xff,0x00,0x68,0xeb,0xff,
    0x00,0x68,0xeb,0xff,0x00,0x68,0xeb,0xff,0x00,0x68,0xeb,0xff,0x00,0x68,0xeb,0xff,
    0x00,0x68,0xeb,0xff,0x00,0x68,0xeb,0xff,0x00,0x68,0xeb,0xff,0x00,0x68,0xeb,0xff,
    0x00,0x68,0xeb,0xff,0x00,0x68,0xeb,0xff,0x00,0x68,0xeb,0xff,0x00,0x68,0xeb,0xff,
    0x00,0x68,0xeb,0xff,0x00,0x68,0xeb,0xff,0x00,0x68,0xeb,0xff,0x1f,0x6d,0xd4,0xff,
    0xfd,0xff,0xfc,0xff,0xde,0xf7,0xff,0xff,0x03,0x6e,0xe3,0xff,0x02,0x69,0xf2,0xff,
    0x19,0x6f,0xd9,0xff,0xc3,0xee,0xff,0xff,0xea,0xf5,0xff,0xff,0x6b,0xa1,0xde,0xff,
    0xae,0xe3,0xff,0xff,0xdf,0xfa,0xff,0xff,0x55,0x89,0xc2,0xff,0xdc,0xf6,0xff,0xff,
    0xf2,0xfd,0xff,0xff,0x4e,0x8d,0xda,0xff,0x07,0x6a,0xea,0xff,0x02,0x68,0xe5,0xff,
    0x3b,0x81,0xd7,0xff,0xef,0xfd,0xff,0xff,0xc7,0xeb,0xff,0xff,0x1a,0x72,0xdc,0xff,
    0x00,0x68,0xeb,0xff,0x01,0x69,0xec,0xff,0x02,0x69,0xec,0xff,0x4c,0x8c,0xdc,0xff,
    0xe6,0xfb,0xff,0xff,0xc0,0xe8,0xff,0xff,0x11,0x71,0xe4,0xff,0x01,0x69,0xe9,0xff,
    0x01,0x67,0xef,0xff,0x14,0x6f,0xd8,0xff,0xdb,0xf6,0xff,0xff,0xe8,0xf8,0xfe,0xff,
    0x3c,0x80,0xc6,0xff,0xe1,0xfa,0xff,0xff,0xea,0xfa,0xff,0xff,0xc3,0xdf,0xfd,0xff,
    0xb6,0xde,0xff,0xff,0xbe,0xdd,0xfd,0xff,0xb7,0xdf,0xff,0xff,0xb1,0xdd,0xff,0xff,
    0x5d,0x95,0xd2,0xff,0xea,0xff,0xff,0xff,0xb9,0xde,0xfc,0xff,0x0b,0x6d,0xe2,0xff,
    0x0a,0x6b,0xea,0xff,0x82,0xbd,0xe7,0xff,0xf0,0xfc,0xff,0xff,0x7d,0xb1,0xe8,0xff,
    0x05,0x65,0xea,0xff,0x02,0x6d,0xe7,0xff,0x0d,0x6e,0xde,0xff,0xb5,0xe0,0xf5,0xff,
    0xf2,0xfa,0xff,0xff,0x45,0x89,0xd3,0xff,0x12,0x6e,0xdf,0xff,0x4b,0x88,0xd3,0xff,
    0xc0,0xe0,0xfe,0xff,0xf1,0xfa,0xff,0xff,0xef,0xfd,0xff,0xff,0x79,0xad,0xec,0xff,
    0x24,0x73,0xd3,0xff,0xfb,0xff,0xff,0xff,0xad,0xd4,0xf8,0xff,0x0a,0x6b,0xe5,0xff,
    0x08,0x6b,0xe6,0xff,0x4e,0x96,0xe6,0xff,0xe7,0xfc,0xff,0xff,0x9e,0xcf,0xf4,0xff,
    0x0a,0x6b,0xe2,0xff,0x00,0x6a,0xe8,0xff,0x5d,0x9d,0xe7,0xff,0xf6,0xfd,0xff,0xff,
    0x90,0xc4,0xf3,0xff,0x5b,0x9a,0xe6,0xff,0xe1,0xf4,0xff,0xff,0xd1,0xf1,0xff,0xff,
    0x72,0xa8,0xdb,0xff,0x5a,0x9b,0xdc,0xff,0xc2,0xdd,0xf0,0xff,0xf7,0xff,0xff,0xff,
    0x47,0x89,0xd5,0xff,0x8d,0xbb,0xf3,0xff,0xfc,0xff,0xff,0xff,0x6d,0xad,0xf6,0xff,
    0x06,0x68,0xea,0xff,0x00,0x68,0xec,0xff,0x26,0x78,0xc6,0xff,0xe7,0xfd,0xff,0xff,
    0xad,0xe6,0xfa,0xff,0x0a,0x6e,0xdf,0xff,0x00,0x69,0xea,0xff,0x00,0x68,0xeb,0xff,
    0x00,0x68,0xeb,0xff,0x00,0x68,0xeb,0xff,0x00,0x68,0xeb,0xff,0x00,0x68,0xeb,0xff,
    0x00,0x68,0xeb,0xff,0x00,0x68,0xeb,0xff,0x00,0x68,0xeb,0xff,0x00,0x68,0xeb,0xff,
    0x00,0x68,0xeb,0xff,0x00,0x68,0xeb,0xff,0x00,0x68,0xeb,0xff,0x00,0x68,0xeb,0xff,
    0x00,0x68,0xeb,0xff,0x00,0x68,0xeb,0xff,0x00,0x68,0xeb,0xff,0x00,0x68,0xeb,0xff,
    0x00,0x68,0xeb,0xff,0x00,0x68,0xeb,0xff,0x00,0x68,0xeb,0xff,0x1f,0x6d,0xd4,0xff,
    0xfd,0xff,0xfc,0xff,0xdf,0xfa,0xff,0xff,0x0f,0x6d,0xda,0xff,0x07,0x6b,0xe2,0xff,
    0x20,0x70,0xd3,0xff,0xe2,0xfa,0xff,0xff,0xed,0xfa,0xff,0xff,0x5f,0x97,0xdc,0xff,
    0xaa,0xdc,0xff,0xff,0xe6,0xfc,0xff,0xff,0x3d,0x80,0xc8,0xff,0xa8,0xdc,0xff,0xff,
    0xfb,0xfd,0xff,0xff,0x8b,0xb9,0xe4,0xff,0x0b,0x6a,0xd8,0xff,0x14,0x70,0xde,0xff,
    0x8d,0xb8,0xea,0xff,0xf9,0xfd,0xff,0xff,0xc3,0xea,0xff,0xff,0x1c,0x71,0xd9,0xff,
    0x00,0x69,0xee,0xff,0x00,0x69,0xee,0xff,0x00,0x69,0xee,0xff,0x48,0x8c,0xdf,0xff,
    0xe3,0xfa,0xff,0xff,0xbe,0xed,0xff,0xff,0x10,0x6f,0xe0,0xff,0x00,0x6a,0xe9,0xff,
    0x01,0x67,0xf0,0xff,0x0d,0x6a,0xd5,0xff,0xe1,0xf8,0xff,0xff,0xe4,0xfa,0xff,0xff,
    0x22,0x75,0xcf,0xff,0xdf,0xfb,0xff,0xff,0xdb,0xf4,0xfe,0xff,0x1d,0x71,0xdc,0xff,
    0x10,0x69,0xe0,0xff,0x11,0x6a,0xde,0xff,0x0f,0x6f,0xe9,0xff,0x0e,0x6a,0xe5,0xff,
    0x2f,0x88,0xd4,0xff,0xe9,0xfe,0xff,0xff,0xcd,0xe6,0xfe,0xff,0x10,0x70,0xdf,0xff,
    0x06,0x6b,0xe8,0xff,0x57,0xa4,0xee,0xff,0xf5,0xff,0xff,0xff,0xc0,0xe1,0xf9,0xff,
    0x18,0x6e,0xd6,0xff,0x01,0x66,0xe1,0xff,0x34,0x7c,0xd0,0xff,0xe6,0xf4,0xfe,0xff,
    0xec,0xf7,0xff,0xff,0x43,0x83,0xd0,0xff,0x10,0x69,0xdc,0xff,0x0f,0x6b,0xdf,0xff,
    0x12,0x6f,0xdb,0xff,0x6f,0xa8,0xe5,0xff,0xe9,0xfd,0xff,0xff,0xc9,0xec,0xfe,0xff,
    0x36,0x81,0xd4,0xff,0xf1,0xfe,0xff,0xff,0xad,0xd4,0xf8,0xff,0x02,0x65,0xed,0xff,
    0x00,0x67,0xe7,0xff,0x50,0x97,0xe1,0xff,0xea,0xfc,0xff,0xff,0xa5,0xcf,0xf3,0xff,
    0x07,0x6a,0xec,0xff,0x02,0x69,0xee,0xff,0x66,0x9d,0xe5,0xff,0xfe,0xfa,0xff,0xff,
    0x9f,0xc3,0xee,0xff,0x9c,0xc5,0xed,0xff,0xf6,0xfc,0xff,0xff,0x5c,0x97,0xdc,0xff,
    0x10,0x6c,0xe0,0xff,0x17,0x70,0xdf,0xff,0xbe,0xdb,0xfa,0xff,0xf9,0xfc,0xff,0xff,
    0x3d,0x85,0xe1,0xff,0x89,0xb9,0xf8,0xff,0xef,0xf9,0xff,0xff,0x65,0xae,0xfe,0xff,
    0x01,0x69,0xea,0xff,0x00,0x6a,0xe9,0xff,0x26,0x78,0xc6,0xff,0xf7,0xfc,0xff,0xff,
    0xb5,0xeb,0xfa,0xff,0x1b,0x70,0xde,0xff,0x03,0x67,0xeb,0xff,0x00,0x68,0xeb,0xff,
    0x00,0x68,0xeb,0xff,0x00,0x68,0xeb,0xff,0x00,0x68,0xeb,0xff,0x00,0x68,0xeb,0xff,
    0x00,0x68,0xeb,0xff,0x00,0x68,0xeb,0xff,0x00,0x68,0xeb,0xff,0x00,0x68,0xeb,0xff,
    0x00,0x68,0xeb,0xff,0x00,0x68,0xeb,0xff,0x00,0x68,0xeb,0xff,0x00,0x68,0xeb,0xff,
    0x00,0x68,0xeb,0xff,0x00,0x68,0xeb,0xff,0x00,0x68,0xeb,0xff,0x00,0x68,0xeb,0xff,
    0x00,0x68,0xeb,0xff,0x00,0x68,0xeb,0xff,0x00,0x68,0xeb,0xff,0x1f,0x6d,0xd4,0xff,
    0xf9,0xff,0xff,0xff,0xef,0xfe,0xff,0xff,0x9c,0xd5,0xf5,0xff,0xaa,0xd9,0xf5,0xff,
    0xd7,0xf0,0xfe,0xff,0xfe,0xff,0xff,0xff,0xd2,0xf0,0xfc,0xff,0x27,0x76,0xc5,0xff,
    0xb0,0xdd,0xff,0xff,0xe0,0xf9,0xff,0xff,0x3c,0x87,0xdb,0xff,0x3e,0x8c,0xe7,0xff,
    0xe5,0xf6,0xff,0xff,0xe1,0xf5,0xff,0xff,0xa0,0xd9,0xf5,0xff,0xa0,0xd7,0xf7,0xff,
    0xd3,0xec,0xfe,0xff,0xf6,0xfd,0xff,0xff,0xc1,0xec,0xff,0xff,0x1a,0x72,0xdc,0xff,
    0x01,0x6a,0xec,0xff,0x00,0x69,0xed,0xff,0x00,0x69,0xee,0xff,0x48,0x8c,0xdf,0xff,
    0xf0,0xfd,0xff,0xff,0xc9,0xf0,0xff,0xff,0x0a,0x6d,0xe3,0xff,0x04,0x68,0xe8,0xff,
    0x01,0x6a,0xe8,0xff,0x11,0x71,0xcc,0xff,0xe9,0xf8,0xff,0xff,0xe9,0xf3,0xfe,0xff,
    0x29,0x79,0xd3,0xff,0x72,0xab,0xe7,0xff,0xe2,0xfc,0xff,0xff,0xa2,0xda,0xfd,0xff,
    0x4b,0x96,0xed,0xff,0x30,0x7a,0xd8,0xff,0x55,0x98,0xea,0xff,0x6a,0xaf,0xef,0xff,
    0x38,0x8b,0xda,0xff,0xeb,0xff,0xff,0xff,0xc7,0xe4,0xfe,0xff,0x10,0x6d,0xe2,0xff,
    0x04,0x6b,0xec,0xff,0x17,0x6d,0xd9,0xff,0xc9,0xe7,0xfe,0xff,0xea,0xf9,0xff,0xff,
    0x9a,0xd0,0xfb,0xff,0x60,0xa5,0xf2,0xff,0xb4,0xe3,0xfb,0xff,0xd6,0xeb,0xfd,0xff,
    0xf5,0xfe,0xff,0xff,0x44,0x88,0xd4,0xff,0x7c,0xc4,0xf9,0xff,0x5c,0xa7,0xf9,0xff,
    0x31,0x82,0xe3,0xff,0x92,0xc5,0xf6,0xff,0xf2,0xfb,0xff,0xff,0xbd,0xe4,0xfd,0xff,
    0x40,0x7e,0xcc,0xff,0xff,0xff,0xff,0xff,0xad,0xd4,0xf8,0xff,0x02,0x64,0xee,0xff,
    0x00,0x67,0xea,0xff,0x59,0x96,0xd9,0xff,0xfa,0xfb,0xfb,0xff,0xaf,0xd5,0xf1,0xff,
    0x07,0x6a,0xea,0xff,0x05,0x69,0xee,0xff,0x63,0x9b,0xe5,0xff,0xfb,0xf8,0xfd,0xff,
    0xa1,0xc6,0xee,0xff,0x94,0xc8,0xec,0xff,0xea,0xfd,0xff,0xff,0x9e,0xca,0xf5,0xff,
    0x3e,0x82,0xd0,0xff,0x83,0xb9,0xf1,0xff,0xe3,0xf1,0xff,0xff,0xf7,0xfe,0xff,0xff,
    0x33,0x84,0xe9,0xff,0x89,0xb9,0xf8,0xff,0xfd,0xfe,0xfd,0xff,0x65,0xae,0xfe,0xff,
    0x01,0x69,0xea,0xff,0x0e,0x6c,0xe0,0xff,0x26,0x78,0xc6,0xff,0xf1,0xfd,0xff,0xff,
    0xb4,0xea,0xfa,0xff,0x0a,0x68,0xeb,0xff,0x01,0x66,0xef,0xff,0x00,0x68,0xeb,0xff,
    0x00,0x68,0xeb,0xff,0x00,0x68,0xeb,0xff,0x00,0x68,0xeb,0xff,0x00,0x68,0xeb,0xff,
    0x00,0x68,0xeb,0xff,0x00,0x68,0xeb,0xff,0x00,0x68,0xeb,0xff,0x00,0x68,0xeb,0xff,
    0x00,0x68,0xeb,0xff,0x00,0x68,0xeb,0xff,0x00,0x68,0xeb,0xff,0x00,0x68,0xeb,0xff,
    0x00,0x68,0xeb,0xff,0x00,0x68,0xeb,0xff,0x00,0x68,0xeb,0xff,0x00,0x68,0xeb,0xff,
    0x00,0x68,0xeb,0xff,0x00,0x68,0xeb,0xff,0x00,0x68,0xeb,0xff,0x1b,0x6d,0xd9,0xff,
    0xe4,0xf9,0xff,0xff,0xe5,0xf9,0xff,0xff,0xdb,0xf7,0xff,0xff,0xdf,0xf8,0xff,0xff,
    0xdb,0xf8,0xff,0xff,0xa6,0xd3,0xfd,0xff,0x26,0x76,0xd3,0xff,0x0b,0x6e,0xdc,0xff,
    0x9c,0xd5,0xff,0xff,0xd0,0xf9,0xff,0xff,0x33,0x80,0xd6,0xff,0x04,0x6b,0xe1,0xff,
    0x57,0x9a,0xe4,0xff,0xd7,0xfc,0xff,0xff,0xd3,0xf1,0xff,0xff,0xc1,0xe4,0xfe,0xff,
    0x53,0x8a,0xc6,0xff,0xec,0xfd,0xff,0xff,0xbc,0xe5,0xff,0xff,0x0c,0x6e,0xe0,0xff,
    0x00,0x67,0xed,0xff,0x00,0x68,0xee,0xff,0x00,0x69,0xee,0xff,0x3f,0x84,0xdc,0xff,
    0xd8,0xf8,0xff,0xff,0xb1,0xe6,0xff,0xff,0x16,0x70,0xe1,0xff,0x02,0x65,0xf4,0xff,
    0x00,0x68,0xec,0xff,0x11,0x71,0xcc,0xff,0xd9,0xf6,0xff,0xff,0xd2,0xef,0xff,0xff,
    0x1a,0x74,0xdc,0xff,0x06,0x6d,0xe5,0xff,0x7f,0xb6,0xf0,0xff,0xe0,0xf1,0xff,0xff,
    0xe2,0xf5,0xff,0xff,0xe2,0xf8,0xff,0xff,0xde,0xf6,0xff,0xff,0x8a,0xc5,0xef,0xff,
    0x36,0x85,0xda,0xff,0xca,0xf8,0xff,0xff,0xad,0xe2,0xff,0xff,0x09,0x6b,0xe6,0xff,
    0x01,0x6a,0xec,0xff,0x03,0x68,0xe9,0xff,0x3f,0x82,0xd1,0xff,0xcf,0xed,0xff,0xff,
    0xe2,0xf5,0xff,0xff,0xdc,0xfb,0xff,0xff,0x80,0xb9,0xef,0xff,0x7d,0xbe,0xf2,0xff,
    0xdc,0xfb,0xff,0xff,0x4b,0x8e,0xd8,0xff,0xae,0xe5,0xfa,0xff,0xdb,0xf5,0xff,0xff,
    0xe2,0xfe,0xff,0xff,0xde,0xfe,0xff,0xff,0xb2,0xe2,0xff,0xff,0x21,0x6f,0xd1,0xff,
    0x2c,0x79,0xda,0xff,0xe0,0xf8,0xff,0xff,0xa1,0xd1,0xf9,0xff,0x02,0x65,0xf4,0xff,
    0x02,0x6a,0xeb,0xff,0x46,0x92,0xe0,0xff,0xdb,0xfa,0xff,0xff,0xa1,0xce,0xf6,0xff,
    0x0e,0x70,0xed,0xff,0x00,0x69,0xed,0xff,0x54,0x9c,0xea,0xff,0xe3,0xf3,0xff,0xff,
    0x8f,0xc5,0xf6,0xff,0x24,0x7a,0xcc,0xff,0xb2,0xea,0xff,0xff,0xe1,0xfa,0xff,0xff,
    0xdb,0xf4,0xff,0xff,0xa3,0xdc,0xff,0xff,0x9c,0xcb,0xef,0xff,0xd0,0xf4,0xff,0xff,
    0x36,0x86,0xde,0xff,0x83,0xbe,0xf9,0xff,0xe7,0xfc,0xff,0xff,0x64,0xae,0xfd,0xff,
    0x00,0x69,0xe9,0xff,0x00,0x67,0xed,0xff,0x1f,0x74,0xd4,0xff,0xcc,0xf2,0xff,0xff,
    0xa7,0xde,0xfa,0xff,0x16,0x72,0xe2,0xff,0x00,0x69,0xea,0xff,0x00,0x68,0xeb,0xff,
    0x00,0x68,0xeb,0xff,0x00,0x68,0xeb,0xff,0x00,0x68,0xeb,0xff,0x00,0x68,0xeb,0xff,
    0x00,0x68,0xeb,0xff,0x00,0x68,0xeb,0xff,0x00,0x68,0xeb,0xff,0x00,0x68,0xeb,0xff,
    0x00,0x68,0xeb,0xff,0x00,0x68,0xeb,0xff,0x00,0x68,0xeb,0xff,0x00,0x68,0xeb,0xff,
    0x00,0x68,0xeb,0xff,0x00,0x68,0xeb,0xff,0x00,0x68,0xeb,0xff,0x00,0x68,0xeb,0xff,
    0x00,0x68,0xeb,0xff,0x00,0x68,0xeb,0xff,0x00,0x68,0xeb,0xff,0x0a,0x6b,0xe9,0xff,
    0x24,0x76,0xdf,0xff,0x20,0x74,0xd7,0xff,0x24,0x76,0xdf,0xff,0x14,0x71,0xdb,0xff,
    0x07,0x6d,0xe5,0xff,0x04,0x6b,0xe9,0xff,0x05,0x6c,0xf1,0xff,0x0b,0x68,0xe9,0xff,
    0x13,0x71,0xe9,0xff,0x0e,0x6e,0xdd,0xff,0x0c,0x6d,0xe3,0xff,0x02,0x69,0xe3,0xff,
    0x0a,0x6b,0xe1,0xff,0x09,0x6d,0xe1,0xff,0x12,0x6d,0xd6,0xff,0x0d,0x6e,0xe1,0xff,
    0x5d,0x9d,0xe8,0xff,0xe1,0xf4,0xff,0xff,0xaa,0xde,0xff,0xff,0x0d,0x6f,0xe4,0xff,
    0x00,0x68,0xeb,0xff,0x00,0x69,0xed,0xff,0x00,0x69,0xee,0xff,0x07,0x6b,0xe0,0xff,
    0x1f,0x74,0xd8,0xff,0x0a,0x70,0xe5,0xff,0x00,0x67,0xec,0xff,0x00,0x67,0xea,0xff,
    0x03,0x67,0xe7,0xff,0x08,0x6b,0xde,0xff,0x1b,0x73,0xe0,0xff,0x19,0x74,0xe5,0xff,
    0x14,0x6e,0xdd,0xff,0x02,0x66,0xe1,0xff,0x0a,0x70,0xe9,0xff,0x1d,0x74,0xdf,0xff,
    0x2b,0x76,0xd5,0xff,0x2d,0x77,0xd6,0xff,0x23,0x77,0xe2,0xff,0x06,0x6f,0xe4,0xff,
    0x06,0x69,0xea,0xff,0x0b,0x73,0xe5,0xff,0x0b,0x6c,0xe0,0xff,0x02,0x69,0xe9,0xff,
    0x00,0x68,0xed,0xff,0x01,0x67,0xf1,0xff,0x04,0x68,0xe0,0xff,0x15,0x73,0xe7,0xff,
    0x1c,0x75,0xe3,0xff,0x0e,0x71,0xe6,0xff,0x06,0x6b,0xee,0xff,0x07,0x6a,0xe2,0xff,
    0x16,0x70,0xd8,0xff,0x09,0x69,0xd9,0xff,0x05,0x6e,0xe8,0xff,0x19,0x74,0xdc,0xff,
    0x10,0x70,0xdd,0xff,0x0b,0x6c,0xe1,0xff,0x15,0x70,0xe7,0xff,0x13,0x6f,0xe4,0xff,
    0x06,0x6a,0xe8,0xff,0x19,0x74,0xe5,0xff,0x09,0x67,0xdc,0xff,0x02,0x65,0xf3,0xff,
    0x01,0x6a,0xe9,0xff,0x05,0x6e,0xe8,0xff,0x16,0x73,0xde,0xff,0x0e,0x6f,0xde,0xff,
    0x02,0x68,0xec,0xff,0x03,0x67,0xed,0xff,0x03,0x6a,0xed,0xff,0x0f,0x6f,0xe0,0xff,
    0x10,0x73,0xe7,0xff,0x03,0x69,0xe2,0xff,0x0d,0x6c,0xdb,0xff,0x19,0x75,0xdb,0xff,
    0x1e,0x79,0xd3,0xff,0x0d,0x6c,0xd5,0xff,0x18,0x71,0xe0,0xff,0x18,0x78,0xe0,0xff,
    0x05,0x68,0xe2,0xff,0x08,0x70,0xe2,0xff,0x1b,0x73,0xe0,0xff,0x07,0x6e,0xe9,0xff,
    0x04,0x6b,0xe5,0xff,0x00,0x67,0xea,0xff,0x05,0x6d,0xf1,0xff,0x0b,0x69,0xd9,0xff,
    0x1d,0x7a,0xee,0xff,0x03,0x67,0xe3,0xff,0x03,0x67,0xeb,0xff,0x00,0x68,0xeb,0xff,
    0x00,0x68,0xeb,0xff,0x00,0x68,0xeb,0xff,0x00,0x68,0xeb,0xff,0x00,0x68,0xeb,0xff,
    0x00,0x68,0xeb,0xff,0x00,0x68,0xeb,0xff,0x00,0x68,0xeb,0xff,0x00,0x68,0xeb,0xff,
    0x00,0x68,0xeb,0xff,0x00,0x68,0xeb,0xff,0x00,0x68,0xeb,0xff,0x00,0x68,0xeb,0xff,
    0x00,0x68,0xeb,0xff,0x00,0x68,0xeb,0xff,0x00,0x68,0xeb,0xff,0x00,0x68,0xeb,0xff,
    0x00,0x68,0xeb,0xff,0x00,0x68,0xeb,0xff,0x00,0x68,0xeb,0xff,0x00,0x68,0xeb,0xff,
    0x01,0x68,0xeb,0xff,0x01,0x68,0xeb,0xff,0x01,0x68,0xeb,0xff,0x00,0x68,0xeb,0xff,
    0x00,0x68,0xeb,0xff,0x00,0x68,0xeb,0xff,0x00,0x68,0xeb,0xff,0x00,0x68,0xeb,0xff,
    0x00,0x68,0xeb,0xff,0x00,0x68,0xeb,0xff,0x00,0x68,0xeb,0xff,0x1a,0x75,0xe9,0xff,
    0x72,0xb9,0xfd,0xff,0x36,0x88,0xe9,0xff,0x2a,0x71,0xca,0xff,0x60,0x98,0xdc,0xff,
    0xdd,0xf6,0xfe,0xff,0xec,0xfc,0xff,0xff,0x68,0xa4,0xe2,0xff,0x04,0x6b,0xe5,0xff,
    0x00,0x68,0xeb,0xff,0x00,0x68,0xeb,0xff,0x00,0x68,0xeb,0xff,0x00,0x69,0xea,0xff,
    0x00,0x69,0xea,0xff,0x00,0x68,0xeb,0xff,0x00,0x68,0xeb,0xff,0x00,0x68,0xeb,0xff,
    0x00,0x68,0xeb,0xff,0x00,0x68,0xeb,0xff,0x00,0x68,0xeb,0xff,0x00,0x68,0xeb,0xff,
    0x00,0x68,0xeb,0xff,0x00,0x68,0xeb,0xff,0x00,0x68,0xeb,0xff,0x00,0x68,0xeb,0xff,
    0x01,0x68,0xeb,0xff,0x01,0x68,0xeb,0xff,0x00,0x68,0xeb,0xff,0x00,0x68,0xeb,0xff,
    0x00,0x68,0xeb,0xff,0x00,0x68,0xeb,0xff,0x00,0x68,0xeb,0xff,0x00,0x68,0xeb,0xff,
    0x00,0x69,0xea,0xff,0x00,0x68,0xeb,0xff,0x00,0x68,0xeb,0xff,0x00,0x68,0xeb,0xff,
    0x00,0x68,0xeb,0xff,0x00,0x68,0xeb,0xff,0x00,0x68,0xeb,0xff,0x00,0x68,0xeb,0xff,
    0x00,0x68,0xeb,0xff,0x00,0x68,0xeb,0xff,0x00,0x68,0xeb,0xff,0x00,0x68,0xeb,0xff,
    0x00,0x68,0xeb,0xff,0x00,0x68,0xeb,0xff,0x00,0x68,0xeb,0xff,0x00,0x68,0xeb,0xff,
    0x00,0x68,0xeb,0xff,0x00,0x68,0xeb,0xff,0x00,0x68,0xeb,0xff,0x00,0x68,0xeb,0xff,
    0x00,0x68,0xeb,0xff,0x00,0x68,0xeb,0xff,0x00,0x68,0xeb,0xff,0x00,0x68,0xeb,0xff,
    0x00,0x68,0xeb,0xff,0x00,0x68,0xeb,0xff,0x00,0x68,0xeb,0xff,0x00,0x68,0xeb,0xff,
    0x00,0x68,0xeb,0xff,0x00,0x68,0xeb,0xff,0x00,0x68,0xeb,0xff,0x00,0x68,0xeb,0xff,
    0x01,0x68,0xeb,0xff,0x00,0x68,0xeb,0xff,0x00,0x68,0xeb,0xff,0x00,0x68,0xeb,0xff,
    0x00,0x68,0xeb,0xff,0x00,0x68,0xeb,0xff,0x00,0x68,0xeb,0xff,0x00,0x68,0xeb,0xff,
    0x00,0x68,0xeb,0xff,0x00,0x68,0xeb,0xff,0x00,0x68,0xeb,0xff,0x00,0x68,0xeb,0xff,
    0x00,0x68,0xeb,0xff,0x00,0x68,0xeb,0xff,0x00,0x68,0xeb,0xff,0x00,0x68,0xeb,0xff,
    0x00,0x68,0xeb,0xff,0x00,0x68,0xeb,0xff,0x00,0x68,0xeb,0xff,0x00,0x68,0xeb,0xff,
    0x00,0x68,0xeb,0xff,0x00,0x68,0xeb,0xff,0x00,0x68,0xeb,0xff,0x00,0x68,0xeb,0xff,
    0x00,0x68,0xeb,0xff,0x00,0x68,0xeb,0xff,0x00,0x68,0xeb,0xff,0x00,0x68,0xeb,0xff,
    0x00,0x68,0xeb,0xff,0x00,0x68,0xeb,0xff,0x00,0x68,0xeb,0xff,0x00,0x68,0xeb,0xff,
    0x00,0x68,0xeb,0xff,0x00,0x68,0xeb,0xff,0x00,0x68,0xeb,0xff,0x00,0x68,0xeb,0xff,
    0x00,0x68,0xeb,0xff,0x00,0x68,0xeb,0xff,0x00,0x68,0xeb,0xff,0x00,0x68,0xeb,0xff,
    0x00,0x68,0xeb,0xff,0x00,0x68,0xeb,0xff,0x00,0x68,0xeb,0xff,0x00,0x68,0xeb,0xff,
    0x00,0x68,0xeb,0xff,0x00,0x68,0xeb,0xff,0x00,0x68,0xeb,0xff,0x25,0x7b,0xe6,0xff,
    0xcf,0xf3,0xff,0xff,0xe1,0xf2,0xff,0xff,0xf1,0xfb,0xff,0xff,0xde,0xf7,0xff,0xff,
    0xd5,0xf5,0xff,0xff,0x74,0xad,0xeb,0xff,0x14,0x6c,0xe0,0xff,0x00,0x67,0xed,0xff,
    0x00,0x69,0xea,0xff,0x00,0x68,0xeb,0xff,0x00,0x68,0xeb,0xff,0x00,0x69,0xea,0xff,
    0x00,0x69,0xea,0xff,0x00,0x68,0xeb,0xff,0x00,0x68,0xeb,0xff,0x00,0x68,0xeb,0xff,
    0x00,0x68,0xeb,0xff,0x00,0x68,0xeb,0xff,0x00,0x68,0xeb,0xff,0x00,0x68,0xeb,0xff,
    0x00,0x68,0xeb,0xff,0x00,0x68,0xeb,0xff,0x00,0x68,0xeb,0xff,0x00,0x68,0xeb,0xff,
    0x00,0x68,0xeb,0xff,0x00,0x68,0xeb,0xff,0x00,0x68,0xeb,0xff,0x00,0x68,0xeb,0xff,
    0x00,0x68,0xeb,0xff,0x00,0x68,0xeb,0xff,0x00,0x68,0xeb,0xff,0x00,0x68,0xeb,0xff,
    0x00,0x69,0xea,0xff,0x00,0x68,0xeb,0xff,0x00,0x68,0xeb,0xff,0x00,0x68,0xeb,0xff,
    0x00,0x68,0xeb,0xff,0x00,0x68,0xeb,0xff,0x00,0x68,0xeb,0xff,0x00,0x68,0xeb,0xff,
    0x00,0x68,0xeb,0xff,0x00,0x68,0xeb,0xff,0x00,0x68,0xeb,0xff,0x00,0x68,0xeb,0xff,
    0x00,0x68,0xeb,0xff,0x00,0x68,0xeb,0xff,0x00,0x68,0xeb,0xff,0x00,0x68,0xeb,0xff,
    0x00,0x68,0xeb,0xff,0x00,0x68,0xeb,0xff,0x00,0x68,0xeb,0xff,0x00,0x68,0xeb,0xff,
    0x00,0x68,0xeb,0xff,0x00,0x68,0xeb,0xff,0x00,0x68,0xeb,0xff,0x00,0x68,0xeb,0xff,
    0x00,0x68,0xeb,0xff,0x00,0x68,0xeb,0xff,0x00,0x68,0xeb,0xff,0x00,0x68,0xeb,0xff,
    0x00,0x68,0xeb,0xff,0x00,0x68,0xeb,0xff,0x00,0x68,0xeb,0xff,0x00,0x68,0xeb,0xff,
    0x00,0x68,0xeb,0xff,0x00,0x68,0xeb,0xff,0x00,0x68,0xeb,0xff,0x00,0x68,0xeb,0xff,
    0x00,0x68,0xeb,0xff,0x00,0x68,0xeb,0xff,0x00,0x68,0xeb,0xff,0x00,0x68,0xeb,0xff,
    0x00,0x68,0xeb,0xff,0x00,0x68,0xeb,0xff,0x00,0x68,0xeb,0xff,0x00,0x68,0xeb,0xff,
    0x00,0x68,0xeb,0xff,0x00,0x68,0xeb,0xff,0x00,0x68,0xeb,0xff,0x00,0x68,0xeb,0xff,
    0x00,0x68,0xeb,0xff,0x00,0x68,0xeb,0xff,0x00,0x68,0xeb,0xff,0x00,0x68,0xeb,0xff,
    0x00,0x68,0xeb,0xff,0x00,0x68,0xeb,0xff,0x00,0x68,0xeb,0xff,0x00,0x68,0xeb,0xff,
    0x00,0x68,0xeb,0xff,0x00,0x68,0xeb,0xff,0x00,0x68,0xeb,0xff,0x00,0x68,0xeb,0xff,
    0x00,0x68,0xeb,0xff,0x00,0x68,0xeb,0xff,0x00,0x68,0xeb,0xff,0x00,0x68,0xeb,0xff,
    0x00,0x68,0xeb,0xff,0x00,0x68,0xeb,0xff,0x00,0x68,0xeb,0xff,0x00,0x68,0xeb,0xff,
    0x00,0x68,0xeb,0xff,0x00,0x68,0xeb,0xff,0x00,0x68,0xeb,0xff,0x00,0x68,0xeb,0xff,
    0x00,0x68,0xeb,0xff,0x00,0x68,0xeb,0xff,0x00,0x68,0xeb,0xff,0x00,0x68,0xeb,0xff,
    0x00,0x68,0xeb,0xff,0x00,0x68,0xeb,0xff,0x00,0x68,0xeb,0xff,0x02,0x66,0xe5,0xff,
    0x08,0x6d,0xdd,0xff,0x1b,0x70,0xd3,0xff,0x26,0x75,0xcf,0xff,0x22,0x74,0xd2,0xff,
    0x0d,0x71,0xdf,0xff,0x01,0x68,0xee,0xff,0x00,0x68,0xef,0xff,0x01,0x69,0xeb,0xff,
    0x00,0x69,0xea,0xff,0x00,0x69,0xea,0xff,0x00,0x69,0xea,0xff,0x00,0x69,0xea,0xff,
    0x00,0x69,0xea,0xff,0x00,0x68,0xeb,0xff,0x00,0x68,0xeb,0xff,0x00,0x68,0xeb,0xff,
    0x00,0x68,0xeb,0xff,0x00,0x68,0xeb,0xff,0x00,0x68,0xeb,0xff,0x00,0x68,0xeb,0xff,
    0x00,0x68,0xeb,0xff,0x00,0x68,0xeb,0xff,0x00,0x68,0xeb,0xff,0x00,0x68,0xeb,0xff,
    0x00,0x68,0xeb,0xff,0x00,0x68,0xeb,0xff,0x00,0x68,0xeb,0xff,0x00,0x68,0xeb,0xff,
    0x00,0x68,0xeb,0xff,0x00,0x68,0xeb,0xff,0x00,0x68,0xeb,0xff,0x00,0x68,0xeb,0xff,
    0x00,0x68,0xeb,0xff,0x00,0x68,0xeb,0xff,0x00,0x68,0xeb,0xff,0x00,0x68,0xeb,0xff,
    0x00,0x68,0xeb,0xff,0x00,0x68,0xeb,0xff,0x00,0x68,0xeb,0xff,0x00,0x68,0xeb,0xff,
    0x00,0x68,0xeb,0xff,0x00,0x68,0xeb,0xff,0x00,0x68,0xeb,0xff,0x00,0x68,0xeb,0xff,
    0x00,0x68,0xeb,0xff,0x00,0x68,0xeb,0xff,0x00,0x68,0xeb,0xff,0x00,0x68,0xeb,0xff,
    0x00,0x68,0xeb,0xff,0x00,0x68,0xeb,0xff,0x00,0x68,0xeb,0xff,0x00,0x68,0xeb,0xff,
    0x00,0x68,0xeb,0xff,0x00,0x68,0xeb,0xff,0x00,0x68,0xeb,0xff,0x00,0x68,0xeb,0xff,
    0x00,0x68,0xeb,0xff,0x00,0x68,0xeb,0xff,0x00,0x68,0xeb,0xff,0x00,0x68,0xeb,0xff,
    0x00,0x68,0xeb,0xff,0x00,0x68,0xeb,0xff,0x00,0x68,0xeb,0xff,0x00,0x68,0xeb,0xff,
    0x00,0x68,0xeb,0xff,0x00,0x68,0xeb,0xff,0x00,0x68,0xeb,0xff,0x00,0x68,0xeb,0xff,
    0x00,0x68,0xeb,0xff,0x00,0x68,0xeb,0xff,0x00,0x68,0xeb,0xff,0x00,0x68,0xeb,0xff,
    0x00,0x68,0xeb,0xff,0x00,0x68,0xeb,0xff,0x00,0x68,0xeb,0xff,0x00,0x68,0xeb,0xff,
    0x00,0x68,0xeb,0xff,0x00,0x68,0xeb,0xff,0x00,0x68,0xeb,0xff,0x00,0x68,0xeb,0xff,
    0x00,0x68,0xeb,0xff,0x00,0x68,0xeb,0xff,0x00,0x68,0xeb,0xff,0x00,0x68,0xeb,0xff,
    0x00,0x68,0xeb,0xff,0x00,0x68,0xeb,0xff,0x00,0x68,0xeb,0xff,0x00,0x68,0xeb,0xff,
    0x00,0x68,0xeb,0xff,0x00,0x68,0xeb,0xff,0x00,0x68,0xeb,0xff,0x00,0x68,0xeb,0xff,
    0x00,0x68,0xeb,0xff,0x00,0x68,0xeb,0xff,0x00,0x68,0xeb,0xff,0x00,0x68,0xeb,0xff,
    0x00,0x68,0xeb,0xff,0x00,0x68,0xeb,0xff,0x00,0x68,0xeb,0xff,0x00,0x68,0xeb,0xff,
    0x00,0x68,0xeb,0xff,0x00,0x68,0xeb,0xff,0x00,0x68,0xeb,0xff,0x00,0x68,0xeb,0xff,
    0x00,0x68,0xeb,0xff,0x00,0x68,0xeb,0xff,0x00,0x68,0xeb,0xff,0x00,0x68,0xeb,0xff,
    0x00,0x68,0xeb,0xff,0x00,0x68,0xeb,0xff,0x00,0x68,0xeb,0xff,0x00,0x67,0xea,0xff,
    0x01,0x67,0xf3,0xff,0x02,0x65,0xf5,0xff,0x02,0x65,0xf1,0xff,0x02,0x64,0xe9,0xff,
    0x01,0x65,0xee,0xff,0x01,0x68,0xf2,0xff,0x01,0x6c,0xea,0xff,0x01,0x6a,0xe7,0xff,
    0x00,0x69,0xea,0xff,0x00,0x69,0xea,0xff,0x00,0x69,0xea,0xff,0x00,0x69,0xea,0xff,
    0x00,0x69,0xea,0xff,0x00,0x68,0xeb,0xff,0x00,0x68,0xeb,0xff,0x00,0x68,0xeb,0xff,
    0x00,0x68,0xeb,0xff,0x00,0x68,0xeb,0xff,0x00,0x68,0xeb,0xff,0x00,0x68,0xeb,0xff,
    0x00,0x68,0xeb,0xff,0x00,0x68,0xeb,0xff,0x00,0x68,0xeb,0xff,0x00,0x68,0xeb,0xff,
    0x00,0x68,0xeb,0xff,0x00,0x68,0xeb,0xff,0x00,0x68,0xeb,0xff,0x00,0x68,0xeb,0xff,
    0x00,0x68,0xeb,0xff,0x00,0x68,0xeb,0xff,0x00,0x68,0xeb,0xff,0x00,0x68,0xeb,0xff,
    0x00,0x68,0xeb,0xff,0x00,0x68,0xeb,0xff,0x00,0x68,0xeb,0xff,0x00,0x68,0xeb,0xff,
    0x00,0x68,0xeb,0xff,0x00,0x68,0xeb,0xff,0x00,0x68,0xeb,0xff,0x00,0x68,0xeb,0xff,
    0x00,0x68,0xeb,0xff,0x00,0x68,0xeb,0xff,0x00,0x68,0xeb,0xff,0x00,0x68,0xeb,0xff,
    0x00,0x68,0xeb,0xff,0x00,0x68,0xeb,0xff,0x00,0x68,0xeb,0xff,0x00,0x68,0xeb,0xff,
    0x00,0x68,0xeb,0xff,0x00,0x68,0xeb,0xff,0x00,0x68,0xeb,0xff,0x00,0x68,0xeb,0xff,
    0x00,0x68,0xeb,0xff,0x00,0x68,0xeb,0xff,0x00,0x68,0xeb,0xff,0x00,0x68,0xeb,0xff,
    0x00,0x68,0xeb,0xff,0x00,0x68,0xeb,0xff,0x00,0x68,0xeb,0xff,0x00,0x68,0xeb,0xff,
    0x00,0x68,0xeb,0xff,0x00,0x68,0xeb,0xff,0x00,0x68,0xeb,0xff,0x00,0x68,0xeb,0xff,
    0x00,0x68,0xeb,0xff,0x00,0x68,0xeb,0xff,0x00,0x68,0xeb,0xff,0x00,0x68,0xeb,0xff,
    0x00,0x68,0xeb,0xff,0x00,0x68,0xeb,0xff,0x00,0x68,0xeb,0xff,0x00,0x68,0xeb,0xff,
    0x00,0x68,0xeb,0xff,0x00,0x68,0xeb,0xff,0x00,0x68,0xeb,0xff,0x00,0x68,0xeb,0xff,
    0x00,0x68,0xeb,0xff,0x00,0x68,0xeb,0xff,0x00,0x68,0xeb,0xff,0x00,0x68,0xeb,0xff,
    0x00,0x68,0xeb,0xff,0x00,0x68,0xeb,0xff,0x00,0x68,0xeb,0xff,0x00,0x68,0xeb,0xff,
    0x00,0x68,0xeb,0xff,0x00,0x68,0xeb,0xff,0x00,0x68,0xeb,0xff,0x00,0x68,0xeb,0xff,
    0x00,0x68,0xeb,0xff,0x00,0x68,0xeb,0xff,0x00,0x68,0xeb,0xff,0x00,0x68,0xeb,0xff,
    0x00,0x68,0xeb,0xff,0x00,0x68,0xeb,0xff,0x00,0x68,0xeb,0xff,0x00,0x68,0xeb,0xff,
    0x00,0x68,0xeb,0xff,0x00,0x68,0xeb,0xff,0x00,0x68,0xeb,0xff,0x00,0x68,0xeb,0xff,
    0x00,0x68,0xeb,0xff,0x00,0x68,0xeb,0xff,0x00,0x68,0xeb,0xff,0x00,0x68,0xeb,0xff,
    0x00,0x68,0xeb,0xff,0x00,0x68,0xeb,0xff,0x00,0x68,0xeb,0xff,0x00,0x68,0xeb,0xff,
    0x00,0x68,0xeb,0xff,0x00,0x68,0xeb,0xff,0x00,0x68,0xeb,0xff,0x00,0x68,0xeb,0xff,
    0x00,0x68,0xeb,0xff,0x00,0x68,0xeb,0xff,0x00,0x67,0xea,0xff,0x00,0x67,0xea,0xff,
    0x00,0x67,0xea,0xff,0x00,0x68,0xeb,0xff,0x00,0x68,0xeb,0xff,0x00,0x69,0xea,0xff,
    0x00,0x69,0xea,0xff,0x00,0x68,0xeb,0xff,0x00,0x68,0xeb,0xff,0x00,0x68,0xeb,0xff,
    0x00,0x68,0xeb,0xff,0x00,0x68,0xeb,0xff,0x00,0x68,0xeb,0xff,0x00,0x68,0xeb,0xff,
    0x00,0x68,0xeb,0xff,0x00,0x68,0xeb,0xff,0x00,0x68,0xeb,0xff,0x00,0x68,0xeb,0xff,
    0x00,0x68,0xeb,0xff,0x00,0x68,0xeb,0xff,0x00,0x68,0xeb,0xff,0x00,0x68,0xeb,0xff,
    0x00,0x68,0xeb,0xff,0x00,0x68,0xeb,0xff,0x00,0x68,0xeb,0xff,0x00,0x68,0xeb,0xff,
    0x00,0x68,0xeb,0xff,0x00,0x68,0xeb,0xff,0x00,0x68,0xeb,0xff,0x00,0x68,0xeb,0xff,
    0x00,0x68,0xeb,0xff,0x00,0x68,0xeb,0xff,0x00,0x68,0xeb,0xff,0x00,0x68,0xeb,0xff,
    0x00,0x68,0xeb,0xff,0x00,0x68,0xeb,0xff,0x00,0x68,0xeb,0xff,0x00,0x68,0xeb,0xff,
    0x00,0x68,0xeb,0xff,0x00,0x68,0xeb,0xff,0x00,0x68,0xeb,0xff,0x00,0x68,0xeb,0xff,
    0x00,0x68,0xeb,0xff,0x00,0x68,0xeb,0xff,0x00,0x68,0xeb,0xff,0x00,0x68,0xeb,0xff,
    0x00,0x68,0xeb,0xff,0x00,0x68,0xeb,0xff,0x00,0x68,0xeb,0xff,0x00,0x68,0xeb,0xff,
    0x00,0x68,0xeb,0xff,0x00,0x68,0xeb,0xff,0x00,0x68,0xeb,0xff,0x00,0x68,0xeb,0xff,
    0x00,0x68,0xeb,0xff,0x00,0x68,0xeb,0xff,0x00,0x68,0xeb,0xff,0x00,0x68,0xeb,0xff,
    0x00,0x68,0xeb,0xff,0x00,0x68,0xeb,0xff,0x00,0x68,0xeb,0xff,0x00,0x68,0xeb,0xff,
    0x00,0x68,0xeb,0xff,0x00,0x68,0xeb,0xff,0x00,0x68,0xeb,0xff,0x00,0x68,0xeb,0xff,
    0x00,0x68,0xeb,0xff,0x00,0x68,0xeb,0xff,0x00,0x68,0xeb,0xff,0x00,0x68,0xeb,0xff,
    0x00,0x68,0xeb,0xff,0x00,0x68,0xeb,0xff,0x00,0x68,0xeb,0xff,0x00,0x68,0xeb,0xff,
    0x00,0x68,0xeb,0xff,0x00,0x68,0xeb,0xff,0x00,0x68,0xeb,0xff,0x00,0x68,0xeb,0xff,
    0x00,0x68,0xeb,0xff,0x00,0x68,0xeb,0xff,0x00,0x68,0xeb,0xff,0x00,0x68,0xeb,0xff,
    0x00,0x68,0xeb,0xff,0x00,0x68,0xeb,0xff,0x00,0x68,0xeb,0xff,0x00,0x68,0xeb,0xff,
    0x00,0x68,0xeb,0xff,0x00,0x68,0xeb,0xff,0x00,0x68,0xeb,0xff,0x00,0x68,0xeb,0xff,
    0x00,0x68,0xeb,0xff,0x00,0x68,0xeb,0xff,0x00,0x68,0xeb,0xff,0x00,0x68,0xeb,0xff,
    0x00,0x68,0xeb,0xff,0x00,0x68,0xeb,0xff,0x00,0x68,0xeb,0xff,0x00,0x68,0xeb,0xff,
    0x00,0x68,0xeb,0xff,0x00,0x68,0xeb,0xff,0x00,0x68,0xeb,0xff,0x00,0x68,0xeb,0xff,
    0x00,0x68,0xeb,0xff,0x00,0x68,0xeb,0xff,0x00,0x68,0xeb,0xff,0x00,0x68,0xeb,0xff,
    0x00,0x68,0xeb,0xff,0x00,0x68,0xeb,0xff,0x00,0x68,0xeb,0xff,0x00,0x68,0xeb,0xff,
    0x00,0x68,0xeb,0xff,0x00,0x68,0xeb,0xff,0x00,0x67,0xea,0xff,0x00,0x67,0xea,0xff,
    0x00,0x67,0xea,0xff,0x00,0x68,0xeb,0xff,0x00,0x68,0xeb,0xff,0x00,0x68,0xeb,0xff,
    0x00,0x68,0xeb,0xff,0x00,0x68,0xeb,0xff,0x00,0x68,0xeb,0xff,0x00,0x68,0xeb,0xff,
    0x00,0x68,0xeb,0xff,0x00,0x68,0xeb,0xff,0x00,0x68,0xeb,0xff,0x00,0x68,0xeb,0xff,
    0x00,0x68,0xeb,0xff,0x00,0x68,0xeb,0xff,0x00,0x68,0xeb,0xff,0x00,0x68,0xeb,0xff,
    0x00,0x68,0xeb,0xff,0x00,0x68,0xeb,0xff,0x00,0x68,0xeb,0xff,0x00,0x68,0xeb,0xff,
    0x00,0x68,0xeb,0xff,0x00,0x68,0xeb,0xff,0x00,0x68,0xeb,0xff,0x00,0x68,0xeb,0xff,
    0x00,0x68,0xeb,0xff,0x00,0x68,0xeb,0xff,0x00,0x68,0xeb,0xff,0x00,0x68,0xeb,0xff,
    0x00,0x68,0xeb,0xff,0x00,0x68,0xeb,0xff,0x00,0x68,0xeb,0xff,0x00,0x68,0xeb,0xff,
    0x00,0x68,0xeb,0xff,0x00,0x68,0xeb,0xff,0x00,0x68,0xeb,0xff,0x00,0x68,0xeb,0xff,
    0x00,0x68,0xeb,0xff,0x00,0x68,0xeb,0xff,0x00,0x68,0xeb,0xff,0x00,0x68,0xeb,0xff,
    0x00,0x68,0xeb,0xff,0x00,0x68,0xeb,0xff,0x00,0x68,0xeb,0xff,0x00,0x68,0xeb,0xff,
    0x00,0x68,0xeb,0xff,0x00,0x68,0xeb,0xff,0x00,0x68,0xeb,0xff,0x00,0x68,0xeb,0xff,
    0x00,0x68,0xeb,0xff,0x00,0x68,0xeb,0xff,0x00,0x68,0xeb,0xff,0x00,0x68,0xeb,0xff,
    0x00,0x68,0xeb,0xff,0x00,0x68,0xeb,0xff,0x00,0x68,0xeb,0xff,0x00,0x68,0xeb,0xff,
    0x00,0x68,0xeb,0xff,0x00,0x68,0xeb,0xff,0x00,0x68,0xeb,0xff,0x00,0x68,0xeb,0xff,
    0x00,0x68,0xeb,0xff,0x00,0x68,0xeb,0xff,0x00,0x68,0xeb,0xff,0x00,0x68,0xeb,0xff,
    0x00,0x68,0xeb,0xff,0x00,0x68,0xeb,0xff,0x00,0x68,0xeb,0xff,0x00,0x68,0xeb,0xff,
    0x00,0x68,0xeb,0xff,0x00,0x68,0xeb,0xff,0x00,0x68,0xeb,0xff,0x00,0x68,0xeb,0xff,
    0x00,0x68,0xeb,0xff,0x00,0x68,0xeb,0xff,0x00,0x68,0xeb,0xff,0x00,0x68,0xeb,0xff,
    0x00,0x68,0xeb,0xff,0x00,0x68,0xeb,0xff,0x00,0x68,0xeb,0xff,0x00,0x68,0xeb,0xff,
    0x00,0x68,0xeb,0xff,0x00,0x68,0xeb,0xff,0x00,0x68,0xeb,0xff,0x00,0x68,0xeb,0xff,
    0x04,0x6b,0xeb,0xff,0x00,0x68,0xeb,0xff,0x00,0x68,0xeb,0xff,0x00,0x68,0xeb,0xff,
    0x00,0x68,0xeb,0xff,0x00,0x68,0xeb,0xff,0x00,0x68,0xeb,0xff,0x00,0x68,0xeb,0xff,
    0x00,0x68,0xeb,0xff,0x00,0x68,0xeb,0xff,0x00,0x68,0xeb,0xff,0x00,0x68,0xeb,0xff,
    0x00,0x68,0xeb,0xff,0x00,0x68,0xeb,0xff,0x00,0x68,0xeb,0xff,0x00,0x68,0xeb,0xff,
    0x00,0x68,0xeb,0xff,0x00,0x68,0xeb,0xff,0x00,0x68,0xeb,0xff,0x00,0x68,0xeb,0xff,
    0x00,0x68,0xeb,0xff,0x00,0x68,0xeb,0xff,0x00,0x68,0xeb,0xff,0x00,0x68,0xeb,0xff,
    0x00,0x68,0xeb,0xff,0x00,0x68,0xeb,0xff,0x00,0x68,0xeb,0xff,0x00,0x68,0xeb,0xff,
    0x00,0x68,0xeb,0xff,0x00,0x68,0xeb,0xff,0x00,0x68,0xeb,0xff,0x00,0x68,0xeb,0xff,
    0x00,0x68,0xeb,0xff,0x00,0x68,0xeb,0xff,0x00,0x68,0xeb,0xff,0x00,0x68,0xeb,0xff,
    0x00,0x68,0xeb,0xff,0x00,0x68,0xeb,0xff,0x00,0x68,0xeb,0xff,0x00,0x68,0xeb,0xff,
    0x00,0x68,0xeb,0xff,0x00,0x68,0xeb,0xff,0x00,0x68,0xeb,0xff,0x00,0x68,0xeb,0xff,
    0x00,0x68,0xeb,0xff,0x00,0x68,0xeb,0xff,0x00,0x68,0xeb,0xff,0x00,0x68,0xeb,0xff,
    0x00,0x68,0xeb,0xff,0x00,0x68,0xeb,0xff,0x00,0x68,0xeb,0xff,0x00,0x68,0xeb,0xff,
    0x00,0x68,0xeb,0xff,0x00,0x68,0xeb,0xff,0x00,0x68,0xeb,0xff,0x00,0x68,0xeb,0xff,
    0x00,0x68,0xeb,0xff,0x00,0x68,0xeb,0xff,0x00,0x68,0xeb,0xff,0x00,0x68,0xeb,0xff,
    0x00,0x68,0xeb,0xff,0x00,0x68,0xeb,0xff,0x00,0x68,0xeb,0xff,0x00,0x68,0xeb,0xff,
    0x00,0x68,0xeb,0xff,0x00,0x68,0xeb,0xff,0x00,0x68,0xeb,0xff,0x00,0x68,0xeb,0xff,
    0x00,0x68,0xeb,0xff,0x00,0x68,0xeb,0xff,0x00,0x68,0xeb,0xff,0x00,0x68,0xeb,0xff,
    0x00,0x68,0xeb,0xff,0x00,0x68,0xeb,0xff,0x00,0x68,0xeb,0xff,0x00,0x68,0xeb,0xff,
    0x00,0x68,0xeb,0xff,0x00,0x68,0xeb,0xff,0x00,0x68,0xeb,0xff,0x00,0x68,0xeb,0xff,
    0x00,0x68,0xeb,0xff,0x00,0x68,0xeb,0xff,0x00,0x68,0xeb,0xff,0x00,0x68,0xeb,0xff,
    0x00,0x68,0xeb,0xff,0x00,0x68,0xeb,0xff,0x00,0x68,0xeb,0xff,0x00,0x68,0xeb,0xff,
    0x00,0x68,0xeb,0xff,0x00,0x68,0xeb,0xff,0x00,0x68,0xeb,0xff,0x00,0x68,0xeb,0xff,
    0x00,0x68,0xeb,0xff,0x00,0x68,0xeb,0xff,0x00,0x68,0xeb,0xff,0x00,0x68,0xeb,0xff,
    0x00,0x68,0xeb,0xff,0x00,0x68,0xeb,0xff,0x00,0x68,0xeb,0xff,0x00,0x68,0xeb,0xff,
    0x00,0x68,0xeb,0xff,0x00,0x68,0xeb,0xff,0x00,0x68,0xeb,0xff,0x00,0x68,0xeb,0xff,
    0x00,0x68,0xeb,0xff,0x00,0x68,0xeb,0xff,0x00,0x68,0xeb,0xff,0x00,0x68,0xeb,0xff,
    0x00,0x68,0xeb,0xff,0x00,0x68,0xeb,0xff,0x00,0x68,0xeb,0xff,0x00,0x68,0xeb,0xff,
    0x74,0xa8,0xe9,0xff,0x00,0x68,0xeb,0xff,0x00,0x68,0xeb,0xff,0x00,0x68,0xeb,0xff,
    0x00,0x68,0xeb,0xff,0x00,0x68,0xeb,0xff,0x00,0x68,0xeb,0xff,0x00,0x68,0xeb,0xff,
    0x00,0x68,0xeb,0xff,0x00,0x68,0xeb,0xff,0x00,0x68,0xeb,0xff,0x00,0x68,0xeb,0xff,
    0x00,0x68,0xeb,0xff,0x00,0x68,0xeb,0xff,0x00,0x68,0xeb,0xff,0x00,0x68,0xeb,0xff,
    0x00,0x68,0xeb,0xff,0x00,0x68,0xeb,0xff,0x00,0x68,0xeb,0xff,0x00,0x68,0xeb,0xff,
    0x00,0x68,0xeb,0xff,0x00,0x68,0xeb,0xff,0x00,0x68,0xeb,0xff,0x00,0x68,0xeb,0xff,
    0x00,0x68,0xeb,0xff,0x00,0x68,0xeb,0xff,0x00,0x68,0xeb,0xff,0x00,0x68,0xeb,0xff,
    0x00,0x68,0xeb,0xff,0x00,0x68,0xeb,0xff,0x00,0x68,0xeb,0xff,0x00,0x68,0xeb,0xff,
    0x00,0x68,0xeb,0xff,0x00,0x68,0xeb,0xff,0x00,0x68,0xeb,0xff,0x00,0x68,0xeb,0xff,
    0x00,0x68,0xeb,0xff,0x00,0x68,0xeb,0xff,0x00,0x68,0xeb,0xff,0x00,0x68,0xeb,0xff,
    0x00,0x68,0xeb,0xff,0x00,0x68,0xeb,0xff,0x00,0x68,0xeb,0xff,0x00,0x68,0xeb,0xff,
    0x00,0x68,0xeb,0xff,0x00,0x68,0xeb,0xff,0x00,0x68,0xeb,0xff,0x00,0x68,0xeb,0xff,
    0x00,0x68,0xeb,0xff,0x00,0x68,0xeb,0xff,0x00,0x68,0xeb,0xff,0x00,0x68,0xeb,0xff,
    0x00,0x68,0xeb,0xff,0x00,0x68,0xeb,0xff,0x00,0x68,0xeb,0xff,0x00,0x68,0xeb,0xff,
    0x00,0x68,0xeb,0xff,0x00,0x68,0xeb,0xff,0x00,0x68,0xeb,0xff,0x00,0x68,0xeb,0xff,
    0x00,0x68,0xeb,0xff,0x00,0x68,0xeb,0xff,0x00,0x68,0xeb,0xff,0x00,0x68,0xeb,0xff,
    0x00,0x68,0xeb,0xff,0x00,0x68,0xeb,0xff,0x00,0x68,0xeb,0xff,0x00,0x68,0xeb,0xff,
    0x00,0x68,0xeb,0xff,0x00,0x68,0xeb,0xff,0x00,0x68,0xeb,0xff,0x00,0x68,0xeb,0xff,
    0x00,0x68,0xeb,0xff,0x00,0x68,0xeb,0xff,0x00,0x68,0xeb,0xff,0x00,0x68,0xeb,0xff,
    0x00,0x68,0xeb,0xff,0x00,0x68,0xeb,0xff,0x00,0x68,0xeb,0xff,0x00,0x68,0xeb,0xff,
    0x00,0x68,0xeb,0xff,0x00,0x68,0xeb,0xff,0x00,0x68,0xeb,0xff,0x00,0x68,0xeb,0xff,
    0x00,0x68,0xeb,0xff,0x00,0x68,0xeb,0xff,0x00,0x68,0xeb,0xff,0x00,0x68,0xeb,0xff,
    0x00,0x68,0xeb,0xff,0x00,0x68,0xeb,0xff,0x00,0x68,0xeb,0xff,0x00,0x68,0xeb,0xff,
    0x00,0x68,0xeb,0xff,0x00,0x68,0xeb,0xff,0x00,0x68,0xeb,0xff,0x00,0x68,0xeb,0xff,
    0x00,0x68,0xeb,0xff,0x00,0x68,0xeb,0xff,0x00,0x68,0xeb,0xff,0x00,0x68,0xeb,0xff,
    0x00,0x68,0xeb,0xff,0x00,0x68,0xeb,0xff,0x00,0x68,0xeb,0xff,0x00,0x68,0xeb,0xff,
    0x00,0x68,0xeb,0xff,0x00,0x68,0xeb,0xff,0x00,0x68,0xeb,0xff,0x00,0x68,0xeb,0xff,
    0x00,0x68,0xeb,0xff,0x00,0x68,0xeb,0xff,0x00,0x68,0xeb,0xff,0x42,0x8d,0xea,0xff,
    0xe6,0xe6,0xe6,0xff,0x5b,0x9b,0xe9,0xff,0x05,0x6b,0xea,0xff,0x00,0x68,0xeb,0xff,
    0x00,0x68,0xeb,0xff,0x00,0x68,0xeb,0xff,0x00,0x68,0xeb,0xff,0x00,0x68,0xeb,0xff,
    0x00,0x68,0xeb,0xff,0x00,0x68,0xeb,0xff,0x00,0x68,0xeb,0xff,0x00,0x68,0xeb,0xff,
    0x00,0x68,0xeb,0xff,0x00,0x68,0xeb,0xff,0x00,0x68,0xeb,0xff,0x00,0x68,0xeb,0xff,
    0x00,0x68,0xeb,0xff,0x00,0x68,0xeb,0xff,0x00,0x68,0xeb,0xff,0x00,0x68,0xeb,0xff,
    0x00,0x68,0xeb,0xff,0x00,0x68,0xeb,0xff,0x00,0x68,0xeb,0xff,0x00,0x68,0xeb,0xff,
    0x00,0x68,0xeb,0xff,0x00,0x68,0xeb,0xff,0x00,0x68,0xeb,0xff,0x00,0x68,0xeb,0xff,
    0x00,0x68,0xeb,0xff,0x00,0x68,0xeb,0xff,0x00,0x68,0xeb,0xff,0x00,0x68,0xeb,0xff,
    0x00,0x68,0xeb,0xff,0x00,0x68,0xeb,0xff,0x00,0x68,0xeb,0xff,0x00,0x68,0xeb,0xff,
    0x00,0x68,0xeb,0xff,0x00,0x68,0xeb,0xff,0x00,0x68,0xeb,0xff,0x00,0x68,0xeb,0xff,
    0x00,0x68,0xeb,0xff,0x00,0x68,0xeb,0xff,0x00,0x68,0xeb,0xff,0x00,0x68,0xeb,0xff,
    0x00,0x68,0xeb,0xff,0x00,0x68,0xeb,0xff,0x00,0x68,0xeb,0xff,0x00,0x68,0xeb,0xff,
    0x00,0x68,0xeb,0xff,0x00,0x68,0xeb,0xff,0x00,0x68,0xeb,0xff,0x00,0x68,0xeb,0xff,
    0x00,0x68,0xeb,0xff,0x00,0x68,0xeb,0xff,0x00,0x68,0xeb,0xff,0x00,0x68,0xeb,0xff,
    0x00,0x68,0xeb,0xff,0x00,0x68,0xeb,0xff,0x00,0x68,0xeb,0xff,0x00,0x68,0xeb,0xff,
    0x00,0x68,0xeb,0xff,0x00,0x68,0xeb,0xff,0x00,0x68,0xeb,0xff,0x00,0x68,0xeb,0xff,
    0x00,0x68,0xeb,0xff,0x00,0x68,0xeb,0xff,0x00,0x68,0xeb,0xff,0x00,0x68,0xeb,0xff,
    0x00,0x68,0xeb,0xff,0x00,0x68,0xeb,0xff,0x00,0x68,0xeb,0xff,0x00,0x68,0xeb,0xff,
    0x00,0x68,0xeb,0xff,0x00,0x68,0xeb,0xff,0x00,0x68,0xeb,0xff,0x00,0x68,0xeb,0xff,
    0x00,0x68,0xeb,0xff,0x00,0x68,0xeb,0xff,0x00,0x68,0xeb,0xff,0x00,0x68,0xeb,0xff,
    0x00,0x68,0xeb,0xff,0x00,0x68,0xeb,0xff,0x00,0x68,0xeb,0xff,0x00,0x68,0xeb,0xff,
    0x00,0x68,0xeb,0xff,0x00,0x68,0xeb,0xff,0x00,0x68,0xeb,0xff,0x00,0x68,0xeb,0xff,
    0x00,0x68,0xeb,0xff,0x00,0x68,0xeb,0xff,0x00,0x68,0xeb,0xff,0x00,0x68,0xeb,0xff,
    0x00,0x68,0xeb,0xff,0x00,0x68,0xeb,0xff,0x00,0x68,0xeb,0xff,0x00,0x68,0xeb,0xff,
    0x00,0x68,0xeb,0xff,0x00,0x68,0xeb,0xff,0x00,0x68,0xeb,0xff,0x00,0x68,0xeb,0xff,
    0x00,0x68,0xeb,0xff,0x00,0x68,0xeb,0xff,0x00,0x68,0xeb,0xff,0x00,0x68,0xeb,0xff,
    0x00,0x68,0xeb,0xff,0x00,0x68,0xeb,0xff,0x00,0x68,0xeb,0xff,0x00,0x68,0xeb,0xff,
    0x00,0x68,0xeb,0xff,0x01,0x68,0xeb,0xff,0x3a,0x89,0xea,0xff,0xda,0xe0,0xe7,0xff,
    0xe6,0xe6,0xe6,0xff,0xe6,0xe6,0xe6,0xff,0xc0,0xd4,0xe8,0xff,0x32,0x84,0xea,0xff,
    0x02,0x69,0xeb,0xff,0x00,0x68,0xeb,0xff,0x00,0x68,0xeb,0xff,0x00,0x68,0xeb,0xff,
    0x00,0x68,0xeb,0xff,0x00,0x68,0xeb,0xff,0x00,0x68,0xeb,0xff,0x00,0x68,0xeb,0xff,
    0x00,0x68,0xeb,0xff,0x00,0x68,0xeb,0xff,0x00,0x68,0xeb,0xff,0x00,0x68,0xeb,0xff,
    0x00,0x68,0xeb,0xff,0x00,0x68,0xeb,0xff,0x00,0x68,0xeb,0xff,0x00,0x68,0xeb,0xff,
    0x00,0x68,0xeb,0xff,0x00,0x68,0xeb,0xff,0x00,0x68,0xeb,0xff,0x00,0x68,0xeb,0xff,
    0x00,0x68,0xeb,0xff,0x00,0x68,0xeb,0xff,0x00,0x68,0xeb,0xff,0x00,0x68,0xeb,0xff,
    0x00,0x68,0xeb,0xff,0x00,0x68,0xeb,0xff,0x00,0x68,0xeb,0xff,0x00,0x68,0xeb,0xff,
    0x00,0x68,0xeb,0xff,0x00,0x68,0xeb,0xff,0x00,0x68,0xeb,0xff,0x00,0x68,0xeb,0xff,
    0x00,0x68,0xeb,0xff,0x00,0x68,0xeb,0xff,0x00,0x68,0xeb,0xff,0x00,0x68,0xeb,0xff,
    0x00,0x68,0xeb,0xff,0x00,0x68,0xeb,0xff,0x00,0x68,0xeb,0xff,0x00,0x68,0xeb,0xff,
    0x00,0x68,0xeb,0xff,0x00,0x68,0xeb,0xff,0x00,0x68,0xeb,0xff,0x00,0x68,0xeb,0xff,
    0x00,0x68,0xeb,0xff,0x00,0x68,0xeb,0xff,0x00,0x68,0xeb,0xff,0x00,0x68,0xeb,0xff,
    0x00,0x68,0xeb,0xff,0x00,0x68,0xeb,0xff,0x00,0x68,0xeb,0xff,0x00,0x68,0xeb,0xff,
    0x00,0x68,0xeb,0xff,0x00,0x68,0xeb,0xff,0x00,0x68,0xeb,0xff,0x00,0x68,0xeb,0xff,
    0x00,0x68,0xeb,0xff,0x00,0x68,0xeb,0xff,0x00,0x68,0xeb,0xff,0x00,0x68,0xeb,0xff,
    0x00,0x68,0xeb,0xff,0x00,0x68,0xeb,0xff,0x00,0x68,0xeb,0xff,0x00,0x68,0xeb,0xff,
    0x00,0x68,0xeb,0xff,0x00,0x68,0xeb,0xff,0x00,0x68,0xeb,0xff,0x00,0x68,0xeb,0xff,
    0x00,0x68,0xeb,0xff,0x00,0x68,0xeb,0xff,0x00,0x68,0xeb,0xff,0x00,0x68,0xeb,0xff,
    0x00,0x68,0xeb,0xff,0x00,0x68,0xeb,0xff,0x00,0x68,0xeb,0xff,0x00,0x68,0xeb,0xff,
    0x00,0x68,0xeb,0xff,0x00,0x68,0xeb,0xff,0x00,0x68,0xeb,0xff,0x00,0x68,0xeb,0xff,
    0x00,0x68,0xeb,0xff,0x00,0x68,0xeb,0xff,0x00,0x68,0xeb,0xff,0x00,0x68,0xeb,0xff,
    0x00,0x68,0xeb,0xff,0x00,0x68,0xeb,0xff,0x00,0x68,0xeb,0xff,0x00,0x68,0xeb,0xff,
    0x00,0x68,0xeb,0xff,0x00,0x68,0xeb,0xff,0x00,0x68,0xeb,0xff,0x00,0x68,0xeb,0xff,
    0x00,0x68,0xeb,0xff,0x00,0x68,0xeb,0xff,0x00,0x68,0xeb,0xff,0x00,0x68,0xeb,0xff,
    0x00,0x68,0xeb,0xff,0x00,0x68,0xeb,0xff,0x00,0x68,0xeb,0xff,0x00,0x68,0xeb,0xff,
    0x00,0x68,0xeb,0xff,0x00,0x68,0xeb,0xff,0x00,0x68,0xeb,0xff,0x00,0x68,0xeb,0xff,
    0x22,0x79,0xea,0xff,0x9f,0xc1,0xe7,0xff,0xe6,0xe6,0xe6,0xff,0xe6,0xe6,0xe6,0xff,
    0x0e,0x0e,0x0e,0xff,0x0e,0x0e,0x0e,0xff,0x0e,0x0e,0x0e,0xff,0x0e,0x0e,0x0e,0xff,
    0x0e,0x0e,0x0e,0xff,0x0e,0x0e,0x0e,0xff,0x0e,0x0e,0x0e,0xff,0x0e,0x0e,0x0e,0xff,
    0x0e,0x0e,0x0e,0xff,0x0e,0x0e,0x0e,0xff,0x0e,0x0e,0x0e,0xff,0x0e,0x0e,0x0e,0xff,
    0x0e,0x0e,0x0e,0xff,0x0e,0x0e,0x0e,0xff,0x0e,0x0e,0x0e,0xff,0x0e,0x0e,0x0e,0xff,
    0x0e,0x0e,0x0e,0xff,0x0e,0x0e,0x0e,0xff,0x0e,0x0e,0x0e,0xff,0x0e,0x0e,0x0e,0xff,
    0x0e,0x0e,0x0e,0xff,0x0e,0x0e,0x0e,0xff,0x0e,0x0e,0x0e,0xff,0x0e,0x0e,0x0e,0xff,
    0x0e,0x0e,0x0e,0xff,0x0e,0x0e,0x0e,0xff,0x0e,0x0e,0x0e,0xff,0x0e,0x0e,0x0e,0xff,
    0x0e,0x0e,0x0e,0xff,0x0e,0x0e,0x0e,0xff,0x0e,0x0e,0x0e,0xff,0x0e,0x0e,0x0e,0xff,
    0x0e,0x0e,0x0e,0xff,0x0e,0x0e,0x0e,0xff,0x0e,0x0e,0x0e,0xff,0x0e,0x0e,0x0e,0xff,
    0x0e,0x0e,0x0e,0xff,0x0e,0x0e,0x0e,0xff,0x0e,0x0e,0x0e,0xff,0x0e,0x0e,0x0e,0xff,
    0x0e,0x0e,0x0e,0xff,0x0e,0x0e,0x0e,0xff,0x0e,0x0e,0x0e,0xff,0x0e,0x0e,0x0e,0xff,
    0x0e,0x0e,0x0e,0xff,0x0e,0x0e,0x0e,0xff,0x0e,0x0e,0x0e,0xff,0x0e,0x0e,0x0e,0xff,
    0x0e,0x0e,0x0e,0xff,0x0e,0x0e,0x0e,0xff,0x0e,0x0e,0x0e,0xff,0x0e,0x0e,0x0e,0xff,
    0x0e,0x0e,0x0e,0xff,0x0e,0x0e,0x0e,0xff,0x0e,0x0e,0x0e,0xff,0x0e,0x0e,0x0e,0xff,
    0x0e,0x0e,0x0e,0xff,0x0e,0x0e,0x0e,0xff,0x0e,0x0e,0x0e,0xff,0x0e,0x0e,0x0e,0xff,
    0x0e,0x0e,0x0e,0xff,0x0e,0x0e,0x0e,0xff,0x0e,0x0e,0x0e,0xff,0x0e,0x0e,0x0e,0xff,
    0x0e,0x0e,0x0e,0xff,0x0e,0x0e,0x0e,0xff,0x0e,0x0e,0x0e,0xff,0x0e,0x0e,0x0e,0xff,
    0x0e,0x0e,0x0e,0xff,0x0e,0x0e,0x0e,0xff,0x0e,0x0e,0x0e,0xff,0x0e,0x0e,0x0e,0xff,
    0x0e,0x0e,0x0e,0xff,0x0e,0x0e,0x0e,0xff,0x0e,0x0e,0x0e,0xff,0x0e,0x0e,0x0e,0xff,
    0x0e,0x0e,0x0e,0xff,0x0e,0x0e,0x0e,0xff,0x0e,0x0e,0x0e,0xff,0x0e,0x0e,0x0e,0xff,
    0x0e,0x0e,0x0e,0xff,0x0e,0x0e,0x0e,0xff,0x0e,0x0e,0x0e,0xff,0x0e,0x0e,0x0e,0xff,
    0x0e,0x0e,0x0e,0xff,0x0e,0x0e,0x0e,0xff,0x0e,0x0e,0x0e,0xff,0x0e,0x0e,0x0e,0xff,
    0x0e,0x0e,0x0e,0xff,0x0e,0x0e,0x0e,0xff,0x0e,0x0e,0x0e,0xff,0x0e,0x0e,0x0e,0xff,
    0x0e,0x0e,0x0e,0xff,0x0e,0x0e,0x0e,0xff,0x0e,0x0e,0x0e,0xff,0x0e,0x0e,0x0e,0xff,
    0x0e,0x0e,0x0e,0xff,0x0e,0x0e,0x0e,0xff,0x0e,0x0e,0x0e,0xff,0x0e,0x0e,0x0e,0xff,
    0x0e,0x0e,0x0e,0xff,0x0e,0x0e,0x0e,0xff,0x0e,0x0e,0x0e,0xff,0x0e,0x0e,0x0e,0xff,
    0x0e,0x0e,0x0e,0xff,0x0e,0x0e,0x0e,0xff,0x0e,0x0e,0x0e,0xff,0x0e,0x0e,0x0e,0xff,
    0x0e,0x0e,0x0e,0xff,0x0e,0x0e,0x0e,0xff,0x0e,0x0e,0x0e,0xff,0x0e,0x0e,0x0e,0xff,
    0x0e,0x0e,0x0e,0xff,0x0e,0x0e,0x0e,0xff,0x0e,0x0e,0x0e,0xff,0x0e,0x0e,0x0e,0xff,
    0x0e,0x0e,0x0e,0xff,0x0e,0x0e,0x0e,0xff,0x0e,0x0e,0x0e,0xff,0x0e,0x0e,0x0e,0xff,
    0x0e,0x0e,0x0e,0xff,0x0e,0x0e,0x0e,0xff,0x0e,0x0e,0x0e,0xff,0x0e,0x0e,0x0e,0xff,
    0x0e,0x0e,0x0e,0xff,0x0e,0x0e,0x0e,0xff,0x0e,0x0e,0x0e,0xff,0x0e,0x0e,0x0e,0xff,
    0x0e,0x0e,0x0e,0xff,0x0e,0x0e,0x0e,0xff,0x0e,0x0e,0x0e,0xff,0x0e,0x0e,0x0e,0xff,
    0x0e,0x0e,0x0e,0xff,0x0e,0x0e,0x0e,0xff,0x0e,0x0e,0x0e,0xff,0x0e,0x0e,0x0e,0xff,
    0x0e,0x0e,0x0e,0xff,0x0e,0x0e,0x0e,0xff,0x0e,0x0e,0x0e,0xff,0x0e,0x0e,0x0e,0xff,
    0x0e,0x0e,0x0e,0xff,0x0e,0x0e,0x0e,0xff,0x0e,0x0e,0x0e,0xff,0x0e,0x0e,0x0e,0xff,
    0x0e,0x0e,0x0e,0xff,0x0e,0x0e,0x0e,0xff,0x0e,0x0e,0x0e,0xff,0x0e,0x0e,0x0e,0xff,
    0x0e,0x0e,0x0e,0xff,0x0e,0x0e,0x0e,0xff,0x0e,0x0e,0x0e,0xff,0x0e,0x0e,0x0e,0xff,
    0x0e,0x0e,0x0e,0xff,0x0e,0x0e,0x0e,0xff,0x0e,0x0e,0x0e,0xff,0x0e,0x0e,0x0e,0xff,
    0x0e,0x0e,0x0e,0xff,0x0e,0x0e,0x0e,0xff,0x0e,0x0e,0x0e,0xff,0x0e,0x0e,0x0e,0xff,
    0x0e,0x0e,0x0e,0xff,0x0e,0x0e,0x0e,0xff,0x0e,0x0e,0x0e,0xff,0x0e,0x0e,0x0e,0xff,
    0x0e,0x0e,0x0e,0xff,0x0e,0x0e,0x0e,0xff,0x0e,0x0e,0x0e,0xff,0x0e,0x0e,0x0e,0xff,
    0x0e,0x0e,0x0e,0xff,0x0e,0x0e,0x0e,0xff,0x0e,0x0e,0x0e,0xff,0x0e,0x0e,0x0e,0xff,
    0x0e,0x0e,0x0e,0xff,0x0e,0x0e,0x0e,0xff,0x0e,0x0e,0x0e,0xff,0x0e,0x0e,0x0e,0xff,
    0x0e,0x0e,0x0e,0xff,0x0e,0x0e,0x0e,0xff,0x0e,0x0e,0x0e,0xff,0x0e,0x0e,0x0e,0xff,
    0x0e,0x0e,0x0e,0xff,0x0e,0x0e,0x0e,0xff,0x0e,0x0e,0x0e,0xff,0x0e,0x0e,0x0e,0xff,
    0x0e,0x0e,0x0e,0xff,0x0e,0x0e,0x0e,0xff,0x0e,0x0e,0x0e,0xff,0x0e,0x0e,0x0e,0xff,
    0x0e,0x0e,0x0e,0xff,0x0e,0x0e,0x0e,0xff,0x0e,0x0e,0x0e,0xff,0x0e,0x0e,0x0e,0xff,
    0x0e,0x0e,0x0e,0xff,0x0e,0x0e,0x0e,0xff,0x0e,0x0e,0x0e,0xff,0x0e,0x0e,0x0e,0xff,
    0x0e,0x0e,0x0e,0xff,0x0e,0x0e,0x0e,0xff,0x0e,0x0e,0x0e,0xff,0x0e,0x0e,0x0e,0xff,
    0x0e,0x0e,0x0e,0xff,0x0e,0x0e,0x0e,0xff,0x0e,0x0e,0x0e,0xff,0x0e,0x0e,0x0e,0xff,
    0x0e,0x0e,0x0e,0xff,0x0e,0x0e,0x0e,0xff,0x0e,0x0e,0x0e,0xff,0x0e,0x0e,0x0e,0xff,
    0x0e,0x0e,0x0e,0xff,0x0e,0x0e,0x0e,0xff,0x0e,0x0e,0x0e,0xff,0x0e,0x0e,0x0e,0xff,
    0x0e,0x0e,0x0e,0xff,0x0e,0x0e,0x0e,0xff,0x0e,0x0e,0x0e,0xff,0x0e,0x0e,0x0e,0xff,
    0x0e,0x0e,0x0e,0xff,0x0e,0x0e,0x0e,0xff,0x0e,0x0e,0x0e,0xff,0x0e,0x0e,0x0e,0xff,
    0x0e,0x0e,0x0e,0xff,0x0e,0x0e,0x0e,0xff,0x0e,0x0e,0x0e,0xff,0x0e,0x0e,0x0e,0xff,
    0x0e,0x0e,0x0e,0xff,0x0e,0x0e,0x0e,0xff,0x0e,0x0e,0x0e,0xff,0x0e,0x0e,0x0e,0xff,
    0x0e,0x0e,0x0e,0xff,0x0e,0x0e,0x0e,0xff,0x0e,0x0e,0x0e,0xff,0x0e,0x0e,0x0e,0xff,
    0x0e,0x0e,0x0e,0xff,0x0e,0x0e,0x0e,0xff,0x0e,0x0e,0x0e,0xff,0x0e,0x0e,0x0e,0xff,
    0x0e,0x0e,0x0e,0xff,0x0e,0x0e,0x0e,0xff,0x0e,0x0e,0x0e,0xff,0x0e,0x0e,0x0e,0xff,
    0x0e,0x0e,0x0e,0xff,0x0e,0x0e,0x0e,0xff,0x0e,0x0e,0x0e,0xff,0x0e,0x0e,0x0e,0xff,
    0x0e,0x0e,0x0e,0xff,0x0e,0x0e,0x0e,0xff,0x0e,0x0e,0x0e,0xff,0x0e,0x0e,0x0e,0xff,
    0x0e,0x0e,0x0e,0xff,0x0e,0x0e,0x0e,0xff,0x0e,0x0e,0x0e,0xff,0x0e,0x0e,0x0e,0xff,
    0x0e,0x0e,0x0e,0xff,0x0e,0x0e,0x0e,0xff,0x0e,0x0e,0x0e,0xff,0x0e,0x0e,0x0e,0xff,
    0x0e,0x0e,0x0e,0xff,0x0e,0x0e,0x0e,0xff,0x0e,0x0e,0x0e,0xff,0x0e,0x0e,0x0e,0xff,
    0x0e,0x0e,0x0e,0xff,0x0e,0x0e,0x0e,0xff,0x0e,0x0e,0x0e,0xff,0x0e,0x0e,0x0e,0xff,
    0x0e,0x0e,0x0e,0xff,0x0e,0x0e,0x0e,0xff,0x0e,0x0e,0x0e,0xff,0x0e,0x0e,0x0e,0xff,
    0x0e,0x0e,0x0e,0xff,0x0e,0x0e,0x0e,0xff,0x0e,0x0e,0x0e,0xff,0x0e,0x0e,0x0e,0xff,
    0x0e,0x0e,0x0e,0xff,0x0e,0x0e,0x0e,0xff,0x0e,0x0e,0x0e,0xff,0x0e,0x0e,0x0e,0xff,
    0x0e,0x0e,0x0e,0xff,0x0e,0x0e,0x0e,0xff,0x0e,0x0e,0x0e,0xff,0x0e,0x0e,0x0e,0xff,
    0x0e,0x0e,0x0e,0xff,0x0e,0x0e,0x0e,0xff,0x0e,0x0e,0x0e,0xff,0x0e,0x0e,0x0e,0xff,
    0x0e,0x0e,0x0e,0xff,0x0e,0x0e,0x0e,0xff,0x0e,0x0e,0x0e,0xff,0x0e,0x0e,0x0e,0xff,
    0x0e,0x0e,0x0e,0xff,0x0e,0x0e,0x0e,0xff,0x0e,0x0e,0x0e,0xff,0x0e,0x0e,0x0e,0xff,
    0x0e,0x0e,0x0e,0xff,0x0e,0x0e,0x0e,0xff,0x0e,0x0e,0x0e,0xff,0x0e,0x0e,0x0e,0xff,
    0x0e,0x0e,0x0e,0xff,0x0e,0x0e,0x0e,0xff,0x0e,0x0e,0x0e,0xff,0x0e,0x0e,0x0e,0xff,
    0x0e,0x0e,0x0e,0xff,0x0e,0x0e,0x0e,0xff,0x0e,0x0e,0x0e,0xff,0x0e,0x0e,0x0e,0xff,
    0x0e,0x0e,0x0e,0xff,0x0e,0x0e,0x0e,0xff,0x0e,0x0e,0x0e,0xff,0x0e,0x0e,0x0e,0xff,
    0x0e,0x0e,0x0e,0xff,0x0e,0x0e,0x0e,0xff,0x0e,0x0e,0x0e,0xff,0x0e,0x0e,0x0e,0xff,
    0x0e,0x0e,0x0e,0xff,0x0e,0x0e,0x0e,0xff,0x0e,0x0e,0x0e,0xff,0x0e,0x0e,0x0e,0xff,
    0x0e,0x0e,0x0e,0xff,0x0e,0x0e,0x0e,0xff,0x0e,0x0e,0x0e,0xff,0x0e,0x0e,0x0e,0xff,
    0x0e,0x0e,0x0e,0xff,0x0e,0x0e,0x0e,0xff,0x0e,0x0e,0x0e,0xff,0x0e,0x0e,0x0e,0xff,
    0x0e,0x0e,0x0e,0xff,0x0e,0x0e,0x0e,0xff,0x0e,0x0e,0x0e,0xff,0x0e,0x0e,0x0e,0xff,
    0x0e,0x0e,0x0e,0xff,0x0e,0x0e,0x0e,0xff,0x0e,0x0e,0x0e,0xff,0x0e,0x0e,0x0e,0xff,
    0x0e,0x0e,0x0e,0xff,0x0e,0x0e,0x0e,0xff,0x0e,0x0e,0x0e,0xff,0x0e,0x0e,0x0e,0xff,
    0x0e,0x0e,0x0e,0xff,0x0e,0x0e,0x0e,0xff,0x0e,0x0e,0x0e,0xff,0x0e,0x0e,0x0e,0xff,
    0x0e,0x0e,0x0e,0xff,0x0e,0x0e,0x0e,0xff,0x0e,0x0e,0x0e,0xff,0x0e,0x0e,0x0e,0xff,
    0x0e,0x0e,0x0e,0xff,0x0e,0x0e,0x0e,0xff,0x0e,0x0e,0x0e,0xff,0x0e,0x0e,0x0e,0xff,
    0x0e,0x0e,0x0e,0xff,0x0e,0x0e,0x0e,0xff,0x0e,0x0e,0x0e,0xff,0x0e,0x0e,0x0e,0xff,
    0x0e,0x0e,0x0e,0xff,0x0e,0x0e,0x0e,0xff,0x0e,0x0e,0x0e,0xff,0x0e,0x0e,0x0e,0xff,
    0x0e,0x0e,0x0e,0xff,0x0e,0x0e,0x0e,0xff,0x0e,0x0e,0x0e,0xff,0x0e,0x0e,0x0e,0xff,
    0x0e,0x0e,0x0e,0xff,0x0e,0x0e,0x0e,0xff,0x0e,0x0e,0x0e,0xff,0x0e,0x0e,0x0e,0xff,
    0x0e,0x0e,0x0e,0xff,0x0e,0x0e,0x0e,0xff,0x0e,0x0e,0x0e,0xff,0x0e,0x0e,0x0e,0xff,
    0x0e,0x0e,0x0e,0xff,0x0e,0x0e,0x0e,0xff,0x0e,0x0e,0x0e,0xff,0x0e,0x0e,0x0e,0xff,
    0x0e,0x0e,0x0e,0xff,0x0e,0x0e,0x0e,0xff,0x0e,0x0e,0x0e,0xff,0x0e,0x0e,0x0e,0xff,
    0x0e,0x0e,0x0e,0xff,0x0e,0x0e,0x0e,0xff,0x0e,0x0e,0x0e,0xff,0x0e,0x0e,0x0e,0xff,
    0x0e,0x0e,0x0e,0xff,0x0e,0x0e,0x0e,0xff,0x0e,0x0e,0x0e,0xff,0x0e,0x0e,0x0e,0xff,
    0x0e,0x0e,0x0e,0xff,0x0e,0x0e,0x0e,0xff,0x0e,0x0e,0x0e,0xff,0x0e,0x0e,0x0e,0xff,
    0x0e,0x0e,0x0e,0xff,0x0e,0x0e,0x0e,0xff,0x0e,0x0e,0x0e,0xff,0x0e,0x0e,0x0e,0xff,
    0x0e,0x0e,0x0e,0xff,0x0e,0x0e,0x0e,0xff,0x0e,0x0e,0x0e,0xff,0x0e,0x0e,0x0e,0xff,
    0x0e,0x0e,0x0e,0xff,0x0e,0x0e,0x0e,0xff,0x0e,0x0e,0x0e,0xff,0x0e,0x0e,0x0e,0xff,
    0x0e,0x0e,0x0e,0xff,0x0e,0x0e,0x0e,0xff,0x0e,0x0e,0x0e,0xff,0x0e,0x0e,0x0e,0xff,
    0x0e,0x0e,0x0e,0xff,0x0e,0x0e,0x0e,0xff,0x0e,0x0e,0x0e,0xff,0x0e,0x0e,0x0e,0xff,
    0x0e,0x0e,0x0e,0xff,0x0e,0x0e,0x0e,0xff,0x0e,0x0e,0x0e,0xff,0x0e,0x0e,0x0e,0xff,
    0x0e,0x0e,0x0e,0xff,0x0e,0x0e,0x0e,0xff,0x0e,0x0e,0x0e,0xff,0x0e,0x0e,0x0e,0xff,
    0x0e,0x0e,0x0e,0xff,0x0e,0x0e,0x0e,0xff,0x0e,0x0e,0x0e,0xff,0x0e,0x0e,0x0e,0xff,
    0x0e,0x0e,0x0e,0xff,0x0e,0x0e,0x0e,0xff,0x0e,0x0e,0x0e,0xff,0x0e,0x0e,0x0e,0xff,
    0x0e,0x0e,0x0e,0xff,0x0e,0x0e,0x0e,0xff,0x0e,0x0e,0x0e,0xff,0x0e,0x0e,0x0e,0xff,
    0x0e,0x0e,0x0e,0xff,0x0e,0x0e,0x0e,0xff,0x0e,0x0e,0x0e,0xff,0x0e,0x0e,0x0e,0xff,
    0x0e,0x0e,0x0e,0xff,0x0e,0x0e,0x0e,0xff,0x0e,0x0e,0x0e,0xff,0x0e,0x0e,0x0e,0xff,
    0x0e,0x0e,0x0e,0xff,0x0e,0x0e,0x0e,0xff,0x0e,0x0e,0x0e,0xff,0x0e,0x0e,0x0e,0xff,
    0x0e,0x0e,0x0e,0xff,0x0e,0x0e,0x0e,0xff,0x0e,0x0e,0x0e,0xff,0x0e,0x0e,0x0e,0xff,
    0x0e,0x0e,0x0e,0xff,0x0e,0x0e,0x0e,0xff,0x0e,0x0e,0x0e,0xff,0x0e,0x0e,0x0e,0xff,
    0x0e,0x0e,0x0e,0xff,0x0e,0x0e,0x0e,0xff,0x0e,0x0e,0x0e,0xff,0x0e,0x0e,0x0e,0xff,
    0x0e,0x0e,0x0e,0xff,0x0e,0x0e,0x0e,0xff,0x0e,0x0e,0x0e,0xff,0x0e,0x0e,0x0e,0xff,
    0x0e,0x0e,0x0e,0xff,0x0e,0x0e,0x0e,0xff,0x0e,0x0e,0x0e,0xff,0x0e,0x0e,0x0e,0xff,
    0x0e,0x0e,0x0e,0xff,0x0e,0x0e,0x0e,0xff,0x0e,0x0e,0x0e,0xff,0x0e,0x0e,0x0e,0xff,
    0x0e,0x0e,0x0e,0xff,0x0e,0x0e,0x0e,0xff,0x0e,0x0e,0x0e,0xff,0x0e,0x0e,0x0e,0xff,
    0x0e,0x0e,0x0e,0xff,0x0e,0x0e,0x0e,0xff,0x0e,0x0e,0x0e,0xff,0x0e,0x0e,0x0e,0xff,
    0x0e,0x0e,0x0e,0xff,0x0e,0x0e,0x0e,0xff,0x0e,0x0e,0x0e,0xff,0x0e,0x0e,0x0e,0xff,
    0x0e,0x0e,0x0e,0xff,0x0e,0x0e,0x0e,0xff,0x0e,0x0e,0x0e,0xff,0x0e,0x0e,0x0e,0xff,
    0x0e,0x0e,0x0e,0xff,0x0e,0x0e,0x0e,0xff,0x0e,0x0e,0x0e,0xff,0x0e,0x0e,0x0e,0xff,
    0x0e,0x0e,0x0e,0xff,0x0e,0x0e,0x0e,0xff,0x0e,0x0e,0x0e,0xff,0x0e,0x0e,0x0e,0xff,
    0x0e,0x0e,0x0e,0xff,0x0e,0x0e,0x0e,0xff,0x0e,0x0e,0x0e,0xff,0x0e,0x0e,0x0e,0xff,
    0x0e,0x0e,0x0e,0xff,0x0e,0x0e,0x0e,0xff,0x0e,0x0e,0x0e,0xff,0x0e,0x0e,0x0e,0xff,
    0x0e,0x0e,0x0e,0xff,0x0e,0x0e,0x0e,0xff,0x0e,0x0e,0x0e,0xff,0x0e,0x0e,0x0e,0xff,
    0x0e,0x0e,0x0e,0xff,0x0e,0x0e,0x0e,0xff,0x0e,0x0e,0x0e,0xff,0x0e,0x0e,0x0e,0xff,
    0x0e,0x0e,0x0e,0xff,0x0e,0x0e,0x0e,0xff,0x0e,0x0e,0x0e,0xff,0x0e,0x0e,0x0e,0xff,
    0x0e,0x0e,0x0e,0xff,0x0e,0x0e,0x0e,0xff,0x0e,0x0e,0x0e,0xff,0x0e,0x0e,0x0e,0xff,
    0x0e,0x0e,0x0e,0xff,0x0e,0x0e,0x0e,0xff,0x0e,0x0e,0x0e,0xff,0x0e,0x0e,0x0e,0xff,
    0x0e,0x0e,0x0e,0xff,0x0e,0x0e,0x0e,0xff,0x0e,0x0e,0x0e,0xff,0x0e,0x0e,0x0e,0xff,
    0x0e,0x0e,0x0e,0xff,0x0e,0x0e,0x0e,0xff,0x0e,0x0e,0x0e,0xff,0x0e,0x0e,0x0e,0xff,
    0x0e,0x0e,0x0e,0xff,0x0e,0x0e,0x0e,0xff,0x0e,0x0e,0x0e,0xff,0x0e,0x0e,0x0e,0xff,
    0x0e,0x0e,0x0e,0xff,0x0e,0x0e,0x0e,0xff,0x0e,0x0e,0x0e,0xff,0x0e,0x0e,0x0e,0xff,
    0x0e,0x0e,0x0e,0xff,0x0e,0x0e,0x0e,0xff,0x0e,0x0e,0x0e,0xff,0x0e,0x0e,0x0e,0xff,
    0x0e,0x0e,0x0e,0xff,0x0e,0x0e,0x0e,0xff,0x0e,0x0e,0x0e,0xff,0x0e,0x0e,0x0e,0xff,
    0x0e,0x0e,0x0e,0xff,0x0e,0x0e,0x0e,0xff,0x0e,0x0e,0x0e,0xff,0x0e,0x0e,0x0e,0xff,
    0x0e,0x0e,0x0e,0xff,0x0e,0x0e,0x0e,0xff,0x0e,0x0e,0x0e,0xff,0x0e,0x0e,0x0e,0xff,
    0x0e,0x0e,0x0e,0xff,0x0e,0x0e,0x0e,0xff,0x0e,0x0e,0x0e,0xff,0x0e,0x0e,0x0e,0xff,
    0x0e,0x0e,0x0e,0xff,0x0e,0x0e,0x0e,0xff,0x0e,0x0e,0x0e,0xff,0x0e,0x0e,0x0e,0xff,
    0x0e,0x0e,0x0e,0xff,0x0e,0x0e,0x0e,0xff,0x0e,0x0e,0x0e,0xff,0x0e,0x0e,0x0e,0xff,
    0x0e,0x0e,0x0e,0xff,0x0e,0x0e,0x0e,0xff,0x0e,0x0e,0x0e,0xff,0x0e,0x0e,0x0e,0xff,
    0x0e,0x0e,0x0e,0xff,0x0e,0x0e,0x0e,0xff,0x0e,0x0e,0x0e,0xff,0x0e,0x0e,0x0e,0xff,
    0x0e,0x0e,0x0e,0xff,0x0e,0x0e,0x0e,0xff,0x0e,0x0e,0x0e,0xff,0x0e,0x0e,0x0e,0xff,
    0x0e,0x0e,0x0e,0xff,0x0e,0x0e,0x0e,0xff,0x0e,0x0e,0x0e,0xff,0x0e,0x0e,0x0e,0xff,
    0x0e,0x0e,0x0e,0xff,0x0e,0x0e,0x0e,0xff,0x0e,0x0e,0x0e,0xff,0x0e,0x0e,0x0e,0xff,
    0x0e,0x0e,0x0e,0xff,0x0e,0x0e,0x0e,0xff,0x0e,0x0e,0x0e,0xff,0x0e,0x0e,0x0e,0xff,
    0x0e,0x0e,0x0e,0xff,0x0e,0x0e,0x0e,0xff,0x0e,0x0e,0x0e,0xff,0x0e,0x0e,0x0e,0xff,
    0x0e,0x0e,0x0e,0xff,0x0e,0x0e,0x0e,0xff,0x0e,0x0e,0x0e,0xff,0x0e,0x0e,0x0e,0xff,
    0x0e,0x0e,0x0e,0xff,0x0e,0x0e,0x0e,0xff,0x0e,0x0e,0x0e,0xff,0x0e,0x0e,0x0e,0xff,
    0x0e,0x0e,0x0e,0xff,0x0e,0x0e,0x0e,0xff,0x0e,0x0e,0x0e,0xff,0x0e,0x0e,0x0e,0xff,
    0x0e,0x0e,0x0e,0xff,0x0e,0x0e,0x0e,0xff,0x0e,0x0e,0x0e,0xff,0x0e,0x0e,0x0e,0xff,
    0x0e,0x0e,0x0e,0xff,0x0e,0x0e,0x0e,0xff,0x0e,0x0e,0x0e,0xff,0x0e,0x0e,0x0e,0xff,
    0x0e,0x0e,0x0e,0xff,0x0e,0x0e,0x0e,0xff,0x0e,0x0e,0x0e,0xff,0x0e,0x0e,0x0e,0xff,
    0x0e,0x0e,0x0e,0xff,0x0e,0x0e,0x0e,0xff,0x0e,0x0e,0x0e,0xff,0x0e,0x0e,0x0e,0xff,
    0x0e,0x0e,0x0e,0xff,0x0e,0x0e,0x0e,0xff,0x0e,0x0e,0x0e,0xff,0x0e,0x0e,0x0e,0xff,
    0x0e,0x0e,0x0e,0xff,0x0e,0x0e,0x0e,0xff,0x0e,0x0e,0x0e,0xff,0x0e,0x0e,0x0e,0xff,
    0x0e,0x0e,0x0e,0xff,0x0e,0x0e,0x0e,0xff,0x0e,0x0e,0x0e,0xff,0x0e,0x0e,0x0e,0xff,
    0x0e,0x0e,0x0e,0xff,0x0e,0x0e,0x0e,0xff,0x0e,0x0e,0x0e,0xff,0x0e,0x0e,0x0e,0xff,
    0x0e,0x0e,0x0e,0xff,0x0e,0x0e,0x0e,0xff,0x0e,0x0e,0x0e,0xff,0x0e,0x0e,0x0e,0xff,
    0x0e,0x0e,0x0e,0xff,0x0e,0x0e,0x0e,0xff,0x0e,0x0e,0x0e,0xff,0x0e,0x0e,0x0e,0xff,
    0x0e,0x0e,0x0e,0xff,0x0e,0x0e,0x0e,0xff,0x0e,0x0e,0x0e,0xff,0x0e,0x0e,0x0e,0xff,
    0x0e,0x0e,0x0e,0xff,0x0e,0x0e,0x0e,0xff,0x0e,0x0e,0x0e,0xff,0x0e,0x0e,0x0e,0xff,
    0x0e,0x0e,0x0e,0xff,0x0e,0x0e,0x0e,0xff,0x0e,0x0e,0x0e,0xff,0x0e,0x0e,0x0e,0xff,
    0x0e,0x0e,0x0e,0xff,0x0e,0x0e,0x0e,0xff,0x0e,0x0e,0x0e,0xff,0x0e,0x0e,0x0e,0xff,
    0x0e,0x0e,0x0e,0xff,0x0e,0x0e,0x0e,0xff,0x0e,0x0e,0x0e,0xff,0x0e,0x0e,0x0e,0xff,
    0x0e,0x0e,0x0e,0xff,0x0e,0x0e,0x0e,0xff,0x0e,0x0e,0x0e,0xff,0x0e,0x0e,0x0e,0xff,
    0x0e,0x0e,0x0e,0xff,0x0e,0x0e,0x0e,0xff,0x0e,0x0e,0x0e,0xff,0x0e,0x0e,0x0e,0xff,
    0x0e,0x0e,0x0e,0xff,0x0e,0x0e,0x0e,0xff,0x0e,0x0e,0x0e,0xff,0x0e,0x0e,0x0e,0xff,
    0x0e,0x0e,0x0e,0xff,0x0e,0x0e,0x0e,0xff,0x0e,0x0e,0x0e,0xff,0x0e,0x0e,0x0e,0xff,
    0x0e,0x0e,0x0e,0xff,0x0e,0x0e,0x0e,0xff,0x0e,0x0e,0x0e,0xff,0x0e,0x0e,0x0e,0xff,
    0x0e,0x0e,0x0e,0xff,0x0e,0x0e,0x0e,0xff,0x0e,0x0e,0x0e,0xff,0x0e,0x0e,0x0e,0xff,
    0x0e,0x0e,0x0e,0xff,0x0e,0x0e,0x0e,0xff,0x0e,0x0e,0x0e,0xff,0x0e,0x0e,0x0e,0xff,
    0x0e,0x0e,0x0e,0xff,0x0e,0x0e,0x0e,0xff,0x0e,0x0e,0x0e,0xff,0x0e,0x0e,0x0e,0xff,
    0x0e,0x0e,0x0e,0xff,0x0e,0x0e,0x0e,0xff,0x0e,0x0e,0x0e,0xff,0x0e,0x0e,0x0e,0xff,
    0x0e,0x0e,0x0e,0xff,0x0e,0x0e,0x0e,0xff,0x0e,0x0e,0x0e,0xff,0x0e,0x0e,0x0e,0xff,
    0x0e,0x0e,0x0e,0xff,0x0e,0x0e,0x0e,0xff,0x0e,0x0e,0x0e,0xff,0x0e,0x0e,0x0e,0xff,
    0x0e,0x0e,0x0e,0xff,0x0e,0x0e,0x0e,0xff,0x0e,0x0e,0x0e,0xff,0x0e,0x0e,0x0e,0xff,
    0x0e,0x0e,0x0e,0xff,0x0e,0x0e,0x0e,0xff,0x0e,0x0e,0x0e,0xff,0x0e,0x0e,0x0e,0xff,
    0x0e,0x0e,0x0e,0xff,0x0e,0x0e,0x0e,0xff,0x0e,0x0e,0x0e,0xff,0x0e,0x0e,0x0e,0xff,
    0x0e,0x0e,0x0e,0xff,0x0e,0x0e,0x0e,0xff,0x0e,0x0e,0x0e,0xff,0x0e,0x0e,0x0e,0xff,
    0x0e,0x0e,0x0e,0xff,0x0e,0x0e,0x0e,0xff,0x0e,0x0e,0x0e,0xff,0x0e,0x0e,0x0e,0xff,
    0x0e,0x0e,0x0e,0xff,0x0e,0x0e,0x0e,0xff,0x0e,0x0e,0x0e,0xff,0x0e,0x0e,0x0e,0xff,
    0x0e,0x0e,0x0e,0xff,0x0e,0x0e,0x0e,0xff,0x0e,0x0e,0x0e,0xff,0x0e,0x0e,0x0e,0xff,
    0x0e,0x0e,0x0e,0xff,0x0e,0x0e,0x0e,0xff,0x0e,0x0e,0x0e,0xff,0x0e,0x0e,0x0e,0xff,
    0x0e,0x0e,0x0e,0xff,0x0e,0x0e,0x0e,0xff,0x0e,0x0e,0x0e,0xff,0x0e,0x0e,0x0e,0xff,
    0x0e,0x0e,0x0e,0xff,0x0e,0x0e,0x0e,0xff,0x0e,0x0e,0x0e,0xff,0x0e,0x0e,0x0e,0xff,
    0x0e,0x0e,0x0e,0xff,0x0e,0x0e,0x0e,0xff,0x0e,0x0e,0x0e,0xff,0x0e,0x0e,0x0e,0xff,
    0x0e,0x0e,0x0e,0xff,0x0e,0x0e,0x0e,0xff,0x0e,0x0e,0x0e,0xff,0x0e,0x0e,0x0e,0xff,
    0x0e,0x0e,0x0e,0xff,0x0e,0x0e,0x0e,0xff,0x0e,0x0e,0x0e,0xff,0x0e,0x0e,0x0e,0xff,
    0x0e,0x0e,0x0e,0xff,0x0e,0x0e,0x0e,0xff,0x0e,0x0e,0x0e,0xff,0x0e,0x0e,0x0e,0xff,
    0x0e,0x0e,0x0e,0xff,0x0e,0x0e,0x0e,0xff,0x0e,0x0e,0x0e,0xff,0x0e,0x0e,0x0e,0xff,
    0x0e,0x0e,0x0e,0xff,0x0e,0x0e,0x0e,0xff,0x0e,0x0e,0x0e,0xff,0x0e,0x0e,0x0e,0xff,
    0x0e,0x0e,0x0e,0xff,0x0e,0x0e,0x0e,0xff,0x0e,0x0e,0x0e,0xff,0x0e,0x0e,0x0e,0xff,
    0x0e,0x0e,0x0e,0xff,0x0e,0x0e,0x0e,0xff,0x0e,0x0e,0x0e,0xff,0x0e,0x0e,0x0e,0xff,
    0x0e,0x0e,0x0e,0xff,0x0e,0x0e,0x0e,0xff,0x0e,0x0e,0x0e,0xff,0x0e,0x0e,0x0e,0xff,
    0x0e,0x0e,0x0e,0xff,0x0e,0x0e,0x0e,0xff,0x0e,0x0e,0x0e,0xff,0x0e,0x0e,0x0e,0xff,
    0x0e,0x0e,0x0e,0xff,0x0e,0x0e,0x0e,0xff,0x0e,0x0e,0x0e,0xff,0x0e,0x0e,0x0e,0xff,
    0x0e,0x0e,0x0e,0xff,0x0e,0x0e,0x0e,0xff,0x0e,0x0e,0x0e,0xff,0x0e,0x0e,0x0e,0xff,
    0x0e,0x0e,0x0e,0xff,0x0e,0x0e,0x0e,0xff,0x0e,0x0e,0x0e,0xff,0x0e,0x0e,0x0e,0xff,
    0x0e,0x0e,0x0e,0xff,0x0e,0x0e,0x0e,0xff,0x0e,0x0e,0x0e,0xff,0x0e,0x0e,0x0e,0xff,
    0x0e,0x0e,0x0e,0xff,0x0e,0x0e,0x0e,0xff,0x0e,0x0e,0x0e,0xff,0x0e,0x0e,0x0e,0xff,
    0x0e,0x0e,0x0e,0xff,0x0e,0x0e,0x0e,0xff,0x0e,0x0e,0x0e,0xff,0x0e,0x0e,0x0e,0xff,
    0x0e,0x0e,0x0e,0xff,0x0e,0x0e,0x0e,0xff,0x0e,0x0e,0x0e,0xff,0x0e,0x0e,0x0e,0xff,
    0x0e,0x0e,0x0e,0xff,0x0e,0x0e,0x0e,0xff,0x0e,0x0e,0x0e,0xff,0x0e,0x0e,0x0e,0xff,
    0x0e,0x0e,0x0e,0xff,0x0e,0x0e,0x0e,0xff,0x0e,0x0e,0x0e,0xff,0x0e,0x0e,0x0e,0xff,
    0x0e,0x0e,0x0e,0xff,0x0e,0x0e,0x0e,0xff,0x0e,0x0e,0x0e,0xff,0x0e,0x0e,0x0e,0xff,
    0x0e,0x0e,0x0e,0xff,0x0e,0x0e,0x0e,0xff,0x0e,0x0e,0x0e,0xff,0x0e,0x0e,0x0e,0xff,
    0x0e,0x0e,0x0e,0xff,0x0e,0x0e,0x0e,0xff,0x0e,0x0e,0x0e,0xff,0x0e,0x0e,0x0e,0xff,
    0x0e,0x0e,0x0e,0xff,0x0e,0x0e,0x0e,0xff,0x0e,0x0e,0x0e,0xff,0x0e,0x0e,0x0e,0xff,
    0x0e,0x0e,0x0e,0xff,0x0e,0x0e,0x0e,0xff,0x0e,0x0e,0x0e,0xff,0x0e,0x0e,0x0e,0xff,
    0x0e,0x0e,0x0e,0xff,0x0e,0x0e,0x0e,0xff,0x0e,0x0e,0x0e,0xff,0x0e,0x0e,0x0e,0xff,
    0x0e,0x0e,0x0e,0xff,0x0e,0x0e,0x0e,0xff,0x0e,0x0e,0x0e,0xff,0x0e,0x0e,0x0e,0xff,
    0x0e,0x0e,0x0e,0xff,0x0e,0x0e,0x0e,0xff,0x0e,0x0e,0x0e,0xff,0x0e,0x0e,0x0e,0xff,
    0x0e,0x0e,0x0e,0xff,0x0e,0x0e,0x0e,0xff,0x0e,0x0e,0x0e,0xff,0x0e,0x0e,0x0e,0xff,
    0x0e,0x0e,0x0e,0xff,0x0e,0x0e,0x0e,0xff,0x0e,0x0e,0x0e,0xff,0x0e,0x0e,0x0e,0xff,
    0x0e,0x0e,0x0e,0xff,0x0e,0x0e,0x0e,0xff,0x0e,0x0e,0x0e,0xff,0x0e,0x0e,0x0e,0xff,
    0x0e,0x0e,0x0e,0xff,0x0e,0x0e,0x0e,0xff,0x0e,0x0e,0x0e,0xff,0x0e,0x0e,0x0e,0xff,
    0x0e,0x0e,0x0e,0xff,0x0e,0x0e,0x0e,0xff,0x0e,0x0e,0x0e,0xff,0x0e,0x0e,0x0e,0xff,
    0x0e,0x0e,0x0e,0xff,0x0e,0x0e,0x0e,0xff,0x0e,0x0e,0x0e,0xff,0x0e,0x0e,0x0e,0xff,
    0x0e,0x0e,0x0e,0xff,0x0e,0x0e,0x0e,0xff,0x0e,0x0e,0x0e,0xff,0x0e,0x0e,0x0e,0xff,
    0x0e,0x0e,0x0e,0xff,0x0e,0x0e,0x0e,0xff,0x0e,0x0e,0x0e,0xff,0x0e,0x0e,0x0e,0xff,
    0x0e,0x0e,0x0e,0xff,0x0e,0x0e,0x0e,0xff,0x0e,0x0e,0x0e,0xff,0x0e,0x0e,0x0e,0xff,
    0x0e,0x0e,0x0e,0xff,0x0e,0x0e,0x0e,0xff,0x0e,0x0e,0x0e,0xff,0x0e,0x0e,0x0e,0xff,
    0x0e,0x0e,0x0e,0xff,0x0e,0x0e,0x0e,0xff,0x0e,0x0e,0x0e,0xff,0x0e,0x0e,0x0e,0xff,
    0x0e,0x0e,0x0e,0xff,0x0e,0x0e,0x0e,0xff,0x0e,0x0e,0x0e,0xff,0x0e,0x0e,0x0e,0xff,
    0x0e,0x0e,0x0e,0xff,0x0e,0x0e,0x0e,0xff,0x0e,0x0e,0x0e,0xff,0x0e,0x0e,0x0e,0xff,
    0x0e,0x0e,0x0e,0xff,0x0e,0x0e,0x0e,0xff,0x0e,0x0e,0x0e,0xff,0x0e,0x0e,0x0e,0xff,
    0x0e,0x0e,0x0e,0xff,0x0e,0x0e,0x0e,0xff,0x0e,0x0e,0x0e,0xff,0x0e,0x0e,0x0e,0xff,
    0x0e,0x0e,0x0e,0xff,0x0e,0x0e,0x0e,0xff,0x0e,0x0e,0x0e,0xff,0x0e,0x0e,0x0e,0xff,
    0x0e,0x0e,0x0e,0xff,0x0e,0x0e,0x0e,0xff,0x0e,0x0e,0x0e,0xff,0x0e,0x0e,0x0e,0xff,
    0x0e,0x0e,0x0e,0xff,0x0e,0x0e,0x0e,0xff,0x0e,0x0e,0x0e,0xff,0x0e,0x0e,0x0e,0xff,
    0x0e,0x0e,0x0e,0xff,0x0e,0x0e,0x0e,0xff,0x0e,0x0e,0x0e,0xff,0x0e,0x0e,0x0e,0xff,
    0x0e,0x0e,0x0e,0xff,0x0e,0x0e,0x0e,0xff,0x0e,0x0e,0x0e,0xff,0x0e,0x0e,0x0e,0xff,
    0x0e,0x0e,0x0e,0xff,0x0e,0x0e,0x0e,0xff,0x0e,0x0e,0x0e,0xff,0x0e,0x0e,0x0e,0xff,
    0x0e,0x0e,0x0e,0xff,0x0e,0x0e,0x0e,0xff,0x0e,0x0e,0x0e,0xff,0x0e,0x0e,0x0e,0xff,
    0x0e,0x0e,0x0e,0xff,0x0e,0x0e,0x0e,0xff,0x0e,0x0e,0x0e,0xff,0x0e,0x0e,0x0e,0xff,
    0x0e,0x0e,0x0e,0xff,0x0e,0x0e,0x0e,0xff,0x0e,0x0e,0x0e,0xff,0x0e,0x0e,0x0e,0xff,
    0x0e,0x0e,0x0e,0xff,0x0e,0x0e,0x0e,0xff,0x0e,0x0e,0x0e,0xff,0x0e,0x0e,0x0e,0xff,
    0x0e,0x0e,0x0e,0xff,0x0e,0x0e,0x0e,0xff,0x0e,0x0e,0x0e,0xff,0x0e,0x0e,0x0e,0xff,
    0x0e,0x0e,0x0e,0xff,0x0e,0x0e,0x0e,0xff,0x0e,0x0e,0x0e,0xff,0x0e,0x0e,0x0e,0xff,
    0x0e,0x0e,0x0e,0xff,0x0e,0x0e,0x0e,0xff,0x0e,0x0e,0x0e,0xff,0x0e,0x0e,0x0e,0xff,
    0x0e,0x0e,0x0e,0xff,0x0e,0x0e,0x0e,0xff,0x0e,0x0e,0x0e,0xff,0x0e,0x0e,0x0e,0xff,
    0x0e,0x0e,0x0e,0xff,0x0e,0x0e,0x0e,0xff,0x0e,0x0e,0x0e,0xff,0x0e,0x0e,0x0e,0xff,
    0x0e,0x0e,0x0e,0xff,0x0e,0x0e,0x0e,0xff,0x0e,0x0e,0x0e,0xff,0x0e,0x0e,0x0e,0xff,
    0x0e,0x0e,0x0e,0xff,0x0e,0x0e,0x0e,0xff,0x0e,0x0e,0x0e,0xff,0x0e,0x0e,0x0e,0xff,
    0x0e,0x0e,0x0e,0xff,0x0e,0x0e,0x0e,0xff,0x0e,0x0e,0x0e,0xff,0x0e,0x0e,0x0e,0xff,
    0x0e,0x0e,0x0e,0xff,0x0e,0x0e,0x0e,0xff,0x0e,0x0e,0x0e,0xff,0x0e,0x0e,0x0e,0xff,
    0x0e,0x0e,0x0e,0xff,0x0e,0x0e,0x0e,0xff,0x0e,0x0e,0x0e,0xff,0x0e,0x0e,0x0e,0xff,
    0x0e,0x0e,0x0e,0xff,0x0e,0x0e,0x0e,0xff,0x0e,0x0e,0x0e,0xff,0x0e,0x0e,0x0e,0xff,
    0x0e,0x0e,0x0e,0xff,0x0e,0x0e,0x0e,0xff,0x0e,0x0e,0x0e,0xff,0x0e,0x0e,0x0e,0xff,
    0x0e,0x0e,0x0e,0xff,0x0e,0x0e,0x0e,0xff,0x0e,0x0e,0x0e,0xff,0x0e,0x0e,0x0e,0xff,
    0x0e,0x0e,0x0e,0xff,0x0e,0x0e,0x0e,0xff,0x0e,0x0e,0x0e,0xff,0x0e,0x0e,0x0e,0xff,
    0x0e,0x0e,0x0e,0xff,0x0e,0x0e,0x0e,0xff,0x0e,0x0e,0x0e,0xff,0x0e,0x0e,0x0e,0xff,
    0x0e,0x0e,0x0e,0xff,0x0e,0x0e,0x0e,0xff,0x0e,0x0e,0x0e,0xff,0x0e,0x0e,0x0e,0xff,
    0x0e,0x0e,0x0e,0xff,0x0e,0x0e,0x0e,0xff,0x0e,0x0e,0x0e,0xff,0x0e,0x0e,0x0e,0xff,
    0x0e,0x0e,0x0e,0xff,0x0e,0x0e,0x0e,0xff,0x0e,0x0e,0x0e,0xff,0x0e,0x0e,0x0e,0xff,
    0x0e,0x0e,0x0e,0xff,0x0e,0x0e,0x0e,0xff,0x0e,0x0e,0x0e,0xff,0x0e,0x0e,0x0e,0xff,
    0x0e,0x0e,0x0e,0xff,0x0e,0x0e,0x0e,0xff,0x0e,0x0e,0x0e,0xff,0x0e,0x0e,0x0e,0xff,
    0x0e,0x0e,0x0e,0xff,0x0e,0x0e,0x0e,0xff,0x0e,0x0e,0x0e,0xff,0x0e,0x0e,0x0e,0xff,
    0x0e,0x0e,0x0e,0xff,0x0e,0x0e,0x0e,0xff,0x0e,0x0e,0x0e,0xff,0x0e,0x0e,0x0e,0xff,
    0x0e,0x0e,0x0e,0xff,0x0e,0x0e,0x0e,0xff,0x0e,0x0e,0x0e,0xff,0x0e,0x0e,0x0e,0xff,
    0x0e,0x0e,0x0e,0xff,0x0e,0x0e,0x0e,0xff,0x0e,0x0e,0x0e,0xff,0x0e,0x0e,0x0e,0xff,
    0x0e,0x0e,0x0e,0xff,0x0e,0x0e,0x0e,0xff,0x0e,0x0e,0x0e,0xff,0x0e,0x0e,0x0e,0xff,
    0x0e,0x0e,0x0e,0xff,0x0e,0x0e,0x0e,0xff,0x0e,0x0e,0x0e,0xff,0x0e,0x0e,0x0e,0xff,
    0x0e,0x0e,0x0e,0xff,0x0e,0x0e,0x0e,0xff,0x0e,0x0e,0x0e,0xff,0x0e,0x0e,0x0e,0xff,
    0x0e,0x0e,0x0e,0xff,0x0e,0x0e,0x0e,0xff,0x0e,0x0e,0x0e,0xff,0x0e,0x0e,0x0e,0xff,
    0x0e,0x0e,0x0e,0xff,0x0e,0x0e,0x0e,0xff,0x0e,0x0e,0x0e,0xff,0x0e,0x0e,0x0e,0xff,
    0x0e,0x0e,0x0e,0xff,0x0e,0x0e,0x0e,0xff,0x0e,0x0e,0x0e,0xff,0x0e,0x0e,0x0e,0xff,
    0x0e,0x0e,0x0e,0xff,0x0e,0x0e,0x0e,0xff,0x0e,0x0e,0x0e,0xff,0x0e,0x0e,0x0e,0xff,
    0x0e,0x0e,0x0e,0xff,0x0e,0x0e,0x0e,0xff,0x0e,0x0e,0x0e,0xff,0x0e,0x0e,0x0e,0xff,
    0x0e,0x0e,0x0e,0xff,0x0e,0x0e,0x0e,0xff,0x0e,0x0e,0x0e,0xff,0x0e,0x0e,0x0e,0xff,
    0x0e,0x0e,0x0e,0xff,0x0e,0x0e,0x0e,0xff,0x0e,0x0e,0x0e,0xff,0x0e,0x0e,0x0e,0xff,
    0x0e,0x0e,0x0e,0xff,0x0e,0x0e,0x0e,0xff,0x0e,0x0e,0x0e,0xff,0x0e,0x0e,0x0e,0xff,
    0x0e,0x0e,0x0e,0xff,0x0e,0x0e,0x0e,0xff,0x0e,0x0e,0x0e,0xff,0x0e,0x0e,0x0e,0xff,
    0x0e,0x0e,0x0e,0xff,0x0e,0x0e,0x0e,0xff,0x0e,0x0e,0x0e,0xff,0x0e,0x0e,0x0e,0xff,
    0x0e,0x0e,0x0e,0xff,0x0e,0x0e,0x0e,0xff,0x0e,0x0e,0x0e,0xff,0x0e,0x0e,0x0e,0xff,
    0x0e,0x0e,0x0e,0xff,0x0e,0x0e,0x0e,0xff,0x0e,0x0e,0x0e,0xff,0x0e,0x0e,0x0e,0xff,
    0x0e,0x0e,0x0e,0xff,0x0e,0x0e,0x0e,0xff,0x0e,0x0e,0x0e,0xff,0x0e,0x0e,0x0e,0xff,
    0x0e,0x0e,0x0e,0xff,0x0e,0x0e,0x0e,0xff,0x0e,0x0e,0x0e,0xff,0x0e,0x0e,0x0e,0xff,
    0x0e,0x0e,0x0e,0xff,0x0e,0x0e,0x0e,0xff,0x0e,0x0e,0x0e,0xff,0x0e,0x0e,0x0e,0xff,
    0x0e,0x0e,0x0e,0xff,0x0e,0x0e,0x0e,0xff,0x0e,0x0e,0x0e,0xff,0x0e,0x0e,0x0e,0xff,
    0x0e,0x0e,0x0e,0xff,0x0e,0x0e,0x0e,0xff,0x0e,0x0e,0x0e,0xff,0x0e,0x0e,0x0e,0xff,
    0x0e,0x0e,0x0e,0xff,0x0e,0x0e,0x0e,0xff,0x0e,0x0e,0x0e,0xff,0x0e,0x0e,0x0e,0xff,
    0x0e,0x0e,0x0e,0xff,0x0e,0x0e,0x0e,0xff,0x0e,0x0e,0x0e,0xff,0x0e,0x0e,0x0e,0xff,
    0x0e,0x0e,0x0e,0xff,0x0e,0x0e,0x0e,0xff,0x0e,0x0e,0x0e,0xff,0x0e,0x0e,0x0e,0xff,
    0x0e,0x0e,0x0e,0xff,0x0e,0x0e,0x0e,0xff,0x0e,0x0e,0x0e,0xff,0x0e,0x0e,0x0e,0xff,
    0x0e,0x0e,0x0e,0xff,0x0e,0x0e,0x0e,0xff,0x0e,0x0e,0x0e,0xff,0x0e,0x0e,0x0e,0xff,
    0x0e,0x0e,0x0e,0xff,0x0e,0x0e,0x0e,0xff,0x0e,0x0e,0x0e,0xff,0x0e,0x0e,0x0e,0xff,
    0x0e,0x0e,0x0e,0xff,0x0e,0x0e,0x0e,0xff,0x0e,0x0e,0x0e,0xff,0x0e,0x0e,0x0e,0xff,
    0x0e,0x0e,0x0e,0xff,0x0e,0x0e,0x0e,0xff,0x0e,0x0e,0x0e,0xff,0x0e,0x0e,0x0e,0xff,
    0x0e,0x0e,0x0e,0xff,0x0e,0x0e,0x0e,0xff,0x0e,0x0e,0x0e,0xff,0x0e,0x0e,0x0e,0xff,
    0x0e,0x0e,0x0e,0xff,0x0e,0x0e,0x0e,0xff,0x0e,0x0e,0x0e,0xff,0x0e,0x0e,0x0e,0xff,
    0x0e,0x0e,0x0e,0xff,0x0e,0x0e,0x0e,0xff,0x0e,0x0e,0x0e,0xff,0x0e,0x0e,0x0e,0xff,
    0x0e,0x0e,0x0e,0xff,0x0e,0x0e,0x0e,0xff,0x0e,0x0e,0x0e,0xff,0x0e,0x0e,0x0e,0xff,
    0x0e,0x0e,0x0e,0xff,0x0e,0x0e,0x0e,0xff,0x0e,0x0e,0x0e,0xff,0x0e,0x0e,0x0e,0xff,
    0x0e,0x0e,0x0e,0xff,0x0e,0x0e,0x0e,0xff,0x0e,0x0e,0x0e,0xff,0x0e,0x0e,0x0e,0xff,
    0x0e,0x0e,0x0e,0xff,0x0e,0x0e,0x0e,0xff,0x0e,0x0e,0x0e,0xff,0x0e,0x0e,0x0e,0xff,
    0x0e,0x0e,0x0e,0xff,0x0e,0x0e,0x0e,0xff,0x0e,0x0e,0x0e,0xff,0x0e,0x0e,0x0e,0xff,
    0x0e,0x0e,0x0e,0xff,0x0e,0x0e,0x0e,0xff,0x0e,0x0e,0x0e,0xff,0x0e,0x0e,0x0e,0xff,
    0x0e,0x0e,0x0e,0xff,0x0e,0x0e,0x0e,0xff,0x0e,0x0e,0x0e,0xff,0x0e,0x0e,0x0e,0xff,
    0x0e,0x0e,0x0e,0xff,0x0e,0x0e,0x0e,0xff,0x0e,0x0e,0x0e,0xff,0x0e,0x0e,0x0e,0xff,
    0x0e,0x0e,0x0e,0xff,0x0e,0x0e,0x0e,0xff,0x0e,0x0e,0x0e,0xff,0x0e,0x0e,0x0e,0xff,
    0x0e,0x0e,0x0e,0xff,0x0e,0x0e,0x0e,0xff,0x0e,0x0e,0x0e,0xff,0x0e,0x0e,0x0e,0xff,
    0x0e,0x0e,0x0e,0xff,0x0e,0x0e,0x0e,0xff,0x0e,0x0e,0x0e,0xff,0x0e,0x0e,0x0e,0xff,
    0x0e,0x0e,0x0e,0xff,0x0e,0x0e,0x0e,0xff,0x0e,0x0e,0x0e,0xff,0x0e,0x0e,0x0e,0xff,
    0x0e,0x0e,0x0e,0xff,0x0e,0x0e,0x0e,0xff,0x0e,0x0e,0x0e,0xff,0x0e,0x0e,0x0e,0xff,
    0x0e,0x0e,0x0e,0xff,0x0e,0x0e,0x0e,0xff,0x0e,0x0e,0x0e,0xff,0x0e,0x0e,0x0e,0xff,
    0x0e,0x0e,0x0e,0xff,0x0e,0x0e,0x0e,0xff,0x0e,0x0e,0x0e,0xff,0x0e,0x0e,0x0e,0xff,
    0x0e,0x0e,0x0e,0xff,0x0e,0x0e,0x0e,0xff,0x0e,0x0e,0x0e,0xff,0x0e,0x0e,0x0e,0xff,
    0x0e,0x0e,0x0e,0xff,0x0e,0x0e,0x0e,0xff,0x0e,0x0e,0x0e,0xff,0x0e,0x0e,0x0e,0xff,
    0x0e,0x0e,0x0e,0xff,0x0e,0x0e,0x0e,0xff,0x0e,0x0e,0x0e,0xff,0x0e,0x0e,0x0e,0xff,
    0x0e,0x0e,0x0e,0xff,0x0e,0x0e,0x0e,0xff,0x0e,0x0e,0x0e,0xff,0x0e,0x0e,0x0e,0xff,
    0x0e,0x0e,0x0e,0xff,0x0e,0x0e,0x0e,0xff,0x0e,0x0e,0x0e,0xff,0x0e,0x0e,0x0e,0xff,
    0x0e,0x0e,0x0e,0xff,0x0e,0x0e,0x0e,0xff,0x0e,0x0e,0x0e,0xff,0x0e,0x0e,0x0e,0xff,
    0x0e,0x0e,0x0e,0xff,0x0e,0x0e,0x0e,0xff,0x0e,0x0e,0x0e,0xff,0x0e,0x0e,0x0e,0xff,
    0x0e,0x0e,0x0e,0xff,0x0e,0x0e,0x0e,0xff,0x0e,0x0e,0x0e,0xff,0x0e,0x0e,0x0e,0xff,
    0x0e,0x0e,0x0e,0xff,0x0e,0x0e,0x0e,0xff,0x0e,0x0e,0x0e,0xff,0x0e,0x0e,0x0e,0xff,
    0x0e,0x0e,0x0e,0xff,0x0e,0x0e,0x0e,0xff,0x0e,0x0e,0x0e,0xff,0x0e,0x0e,0x0e,0xff,
    0x0e,0x0e,0x0e,0xff,0x0e,0x0e,0x0e,0xff,0x0e,0x0e,0x0e,0xff,0x0e,0x0e,0x0e,0xff,
    0x0e,0x0e,0x0e,0xff,0x0e,0x0e,0x0e,0xff,0x0e,0x0e,0x0e,0xff,0x0e,0x0e,0x0e,0xff,
    0x0e,0x0e,0x0e,0xff,0x0e,0x0e,0x0e,0xff,0x0e,0x0e,0x0e,0xff,0x0e,0x0e,0x0e,0xff,
    0x0e,0x0e,0x0e,0xff,0x0e,0x0e,0x0e,0xff,0x0e,0x0e,0x0e,0xff,0x0e,0x0e,0x0e,0xff,
    0x0e,0x0e,0x0e,0xff,0x0e,0x0e,0x0e,0xff,0x0e,0x0e,0x0e,0xff,0x0e,0x0e,0x0e,0xff,
    0x0e,0x0e,0x0e,0xff,0x0e,0x0e,0x0e,0xff,0x0e,0x0e,0x0e,0xff,0x0e,0x0e,0x0e,0xff,
    0x0e,0x0e,0x0e,0xff,0x0e,0x0e,0x0e,0xff,0x0e,0x0e,0x0e,0xff,0x0e,0x0e,0x0e,0xff,
    0x0e,0x0e,0x0e,0xff,0x0e,0x0e,0x0e,0xff,0x0e,0x0e,0x0e,0xff,0x0e,0x0e,0x0e,0xff,
    0x0e,0x0e,0x0e,0xff,0x0e,0x0e,0x0e,0xff,0x0e,0x0e,0x0e,0xff,0x0e,0x0e,0x0e,0xff,
    0x0e,0x0e,0x0e,0xff,0x0e,0x0e,0x0e,0xff,0x0e,0x0e,0x0e,0xff,0x0e,0x0e,0x0e,0xff,
    0x0e,0x0e,0x0e,0xff,0x0e,0x0e,0x0e,0xff,0x0e,0x0e,0x0e,0xff,0x0e,0x0e,0x0e,0xff,
    0x0e,0x0e,0x0e,0xff,0x0e,0x0e,0x0e,0xff,0x0e,0x0e,0x0e,0xff,0x0e,0x0e,0x0e,0xff,
    0x0e,0x0e,0x0e,0xff,0x0e,0x0e,0x0e,0xff,0x0e,0x0e,0x0e,0xff,0x0e,0x0e,0x0e,0xff,
    0x0e,0x0e,0x0e,0xff,0x0e,0x0e,0x0e,0xff,0x0e,0x0e,0x0e,0xff,0x0e,0x0e,0x0e,0xff,
    0x0e,0x0e,0x0e,0xff,0x0e,0x0e,0x0e,0xff,0x0e,0x0e,0x0e,0xff,0x0e,0x0e,0x0e,0xff,
    0x0e,0x0e,0x0e,0xff,0x0e,0x0e,0x0e,0xff,0x0e,0x0e,0x0e,0xff,0x0e,0x0e,0x0e,0xff,
    0x0e,0x0e,0x0e,0xff,0x0e,0x0e,0x0e,0xff,0x0e,0x0e,0x0e,0xff,0x0e,0x0e,0x0e,0xff,
    0x0e,0x0e,0x0e,0xff,0x0e,0x0e,0x0e,0xff,0x0e,0x0e,0x0e,0xff,0x0e,0x0e,0x0e,0xff,
    0x0e,0x0e,0x0e,0xff,0x0e,0x0e,0x0e,0xff,0x0e,0x0e,0x0e,0xff,0x0e,0x0e,0x0e,0xff,
    0x0e,0x0e,0x0e,0xff,0x0e,0x0e,0x0e,0xff,0x0e,0x0e,0x0e,0xff,0x0e,0x0e,0x0e,0xff,
    0x0e,0x0e,0x0e,0xff,0x0e,0x0e,0x0e,0xff,0x0e,0x0e,0x0e,0xff,0x0e,0x0e,0x0e,0xff,
    0x0e,0x0e,0x0e,0xff,0x0e,0x0e,0x0e,0xff,0x0e,0x0e,0x0e,0xff,0x0e,0x0e,0x0e,0xff,
    0x0e,0x0e,0x0e,0xff,0x0e,0x0e,0x0e,0xff,0x0e,0x0e,0x0e,0xff,0x0e,0x0e,0x0e,0xff,
    0x0e,0x0e,0x0e,0xff,0x0e,0x0e,0x0e,0xff,0x0e,0x0e,0x0e,0xff,0x0e,0x0e,0x0e,0xff,
    0x0e,0x0e,0x0e,0xff,0x0e,0x0e,0x0e,0xff,0x0e,0x0e,0x0e,0xff,0x0e,0x0e,0x0e,0xff,
    0x0e,0x0e,0x0e,0xff,0x0e,0x0e,0x0e,0xff,0x0e,0x0e,0x0e,0xff,0x0e,0x0e,0x0e,0xff,
    0x0e,0x0e,0x0e,0xff,0x0e,0x0e,0x0e,0xff,0x0e,0x0e,0x0e,0xff,0x0e,0x0e,0x0e,0xff,
    0x0e,0x0e,0x0e,0xff,0x0e,0x0e,0x0e,0xff,0x0e,0x0e,0x0e,0xff,0x0e,0x0e,0x0e,0xff,
    0x0e,0x0e,0x0e,0xff,0x0e,0x0e,0x0e,0xff,0x0e,0x0e,0x0e,0xff,0x0e,0x0e,0x0e,0xff,
    0x0e,0x0e,0x0e,0xff,0x0e,0x0e,0x0e,0xff,0x0e,0x0e,0x0e,0xff,0x0e,0x0e,0x0e,0xff,
    0x0e,0x0e,0x0e,0xff,0x0e,0x0e,0x0e,0xff,0x0e,0x0e,0x0e,0xff,0x0e,0x0e,0x0e,0xff,
    0x0e,0x0e,0x0e,0xff,0x0e,0x0e,0x0e,0xff,0x0e,0x0e,0x0e,0xff,0x0e,0x0e,0x0e,0xff,
    0x0e,0x0e,0x0e,0xff,0x0e,0x0e,0x0e,0xff,0x0e,0x0e,0x0e,0xff,0x0e,0x0e,0x0e,0xff,
    0x0e,0x0e,0x0e,0xff,0x0e,0x0e,0x0e,0xff,0x0e,0x0e,0x0e,0xff,0x0e,0x0e,0x0e,0xff,
    0x0e,0x0e,0x0e,0xff,0x0e,0x0e,0x0e,0xff,0x0e,0x0e,0x0e,0xff,0x0e,0x0e,0x0e,0xff,
    0x0e,0x0e,0x0e,0xff,0x0e,0x0e,0x0e,0xff,0x0e,0x0e,0x0e,0xff,0x0e,0x0e,0x0e,0xff,
    0x0e,0x0e,0x0e,0xff,0x0e,0x0e,0x0e,0xff,0x0e,0x0e,0x0e,0xff,0x0e,0x0e,0x0e,0xff,
    0x0e,0x0e,0x0e,0xff,0x0e,0x0e,0x0e,0xff,0x0e,0x0e,0x0e,0xff,0x0e,0x0e,0x0e,0xff,
    0x0e,0x0e,0x0e,0xff,0x0e,0x0e,0x0e,0xff,0x0e,0x0e,0x0e,0xff,0x0e,0x0e,0x0e,0xff,
    0x0e,0x0e,0x0e,0xff,0x0e,0x0e,0x0e,0xff,0x0e,0x0e,0x0e,0xff,0x0e,0x0e,0x0e,0xff,
    0x0e,0x0e,0x0e,0xff,0x0e,0x0e,0x0e,0xff,0x0e,0x0e,0x0e,0xff,0x0e,0x0e,0x0e,0xff,
    0x0e,0x0e,0x0e,0xff,0x0e,0x0e,0x0e,0xff,0x0e,0x0e,0x0e,0xff,0x0e,0x0e,0x0e,0xff,
    0x0e,0x0e,0x0e,0xff,0x0e,0x0e,0x0e,0xff,0x0e,0x0e,0x0e,0xff,0x0e,0x0e,0x0e,0xff,
    0x0e,0x0e,0x0e,0xff,0x0e,0x0e,0x0e,0xff,0x0e,0x0e,0x0e,0xff,0x0e,0x0e,0x0e,0xff,
    0x0e,0x0e,0x0e,0xff,0x0e,0x0e,0x0e,0xff,0x0e,0x0e,0x0e,0xff,0x0e,0x0e,0x0e,0xff,
    0x0e,0x0e,0x0e,0xff,0x0e,0x0e,0x0e,0xff,0x0e,0x0e,0x0e,0xff,0x0e,0x0e,0x0e,0xff,
    0x0e,0x0e,0x0e,0xff,0x0e,0x0e,0x0e,0xff,0x0e,0x0e,0x0e,0xff,0x0e,0x0e,0x0e,0xff,
    0x0e,0x0e,0x0e,0xff,0x0e,0x0e,0x0e,0xff,0x0e,0x0e,0x0e,0xff,0x0e,0x0e,0x0e,0xff,
    0x0e,0x0e,0x0e,0xff,0x0e,0x0e,0x0e,0xff,0x0e,0x0e,0x0e,0xff,0x0e,0x0e,0x0e,0xff,
    0x0e,0x0e,0x0e,0xff,0x0e,0x0e,0x0e,0xff,0x0e,0x0e,0x0e,0xff,0x0e,0x0e,0x0e,0xff,
    0x0e,0x0e,0x0e,0xff,0x0e,0x0e,0x0e,0xff,0x0e,0x0e,0x0e,0xff,0x0e,0x0e,0x0e,0xff,
    0x0e,0x0e,0x0e,0xff,0x0e,0x0e,0x0e,0xff,0x0e,0x0e,0x0e,0xff,0x0e,0x0e,0x0e,0xff,
    0x0e,0x0e,0x0e,0xff,0x0e,0x0e,0x0e,0xff,0x0e,0x0e,0x0e,0xff,0x0e,0x0e,0x0e,0xff,
    0x0e,0x0e,0x0e,0xff,0x0e,0x0e,0x0e,0xff,0x0e,0x0e,0x0e,0xff,0x0e,0x0e,0x0e,0xff,
    0x0e,0x0e,0x0e,0xff,0x0e,0x0e,0x0e,0xff,0x0e,0x0e,0x0e,0xff,0x0e,0x0e,0x0e,0xff,
    0x0e,0x0e,0x0e,0xff,0x0e,0x0e,0x0e,0xff,0x0e,0x0e,0x0e,0xff,0x0e,0x0e,0x0e,0xff,
    0x0e,0x0e,0x0e,0xff,0x0e,0x0e,0x0e,0xff,0x0e,0x0e,0x0e,0xff,0x0e,0x0e,0x0e,0xff,
    0x0e,0x0e,0x0e,0xff,0x0e,0x0e,0x0e,0xff,0x0e,0x0e,0x0e,0xff,0x0e,0x0e,0x0e,0xff,
    0x0e,0x0e,0x0e,0xff,0x0e,0x0e,0x0e,0xff,0x0e,0x0e,0x0e,0xff,0x0e,0x0e,0x0e,0xff,
    0x0e,0x0e,0x0e,0xff,0x0e,0x0e,0x0e,0xff,0x0e,0x0e,0x0e,0xff,0x0e,0x0e,0x0e,0xff,
    0x0e,0x0e,0x0e,0xff,0x0e,0x0e,0x0e,0xff,0x0e,0x0e,0x0e,0xff,0x0e,0x0e,0x0e,0xff,
    0x0e,0x0e,0x0e,0xff,0x0e,0x0e,0x0e,0xff,0x0e,0x0e,0x0e,0xff,0x0e,0x0e,0x0e,0xff,
    0x0e,0x0e,0x0e,0xff,0x0e,0x0e,0x0e,0xff,0x0e,0x0e,0x0e,0xff,0x0e,0x0e,0x0e,0xff,
    0x0e,0x0e,0x0e,0xff,0x0e,0x0e,0x0e,0xff,0x0e,0x0e,0x0e,0xff,0x0e,0x0e,0x0e,0xff,
    0x0e,0x0e,0x0e,0xff,0x0e,0x0e,0x0e,0xff,0x0e,0x0e,0x0e,0xff,0x0e,0x0e,0x0e,0xff,
    0x0e,0x0e,0x0e,0xff,0x0e,0x0e,0x0e,0xff,0x0e,0x0e,0x0e,0xff,0x0e,0x0e,0x0e,0xff,
    0x0e,0x0e,0x0e,0xff,0x0e,0x0e,0x0e,0xff,0x0e,0x0e,0x0e,0xff,0x0e,0x0e,0x0e,0xff,
    0x0e,0x0e,0x0e,0xff,0x0e,0x0e,0x0e,0xff,0x0e,0x0e,0x0e,0xff,0x0e,0x0e,0x0e,0xff,
    0x0e,0x0e,0x0e,0xff,0x0e,0x0e,0x0e,0xff,0x0e,0x0e,0x0e,0xff,0x0e,0x0e,0x0e,0xff,
    0x0e,0x0e,0x0e,0xff,0x0e,0x0e,0x0e,0xff,0x0e,0x0e,0x0e,0xff,0x0e,0x0e,0x0e,0xff,
    0x0e,0x0e,0x0e,0xff,0x0e,0x0e,0x0e,0xff,0x0e,0x0e,0x0e,0xff,0x0e,0x0e,0x0e,0xff,
    0x0e,0x0e,0x0e,0xff,0x0e,0x0e,0x0e,0xff,0x0e,0x0e,0x0e,0xff,0x0e,0x0e,0x0e,0xff,
    0x0e,0x0e,0x0e,0xff,0x0e,0x0e,0x0e,0xff,0x0e,0x0e,0x0e,0xff,0x0e,0x0e,0x0e,0xff,
    0x0e,0x0e,0x0e,0xff,0x0e,0x0e,0x0e,0xff,0x0e,0x0e,0x0e,0xff,0x0e,0x0e,0x0e,0xff,
    0x0e,0x0e,0x0e,0xff,0x0e,0x0e,0x0e,0xff,0x0e,0x0e,0x0e,0xff,0x0e,0x0e,0x0e,0xff,
    0x0e,0x0e,0x0e,0xff,0x0e,0x0e,0x0e,0xff,0x0e,0x0e,0x0e,0xff,0x0e,0x0e,0x0e,0xff,
    0x0e,0x0e,0x0e,0xff,0x0e,0x0e,0x0e,0xff,0x0e,0x0e,0x0e,0xff,0x0e,0x0e,0x0e,0xff,
    0x0e,0x0e,0x0e,0xff,0x0e,0x0e,0x0e,0xff,0x0e,0x0e,0x0e,0xff,0x0e,0x0e,0x0e,0xff,
    0x0e,0x0e,0x0e,0xff,0x0e,0x0e,0x0e,0xff,0x0e,0x0e,0x0e,0xff,0x0e,0x0e,0x0e,0xff,
    0x0e,0x0e,0x0e,0xff,0x0e,0x0e,0x0e,0xff,0x0e,0x0e,0x0e,0xff,0x0e,0x0e,0x0e,0xff,
    0x0e,0x0e,0x0e,0xff,0x0e,0x0e,0x0e,0xff,0x0e,0x0e,0x0e,0xff,0x0e,0x0e,0x0e,0xff,
    0x0e,0x0e,0x0e,0xff,0x0e,0x0e,0x0e,0xff,0x0e,0x0e,0x0e,0xff,0x0e,0x0e,0x0e,0xff,
    0x0e,0x0e,0x0e,0xff,0x0e,0x0e,0x0e,0xff,0x0e,0x0e,0x0e,0xff,0x0e,0x0e,0x0e,0xff,
    0x0e,0x0e,0x0e,0xff,0x0e,0x0e,0x0e,0xff,0x0e,0x0e,0x0e,0xff,0x0e,0x0e,0x0e,0xff,
    0x0e,0x0e,0x0e,0xff,0x0e,0x0e,0x0e,0xff,0x0e,0x0e,0x0e,0xff,0x0e,0x0e,0x0e,0xff,
    0x0e,0x0e,0x0e,0xff,0x0e,0x0e,0x0e,0xff,0x0e,0x0e,0x0e,0xff,0x0e,0x0e,0x0e,0xff,
    0x0e,0x0e,0x0e,0xff,0x0e,0x0e,0x0e,0xff,0x0e,0x0e,0x0e,0xff,0x0e,0x0e,0x0e,0xff,
    0x0e,0x0e,0x0e,0xff,0x0e,0x0e,0x0e,0xff,0x0e,0x0e,0x0e,0xff,0x0e,0x0e,0x0e,0xff,
    0x0e,0x0e,0x0e,0xff,0x0e,0x0e,0x0e,0xff,0x0e,0x0e,0x0e,0xff,0x0e,0x0e,0x0e,0xff,
    0x0e,0x0e,0x0e,0xff,0x0e,0x0e,0x0e,0xff,0x0e,0x0e,0x0e,0xff,0x0e,0x0e,0x0e,0xff,
    0x0e,0x0e,0x0e,0xff,0x0e,0x0e,0x0e,0xff,0x0e,0x0e,0x0e,0xff,0x0e,0x0e,0x0e,0xff,
    0x0e,0x0e,0x0e,0xff,0x0e,0x0e,0x0e,0xff,0x0e,0x0e,0x0e,0xff,0x0e,0x0e,0x0e,0xff,
    0x0e,0x0e,0x0e,0xff,0x0e,0x0e,0x0e,0xff,0x0e,0x0e,0x0e,0xff,0x0e,0x0e,0x0e,0xff,
    0x0e,0x0e,0x0e,0xff,0x0e,0x0e,0x0e,0xff,0x0e,0x0e,0x0e,0xff,0x0e,0x0e,0x0e,0xff,
    0x0e,0x0e,0x0e,0xff,0x0e,0x0e,0x0e,0xff,0x0e,0x0e,0x0e,0xff,0x0e,0x0e,0x0e,0xff,
    0x0e,0x0e,0x0e,0xff,0x0e,0x0e,0x0e,0xff,0x0e,0x0e,0x0e,0xff,0x0e,0x0e,0x0e,0xff,
    0x0e,0x0e,0x0e,0xff,0x0e,0x0e,0x0e,0xff,0x0e,0x0e,0x0e,0xff,0x0e,0x0e,0x0e,0xff,
    0x0e,0x0e,0x0e,0xff,0x0e,0x0e,0x0e,0xff,0x0e,0x0e,0x0e,0xff,0x0e,0x0e,0x0e,0xff,
    0x0e,0x0e,0x0e,0xff,0x0e,0x0e,0x0e,0xff,0x0e,0x0e,0x0e,0xff,0x0e,0x0e,0x0e,0xff,
    0x0e,0x0e,0x0e,0xff,0x0e,0x0e,0x0e,0xff,0x0e,0x0e,0x0e,0xff,0x0e,0x0e,0x0e,0xff,
    0x0e,0x0e,0x0e,0xff,0x0e,0x0e,0x0e,0xff,0x0e,0x0e,0x0e,0xff,0x0e,0x0e,0x0e,0xff,
    0x0e,0x0e,0x0e,0xff,0x0e,0x0e,0x0e,0xff,0x0e,0x0e,0x0e,0xff,0x0e,0x0e,0x0e,0xff,
    0x0e,0x0e,0x0e,0xff,0x0e,0x0e,0x0e,0xff,0x0e,0x0e,0x0e,0xff,0x0e,0x0e,0x0e,0xff,
    0x0e,0x0e,0x0e,0xff,0x0e,0x0e,0x0e,0xff,0x0e,0x0e,0x0e,0xff,0x0e,0x0e,0x0e,0xff,
    0x0e,0x0e,0x0e,0xff,0x0e,0x0e,0x0e,0xff,0x0e,0x0e,0x0e,0xff,0x0e,0x0e,0x0e,0xff,
    0x0e,0x0e,0x0e,0xff,0x0e,0x0e,0x0e,0xff,0x0e,0x0e,0x0e,0xff,0x0e,0x0e,0x0e,0xff,
    0x0e,0x0e,0x0e,0xff,0x0e,0x0e,0x0e,0xff,0x0e,0x0e,0x0e,0xff,0x0e,0x0e,0x0e,0xff,
    0x0e,0x0e,0x0e,0xff,0x0e,0x0e,0x0e,0xff,0x0e,0x0e,0x0e,0xff,0x0e,0x0e,0x0e,0xff,
    0x0e,0x0e,0x0e,0xff,0x0e,0x0e,0x0e,0xff,0x0e,0x0e,0x0e,0xff,0x0e,0x0e,0x0e,0xff,
    0x0e,0x0e,0x0e,0xff,0x0e,0x0e,0x0e,0xff,0x0e,0x0e,0x0e,0xff,0x0e,0x0e,0x0e,0xff,
    0x0e,0x0e,0x0e,0xff,0x0e,0x0e,0x0e,0xff,0x0e,0x0e,0x0e,0xff,0x0e,0x0e,0x0e,0xff,
    0x0e,0x0e,0x0e,0xff,0x0e,0x0e,0x0e,0xff,0x0e,0x0e,0x0e,0xff,0x0e,0x0e,0x0e,0xff,
    0x0e,0x0e,0x0e,0xff,0x0e,0x0e,0x0e,0xff,0x0e,0x0e,0x0e,0xff,0x0e,0x0e,0x0e,0xff,
    0x0e,0x0e,0x0e,0xff,0x0e,0x0e,0x0e,0xff,0x0e,0x0e,0x0e,0xff,0x0e,0x0e,0x0e,0xff,
    0x0e,0x0e,0x0e,0xff,0x0e,0x0e,0x0e,0xff,0x0e,0x0e,0x0e,0xff,0x0e,0x0e,0x0e,0xff,
    0x0e,0x0e,0x0e,0xff,0x0e,0x0e,0x0e,0xff,0x0e,0x0e,0x0e,0xff,0x0e,0x0e,0x0e,0xff,
    0x0e,0x0e,0x0e,0xff,0x0e,0x0e,0x0e,0xff,0x0e,0x0e,0x0e,0xff,0x0e,0x0e,0x0e,0xff,
    0x0e,0x0e,0x0e,0xff,0x0e,0x0e,0x0e,0xff,0x0e,0x0e,0x0e,0xff,0x0e,0x0e,0x0e,0xff,
    0x0e,0x0e,0x0e,0xff,0x0e,0x0e,0x0e,0xff,0x0e,0x0e,0x0e,0xff,0x0e,0x0e,0x0e,0xff,
    0x0e,0x0e,0x0e,0xff,0x0e,0x0e,0x0e,0xff,0x0e,0x0e,0x0e,0xff,0x0e,0x0e,0x0e,0xff,
    0x0e,0x0e,0x0e,0xff,0x0e,0x0e,0x0e,0xff,0x0e,0x0e,0x0e,0xff,0x0e,0x0e,0x0e,0xff,
    0x0e,0x0e,0x0e,0xff,0x0e,0x0e,0x0e,0xff,0x0e,0x0e,0x0e,0xff,0x0e,0x0e,0x0e,0xff,
    0x0e,0x0e,0x0e,0xff,0x0e,0x0e,0x0e,0xff,0x0e,0x0e,0x0e,0xff,0x0e,0x0e,0x0e,0xff,
    0x0e,0x0e,0x0e,0xff,0x0e,0x0e,0x0e,0xff,0x0e,0x0e,0x0e,0xff,0x0e,0x0e,0x0e,0xff,
    0x0e,0x0e,0x0e,0xff,0x0e,0x0e,0x0e,0xff,0x0e,0x0e,0x0e,0xff,0x0e,0x0e,0x0e,0xff,
    0x0e,0x0e,0x0e,0xff,0x0e,0x0e,0x0e,0xff,0x0e,0x0e,0x0e,0xff,0x0e,0x0e,0x0e,0xff,
    0x0e,0x0e,0x0e,0xff,0x0e,0x0e,0x0e,0xff,0x0e,0x0e,0x0e,0xff,0x0e,0x0e,0x0e,0xff,
    0x0e,0x0e,0x0e,0xff,0x0e,0x0e,0x0e,0xff,0x0e,0x0e,0x0e,0xff,0x0e,0x0e,0x0e,0xff,
    0x0e,0x0e,0x0e,0xff,0x0e,0x0e,0x0e,0xff,0x0e,0x0e,0x0e,0xff,0x0e,0x0e,0x0e,0xff,
    0x0e,0x0e,0x0e,0xff,0x0e,0x0e,0x0e,0xff,0x0e,0x0e,0x0e,0xff,0x0e,0x0e,0x0e,0xff,
    0x0e,0x0e,0x0e,0xff,0x0e,0x0e,0x0e,0xff,0x0e,0x0e,0x0e,0xff,0x0e,0x0e,0x0e,0xff,
    0x0e,0x0e,0x0e,0xff,0x0e,0x0e,0x0e,0xff,0x0e,0x0e,0x0e,0xff,0x0e,0x0e,0x0e,0xff,
    0x0e,0x0e,0x0e,0xff,0x0e,0x0e,0x0e,0xff,0x0e,0x0e,0x0e,0xff,0x0e,0x0e,0x0e,0xff,
    0x0e,0x0e,0x0e,0xff,0x0e,0x0e,0x0e,0xff,0x0e,0x0e,0x0e,0xff,0x0e,0x0e,0x0e,0xff,
    0x0e,0x0e,0x0e,0xff,0x0e,0x0e,0x0e,0xff,0x0e,0x0e,0x0e,0xff,0x0e,0x0e,0x0e,0xff,
    0x0e,0x0e,0x0e,0xff,0x0e,0x0e,0x0e,0xff,0x0e,0x0e,0x0e,0xff,0x0e,0x0e,0x0e,0xff,
    0x0e,0x0e,0x0e,0xff,0x0e,0x0e,0x0e,0xff,0x0e,0x0e,0x0e,0xff,0x0e,0x0e,0x0e,0xff,
    0x0e,0x0e,0x0e,0xff,0x0e,0x0e,0x0e,0xff,0x0e,0x0e,0x0e,0xff,0x0e,0x0e,0x0e,0xff,
    0x0e,0x0e,0x0e,0xff,0x0e,0x0e,0x0e,0xff,0x0e,0x0e,0x0e,0xff,0x0e,0x0e,0x0e,0xff,
    0x0e,0x0e,0x0e,0xff,0x0e,0x0e,0x0e,0xff,0x0e,0x0e,0x0e,0xff,0x0e,0x0e,0x0e,0xff,
    0x0e,0x0e,0x0e,0xff,0x0e,0x0e,0x0e,0xff,0x0e,0x0e,0x0e,0xff,0x0e,0x0e,0x0e,0xff,
    0x0e,0x0e,0x0e,0xff,0x0e,0x0e,0x0e,0xff,0x0e,0x0e,0x0e,0xff,0x0e,0x0e,0x0e,0xff,
    0x0e,0x0e,0x0e,0xff,0x0e,0x0e,0x0e,0xff,0x0e,0x0e,0x0e,0xff,0x0e,0x0e,0x0e,0xff,
    0x0e,0x0e,0x0e,0xff,0x0e,0x0e,0x0e,0xff,0x0e,0x0e,0x0e,0xff,0x0e,0x0e,0x0e,0xff,
    0x0e,0x0e,0x0e,0xff,0x0e,0x0e,0x0e,0xff,0x0e,0x0e,0x0e,0xff,0x0e,0x0e,0x0e,0xff,
    0x0e,0x0e,0x0e,0xff,0x0e,0x0e,0x0e,0xff,0x0e,0x0e,0x0e,0xff,0x0e,0x0e,0x0e,0xff,
    0x0e,0x0e,0x0e,0xff,0x0e,0x0e,0x0e,0xff,0x0e,0x0e,0x0e,0xff,0x0e,0x0e,0x0e,0xff,
    0x0e,0x0e,0x0e,0xff,0x0e,0x0e,0x0e,0xff,0x0e,0x0e,0x0e,0xff,0x0e,0x0e,0x0e,0xff,
    0x0e,0x0e,0x0e,0xff,0x0e,0x0e,0x0e,0xff,0x0e,0x0e,0x0e,0xff,0x0e,0x0e,0x0e,0xff,
    0x0e,0x0e,0x0e,0xff,0x0e,0x0e,0x0e,0xff,0x0e,0x0e,0x0e,0xff,0x0e,0x0e,0x0e,0xff,
    0x0e,0x0e,0x0e,0xff,0x0e,0x0e,0x0e,0xff,0x0e,0x0e,0x0e,0xff,0x0e,0x0e,0x0e,0xff,
    0x0e,0x0e,0x0e,0xff,0x0e,0x0e,0x0e,0xff,0x0e,0x0e,0x0e,0xff,0x0e,0x0e,0x0e,0xff,
    0x0e,0x0e,0x0e,0xff,0x0e,0x0e,0x0e,0xff,0x0e,0x0e,0x0e,0xff,0x0e,0x0e,0x0e,0xff,
    0x0e,0x0e,0x0e,0xff,0x0e,0x0e,0x0e,0xff,0x0e,0x0e,0x0e,0xff,0x0e,0x0e,0x0e,0xff,
    0x0e,0x0e,0x0e,0xff,0x0e,0x0e,0x0e,0xff,0x0e,0x0e,0x0e,0xff,0x0e,0x0e,0x0e,0xff,
    0x0e,0x0e,0x0e,0xff,0x0e,0x0e,0x0e,0xff,0x0e,0x0e,0x0e,0xff,0x0e,0x0e,0x0e,0xff,
    0x0e,0x0e,0x0e,0xff,0x0e,0x0e,0x0e,0xff,0x0e,0x0e,0x0e,0xff,0x0e,0x0e,0x0e,0xff,
    0x0e,0x0e,0x0e,0xff,0x0e,0x0e,0x0e,0xff,0x0e,0x0e,0x0e,0xff,0x0e,0x0e,0x0e,0xff,
    0x0e,0x0e,0x0e,0xff,0x0e,0x0e,0x0e,0xff,0x0e,0x0e,0x0e,0xff,0x0e,0x0e,0x0e,0xff,
    0x0e,0x0e,0x0e,0xff,0x0e,0x0e,0x0e,0xff,0x0e,0x0e,0x0e,0xff,0x0e,0x0e,0x0e,0xff,
    0x0e,0x0e,0x0e,0xff,0x0e,0x0e,0x0e,0xff,0x0e,0x0e,0x0e,0xff,0x0e,0x0e,0x0e,0xff,
    0x0e,0x0e,0x0e,0xff,0x0e,0x0e,0x0e,0xff,0x0e,0x0e,0x0e,0xff,0x0e,0x0e,0x0e,0xff,
    0x0e,0x0e,0x0e,0xff,0x0e,0x0e,0x0e,0xff,0x0e,0x0e,0x0e,0xff,0x0e,0x0e,0x0e,0xff,
    0x0e,0x0e,0x0e,0xff,0x0e,0x0e,0x0e,0xff,0x0e,0x0e,0x0e,0xff,0x0e,0x0e,0x0e,0xff,
    0x0e,0x0e,0x0e,0xff,0x0e,0x0e,0x0e,0xff,0x0e,0x0e,0x0e,0xff,0x0e,0x0e,0x0e,0xff,
    0x0e,0x0e,0x0e,0xff,0x0e,0x0e,0x0e,0xff,0x0e,0x0e,0x0e,0xff,0x0e,0x0e,0x0e,0xff,
    0x0e,0x0e,0x0e,0xff,0x0e,0x0e,0x0e,0xff,0x0e,0x0e,0x0e,0xff,0x0e,0x0e,0x0e,0xff,
    0x0e,0x0e,0x0e,0xff,0x0e,0x0e,0x0e,0xff,0x0e,0x0e,0x0e,0xff,0x0e,0x0e,0x0e,0xff,
    0x0e,0x0e,0x0e,0xff,0x0e,0x0e,0x0e,0xff,0x0e,0x0e,0x0e,0xff,0x0e,0x0e,0x0e,0xff,
    0x0e,0x0e,0x0e,0xff,0x0e,0x0e,0x0e,0xff,0x0e,0x0e,0x0e,0xff,0x0e,0x0e,0x0e,0xff,
    0x0e,0x0e,0x0e,0xff,0x0e,0x0e,0x0e,0xff,0x0e,0x0e,0x0e,0xff,0x0e,0x0e,0x0e,0xff,
    0x0e,0x0e,0x0e,0xff,0x0e,0x0e,0x0e,0xff,0x0e,0x0e,0x0e,0xff,0x0e,0x0e,0x0e,0xff,
    0x0e,0x0e,0x0e,0xff,0x0e,0x0e,0x0e,0xff,0x0e,0x0e,0x0e,0xff,0x0e,0x0e,0x0e,0xff,
    0x0e,0x0e,0x0e,0xff,0x0e,0x0e,0x0e,0xff,0x0e,0x0e,0x0e,0xff,0x0e,0x0e,0x0e,0xff,
    0x0e,0x0e,0x0e,0xff,0x0e,0x0e,0x0e,0xff,0x0e,0x0e,0x0e,0xff,0x0e,0x0e,0x0e,0xff,
    0x0e,0x0e,0x0e,0xff,0x0e,0x0e,0x0e,0xff,0x0e,0x0e,0x0e,0xff,0x0e,0x0e,0x0e,0xff,
    0x0e,0x0e,0x0e,0xff,0x0e,0x0e,0x0e,0xff,0x0e,0x0e,0x0e,0xff,0x0e,0x0e,0x0e,0xff,
    0x0e,0x0e,0x0e,0xff,0x0e,0x0e,0x0e,0xff,0x0e,0x0e,0x0e,0xff,0x0e,0x0e,0x0e,0xff,
    0x0e,0x0e,0x0e,0xff,0x0e,0x0e,0x0e,0xff,0x0e,0x0e,0x0e,0xff,0x0e,0x0e,0x0e,0xff,
    0x0e,0x0e,0x0e,0xff,0x0e,0x0e,0x0e,0xff,0x0e,0x0e,0x0e,0xff,0x0e,0x0e,0x0e,0xff,
    0x0e,0x0e,0x0e,0xff,0x0e,0x0e,0x0e,0xff,0x0e,0x0e,0x0e,0xff,0x0e,0x0e,0x0e,0xff,
    0x0e,0x0e,0x0e,0xff,0x0e,0x0e,0x0e,0xff,0x0e,0x0e,0x0e,0xff,0x0e,0x0e,0x0e,0xff,
    0x0e,0x0e,0x0e,0xff,0x0e,0x0e,0x0e,0xff,0x0e,0x0e,0x0e,0xff,0x0e,0x0e,0x0e,0xff,
    0x0e,0x0e,0x0e,0xff,0x0e,0x0e,0x0e,0xff,0x0e,0x0e,0x0e,0xff,0x0e,0x0e,0x0e,0xff,
    0x0e,0x0e,0x0e,0xff,0x0e,0x0e,0x0e,0xff,0x0e,0x0e,0x0e,0xff,0x0e,0x0e,0x0e,0xff,
    0x0e,0x0e,0x0e,0xff,0x0e,0x0e,0x0e,0xff,0x0e,0x0e,0x0e,0xff,0x0e,0x0e,0x0e,0xff,
    0x0e,0x0e,0x0e,0xff,0x0e,0x0e,0x0e,0xff,0x0e,0x0e,0x0e,0xff,0x0e,0x0e,0x0e,0xff,
    0x0e,0x0e,0x0e,0xff,0x0e,0x0e,0x0e,0xff,0x0e,0x0e,0x0e,0xff,0x0e,0x0e,0x0e,0xff,
    0x0e,0x0e,0x0e,0xff,0x0e,0x0e,0x0e,0xff,0x0e,0x0e,0x0e,0xff,0x0e,0x0e,0x0e,0xff,
    0x0e,0x0e,0x0e,0xff,0x0e,0x0e,0x0e,0xff,0x0e,0x0e,0x0e,0xff,0x0e,0x0e,0x0e,0xff,
    0x0e,0x0e,0x0e,0xff,0x0e,0x0e,0x0e,0xff,0x0e,0x0e,0x0e,0xff,0x0e,0x0e,0x0e,0xff,
    0x0e,0x0e,0x0e,0xff,0x0e,0x0e,0x0e,0xff,0x0e,0x0e,0x0e,0xff,0x0e,0x0e,0x0e,0xff,
    0x0e,0x0e,0x0e,0xff,0x0e,0x0e,0x0e,0xff,0x0e,0x0e,0x0e,0xff,0x0e,0x0e,0x0e,0xff,
    0x0e,0x0e,0x0e,0xff,0x0e,0x0e,0x0e,0xff,0x0e,0x0e,0x0e,0xff,0x0e,0x0e,0x0e,0xff,
    0x0e,0x0e,0x0e,0xff,0x0e,0x0e,0x0e,0xff,0x0e,0x0e,0x0e,0xff,0x0e,0x0e,0x0e,0xff,
    0x0e,0x0e,0x0e,0xff,0x0e,0x0e,0x0e,0xff,0x0e,0x0e,0x0e,0xff,0x0e,0x0e,0x0e,0xff,
    0x0e,0x0e,0x0e,0xff,0x0e,0x0e,0x0e,0xff,0x0e,0x0e,0x0e,0xff,0x0e,0x0e,0x0e,0xff,
    0x0e,0x0e,0x0e,0xff,0x0e,0x0e,0x0e,0xff,0x0e,0x0e,0x0e,0xff,0x0e,0x0e,0x0e,0xff,
    0x0e,0x0e,0x0e,0xff,0x0e,0x0e,0x0e,0xff,0x0e,0x0e,0x0e,0xff,0x0e,0x0e,0x0e,0xff,
    0x0e,0x0e,0x0e,0xff,0x0e,0x0e,0x0e,0xff,0x0e,0x0e,0x0e,0xff,0x0e,0x0e,0x0e,0xff,
    0x0e,0x0e,0x0e,0xff,0x0e,0x0e,0x0e,0xff,0x0e,0x0e,0x0e,0xff,0x0e,0x0e,0x0e,0xff,
    0x0e,0x0e,0x0e,0xff,0x0e,0x0e,0x0e,0xff,0x0e,0x0e,0x0e,0xff,0x0e,0x0e,0x0e,0xff,
    0x0e,0x0e,0x0e,0xff,0x0e,0x0e,0x0e,0xff,0x0e,0x0e,0x0e,0xff,0x0e,0x0e,0x0e,0xff,
    0x0e,0x0e,0x0e,0xff,0x0e,0x0e,0x0e,0xff,0x0e,0x0e,0x0e,0xff,0x0e,0x0e,0x0e,0xff,
    0x0e,0x0e,0x0e,0xff,0x0e,0x0e,0x0e,0xff,0x0e,0x0e,0x0e,0xff,0x0e,0x0e,0x0e,0xff,
    0x0e,0x0e,0x0e,0xff,0x0e,0x0e,0x0e,0xff,0x0e,0x0e,0x0e,0xff,0x0e,0x0e,0x0e,0xff,
    0x0e,0x0e,0x0e,0xff,0x0e,0x0e,0x0e,0xff,0x0e,0x0e,0x0e,0xff,0x0e,0x0e,0x0e,0xff,
    0x0e,0x0e,0x0e,0xff,0x0e,0x0e,0x0e,0xff,0x0e,0x0e,0x0e,0xff,0x0e,0x0e,0x0e,0xff,
    0x0e,0x0e,0x0e,0xff,0x0e,0x0e,0x0e,0xff,0x0e,0x0e,0x0e,0xff,0x0e,0x0e,0x0e,0xff,
    0x0e,0x0e,0x0e,0xff,0x0e,0x0e,0x0e,0xff,0x0e,0x0e,0x0e,0xff,0x0e,0x0e,0x0e,0xff,
    0x0e,0x0e,0x0e,0xff,0x0e,0x0e,0x0e,0xff,0x0e,0x0e,0x0e,0xff,0x0e,0x0e,0x0e,0xff,
    0x0e,0x0e,0x0e,0xff,0x0e,0x0e,0x0e,0xff,0x0e,0x0e,0x0e,0xff,0x0e,0x0e,0x0e,0xff,
    0x0e,0x0e,0x0e,0xff,0x0e,0x0e,0x0e,0xff,0x0e,0x0e,0x0e,0xff,0x0e,0x0e,0x0e,0xff,
    0x0e,0x0e,0x0e,0xff,0x0e,0x0e,0x0e,0xff,0x0e,0x0e,0x0e,0xff,0x0e,0x0e,0x0e,0xff,
    0x0e,0x0e,0x0e,0xff,0x0e,0x0e,0x0e,0xff,0x0e,0x0e,0x0e,0xff,0x0e,0x0e,0x0e,0xff,
    0x0e,0x0e,0x0e,0xff,0x0e,0x0e,0x0e,0xff,0x0e,0x0e,0x0e,0xff,0x0e,0x0e,0x0e,0xff,
    0x0e,0x0e,0x0e,0xff,0x0e,0x0e,0x0e,0xff,0x0e,0x0e,0x0e,0xff,0x0e,0x0e,0x0e,0xff,
    0x0e,0x0e,0x0e,0xff,0x0e,0x0e,0x0e,0xff,0x0e,0x0e,0x0e,0xff,0x0e,0x0e,0x0e,0xff,
    0x0e,0x0e,0x0e,0xff,0x0e,0x0e,0x0e,0xff,0x0e,0x0e,0x0e,0xff,0x0e,0x0e,0x0e,0xff,
    0x0e,0x0e,0x0e,0xff,0x0e,0x0e,0x0e,0xff,0x0e,0x0e,0x0e,0xff,0x0e,0x0e,0x0e,0xff,
    0x0e,0x0e,0x0e,0xff,0x0e,0x0e,0x0e,0xff,0x0e,0x0e,0x0e,0xff,0x0e,0x0e,0x0e,0xff,
    0x0e,0x0e,0x0e,0xff,0x0e,0x0e,0x0e,0xff,0x0e,0x0e,0x0e,0xff,0x0e,0x0e,0x0e,0xff,
    0x0e,0x0e,0x0e,0xff,0x0e,0x0e,0x0e,0xff,0x0e,0x0e,0x0e,0xff,0x0e,0x0e,0x0e,0xff,
    0x0e,0x0e,0x0e,0xff,0x0e,0x0e,0x0e,0xff,0x0e,0x0e,0x0e,0xff,0x0e,0x0e,0x0e,0xff,
    0x0e,0x0e,0x0e,0xff,0x0e,0x0e,0x0e,0xff,0x0e,0x0e,0x0e,0xff,0x0e,0x0e,0x0e,0xff,
    0x0e,0x0e,0x0e,0xff,0x0e,0x0e,0x0e,0xff,0x0e,0x0e,0x0e,0xff,0x0e,0x0e,0x0e,0xff,
    0x0e,0x0e,0x0e,0xff,0x0e,0x0e,0x0e,0xff,0x0e,0x0e,0x0e,0xff,0x0e,0x0e,0x0e,0xff,
    0x0e,0x0e,0x0e,0xff,0x0e,0x0e,0x0e,0xff,0x0e,0x0e,0x0e,0xff,0x0e,0x0e,0x0e,0xff,
    0x0e,0x0e,0x0e,0xff,0x0e,0x0e,0x0e,0xff,0x0e,0x0e,0x0e,0xff,0x0e,0x0e,0x0e,0xff,
    0x0e,0x0e,0x0e,0xff,0x0e,0x0e,0x0e,0xff,0x0e,0x0e,0x0e,0xff,0x0e,0x0e,0x0e,0xff,
    0x0e,0x0e,0x0e,0xff,0x0e,0x0e,0x0e,0xff,0x0e,0x0e,0x0e,0xff,0x0e,0x0e,0x0e,0xff,
    0x0e,0x0e,0x0e,0xff,0x0e,0x0e,0x0e,0xff,0x0e,0x0e,0x0e,0xff,0x0e,0x0e,0x0e,0xff,
    0x0e,0x0e,0x0e,0xff,0x0e,0x0e,0x0e,0xff,0x0e,0x0e,0x0e,0xff,0x0e,0x0e,0x0e,0xff,
    0x0e,0x0e,0x0e,0xff,0x0e,0x0e,0x0e,0xff,0x0e,0x0e,0x0e,0xff,0x0e,0x0e,0x0e,0xff,
    0x0e,0x0e,0x0e,0xff,0x0e,0x0e,0x0e,0xff,0x0e,0x0e,0x0e,0xff,0x0e,0x0e,0x0e,0xff,
    0x0e,0x0e,0x0e,0xff,0x0e,0x0e,0x0e,0xff,0x0e,0x0e,0x0e,0xff,0x0e,0x0e,0x0e,0xff,
    0x0e,0x0e,0x0e,0xff,0x0e,0x0e,0x0e,0xff,0x0e,0x0e,0x0e,0xff,0x0e,0x0e,0x0e,0xff,
    0x0e,0x0e,0x0e,0xff,0x0e,0x0e,0x0e,0xff,0x0e,0x0e,0x0e,0xff,0x0e,0x0e,0x0e,0xff,
    0x0e,0x0e,0x0e,0xff,0x0e,0x0e,0x0e,0xff,0x0e,0x0e,0x0e,0xff,0x0e,0x0e,0x0e,0xff,
    0x0e,0x0e,0x0e,0xff,0x0e,0x0e,0x0e,0xff,0x0e,0x0e,0x0e,0xff,0x0e,0x0e,0x0e,0xff,
    0x0e,0x0e,0x0e,0xff,0x0e,0x0e,0x0e,0xff,0x0e,0x0e,0x0e,0xff,0x0e,0x0e,0x0e,0xff,
    0x0e,0x0e,0x0e,0xff,0x0e,0x0e,0x0e,0xff,0x0e,0x0e,0x0e,0xff,0x0e,0x0e,0x0e,0xff,
    0x0e,0x0e,0x0e,0xff,0x0e,0x0e,0x0e,0xff,0x0e,0x0e,0x0e,0xff,0x0e,0x0e,0x0e,0xff,
    0x0e,0x0e,0x0e,0xff,0x0e,0x0e,0x0e,0xff,0x0e,0x0e,0x0e,0xff,0x0e,0x0e,0x0e,0xff,
    0x0e,0x0e,0x0e,0xff,0x0e,0x0e,0x0e,0xff,0x0e,0x0e,0x0e,0xff,0x0e,0x0e,0x0e,0xff,
    0x0e,0x0e,0x0e,0xff,0x0e,0x0e,0x0e,0xff,0x0e,0x0e,0x0e,0xff,0x0e,0x0e,0x0e,0xff,
    0x0e,0x0e,0x0e,0xff,0x0e,0x0e,0x0e,0xff,0x0e,0x0e,0x0e,0xff,0x0e,0x0e,0x0e,0xff,
    0x0e,0x0e,0x0e,0xff,0x0e,0x0e,0x0e,0xff,0x0e,0x0e,0x0e,0xff,0x0e,0x0e,0x0e,0xff,
    0x0e,0x0e,0x0e,0xff,0x0e,0x0e,0x0e,0xff,0x0e,0x0e,0x0e,0xff,0x0e,0x0e,0x0e,0xff,
    0x0e,0x0e,0x0e,0xff,0x0e,0x0e,0x0e,0xff,0x0e,0x0e,0x0e,0xff,0x0e,0x0e,0x0e,0xff,
    0x0e,0x0e,0x0e,0xff,0x0e,0x0e,0x0e,0xff,0x0e,0x0e,0x0e,0xff,0x0e,0x0e,0x0e,0xff,
    0x0e,0x0e,0x0e,0xff,0x0e,0x0e,0x0e,0xff,0x0e,0x0e,0x0e,0xff,0x0e,0x0e,0x0e,0xff,
    0x0e,0x0e,0x0e,0xff,0x0e,0x0e,0x0e,0xff,0x0e,0x0e,0x0e,0xff,0x0e,0x0e,0x0e,0xff,
    0x0e,0x0e,0x0e,0xff,0x0e,0x0e,0x0e,0xff,0x0e,0x0e,0x0e,0xff,0x0e,0x0e,0x0e,0xff,
    0x0e,0x0e,0x0e,0xff,0x0e,0x0e,0x0e,0xff,0x0e,0x0e,0x0e,0xff,0x0e,0x0e,0x0e,0xff,
    0x0e,0x0e,0x0e,0xff,0x0e,0x0e,0x0e,0xff,0x0e,0x0e,0x0e,0xff,0x0e,0x0e,0x0e,0xff,
    0x0e,0x0e,0x0e,0xff,0x0e,0x0e,0x0e,0xff,0x0e,0x0e,0x0e,0xff,0x0e,0x0e,0x0e,0xff,
    0x0e,0x0e,0x0e,0xff,0x0e,0x0e,0x0e,0xff,0x0e,0x0e,0x0e,0xff,0x0e,0x0e,0x0e,0xff,
    0x0e,0x0e,0x0e,0xff,0x0e,0x0e,0x0e,0xff,0x0e,0x0e,0x0e,0xff,0x0e,0x0e,0x0e,0xff,
    0x0e,0x0e,0x0e,0xff,0x0e,0x0e,0x0e,0xff,0x0e,0x0e,0x0e,0xff,0x0e,0x0e,0x0e,0xff,
    0x0e,0x0e,0x0e,0xff,0x0e,0x0e,0x0e,0xff,0x0e,0x0e,0x0e,0xff,0x0e,0x0e,0x0e,0xff,
    0x0e,0x0e,0x0e,0xff,0x0e,0x0e,0x0e,0xff,0x0e,0x0e,0x0e,0xff,0x0e,0x0e,0x0e,0xff,
    0x0e,0x0e,0x0e,0xff,0x0e,0x0e,0x0e,0xff,0x0e,0x0e,0x0e,0xff,0x0e,0x0e,0x0e,0xff,
    0x0e,0x0e,0x0e,0xff,0x0e,0x0e,0x0e,0xff,0x0e,0x0e,0x0e,0xff,0x0e,0x0e,0x0e,0xff,
    0x0e,0x0e,0x0e,0xff,0x0e,0x0e,0x0e,0xff,0x0e,0x0e,0x0e,0xff,0x0e,0x0e,0x0e,0xff,
    0x0e,0x0e,0x0e,0xff,0x0e,0x0e,0x0e,0xff,0x0e,0x0e,0x0e,0xff,0x0e,0x0e,0x0e,0xff,
    0x0e,0x0e,0x0e,0xff,0x0e,0x0e,0x0e,0xff,0x0e,0x0e,0x0e,0xff,0x0e,0x0e,0x0e,0xff,
    0x0e,0x0e,0x0e,0xff,0x0e,0x0e,0x0e,0xff,0x0e,0x0e,0x0e,0xff,0x0e,0x0e,0x0e,0xff,
    0x0e,0x0e,0x0e,0xff,0x0e,0x0e,0x0e,0xff,0x0e,0x0e,0x0e,0xff,0x0e,0x0e,0x0e,0xff,
    0x0e,0x0e,0x0e,0xff,0x0e,0x0e,0x0e,0xff,0x0e,0x0e,0x0e,0xff,0x0e,0x0e,0x0e,0xff,
    0x0e,0x0e,0x0e,0xff,0x0e,0x0e,0x0e,0xff,0x0e,0x0e,0x0e,0xff,0x0e,0x0e,0x0e,0xff,
    0x0e,0x0e,0x0e,0xff,0x0e,0x0e,0x0e,0xff,0x0e,0x0e,0x0e,0xff,0x0e,0x0e,0x0e,0xff,
    0x0e,0x0e,0x0e,0xff,0x0e,0x0e,0x0e,0xff,0x0e,0x0e,0x0e,0xff,0x0e,0x0e,0x0e,0xff,
    0x0e,0x0e,0x0e,0xff,0x0e,0x0e,0x0e,0xff,0x0e,0x0e,0x0e,0xff,0x0e,0x0e,0x0e,0xff,
    0x0e,0x0e,0x0e,0xff,0x0e,0x0e,0x0e,0xff,0x0e,0x0e,0x0e,0xff,0x0e,0x0e,0x0e,0xff,
    0x0e,0x0e,0x0e,0xff,0x0e,0x0e,0x0e,0xff,0x0e,0x0e,0x0e,0xff,0x0e,0x0e,0x0e,0xff,
    0x0e,0x0e,0x0e,0xff,0x0e,0x0e,0x0e,0xff,0x0e,0x0e,0x0e,0xff,0x0e,0x0e,0x0e,0xff,
    0x0e,0x0e,0x0e,0xff,0x0e,0x0e,0x0e,0xff,0x0e,0x0e,0x0e,0xff,0x0e,0x0e,0x0e,0xff,
    0x0e,0x0e,0x0e,0xff,0x0e,0x0e,0x0e,0xff,0x0e,0x0e,0x0e,0xff,0x0e,0x0e,0x0e,0xff,
    0x0e,0x0e,0x0e,0xff,0x0e,0x0e,0x0e,0xff,0x0e,0x0e,0x0e,0xff,0x0e,0x0e,0x0e,0xff,
    0x0e,0x0e,0x0e,0xff,0x0e,0x0e,0x0e,0xff,0x0e,0x0e,0x0e,0xff,0x0e,0x0e,0x0e,0xff,
    0x0e,0x0e,0x0e,0xff,0x0e,0x0e,0x0e,0xff,0x0e,0x0e,0x0e,0xff,0x0e,0x0e,0x0e,0xff,
    0x0e,0x0e,0x0e,0xff,0x0e,0x0e,0x0e,0xff,0x0e,0x0e,0x0e,0xff,0x0e,0x0e,0x0e,0xff,
    0x0e,0x0e,0x0e,0xff,0x0e,0x0e,0x0e,0xff,0x0e,0x0e,0x0e,0xff,0x0e,0x0e,0x0e,0xff,
    0x0e,0x0e,0x0e,0xff,0x0e,0x0e,0x0e,0xff,0x0e,0x0e,0x0e,0xff,0x0e,0x0e,0x0e,0xff,
    0x0e,0x0e,0x0e,0xff,0x0e,0x0e,0x0e,0xff,0x0e,0x0e,0x0e,0xff,0x0e,0x0e,0x0e,0xff,
    0x0e,0x0e,0x0e,0xff,0x0e,0x0e,0x0e,0xff,0x0e,0x0e,0x0e,0xff,0x0e,0x0e,0x0e,0xff,
    0x0e,0x0e,0x0e,0xff,0x0e,0x0e,0x0e,0xff,0x0e,0x0e,0x0e,0xff,0x0e,0x0e,0x0e,0xff,
    0x0e,0x0e,0x0e,0xff,0x0e,0x0e,0x0e,0xff,0x0e,0x0e,0x0e,0xff,0x0e,0x0e,0x0e,0xff,
    0x0e,0x0e,0x0e,0xff,0x0e,0x0e,0x0e,0xff,0x0e,0x0e,0x0e,0xff,0x0e,0x0e,0x0e,0xff,
    0x0e,0x0e,0x0e,0xff,0x0e,0x0e,0x0e,0xff,0x0e,0x0e,0x0e,0xff,0x0e,0x0e,0x0e,0xff,
    0x0e,0x0e,0x0e,0xff,0x0e,0x0e,0x0e,0xff,0x0e,0x0e,0x0e,0xff,0x0e,0x0e,0x0e,0xff,
    0x0e,0x0e,0x0e,0xff,0x0e,0x0e,0x0e,0xff,0x0e,0x0e,0x0e,0xff,0x0e,0x0e,0x0e,0xff,
    0x0e,0x0e,0x0e,0xff,0x0e,0x0e,0x0e,0xff,0x0e,0x0e,0x0e,0xff,0x0e,0x0e,0x0e,0xff,
    0x0e,0x0e,0x0e,0xff,0x0e,0x0e,0x0e,0xff,0x0e,0x0e,0x0e,0xff,0x0e,0x0e,0x0e,0xff,
    0x0e,0x0e,0x0e,0xff,0x0e,0x0e,0x0e,0xff,0x0e,0x0e,0x0e,0xff,0x0e,0x0e,0x0e,0xff,
    0x0e,0x0e,0x0e,0xff,0x0e,0x0e,0x0e,0xff,0x0e,0x0e,0x0e,0xff,0x0e,0x0e,0x0e,0xff,
    0x0e,0x0e,0x0e,0xff,0x0e,0x0e,0x0e,0xff,0x0e,0x0e,0x0e,0xff,0x0e,0x0e,0x0e,0xff,
    0x0e,0x0e,0x0e,0xff,0x0e,0x0e,0x0e,0xff,0x0e,0x0e,0x0e,0xff,0x0e,0x0e,0x0e,0xff,
    0x0e,0x0e,0x0e,0xff,0x0e,0x0e,0x0e,0xff,0x0e,0x0e,0x0e,0xff,0x0e,0x0e,0x0e,0xff,
    0x0e,0x0e,0x0e,0xff,0x0e,0x0e,0x0e,0xff,0x0e,0x0e,0x0e,0xff,0x0e,0x0e,0x0e,0xff,
    0x0e,0x0e,0x0e,0xff,0x0e,0x0e,0x0e,0xff,0x0e,0x0e,0x0e,0xff,0x0e,0x0e,0x0e,0xff,
    0x0e,0x0e,0x0e,0xff,0x0e,0x0e,0x0e,0xff,0x0e,0x0e,0x0e,0xff,0x0e,0x0e,0x0e,0xff,
    0x0e,0x0e,0x0e,0xff,0x0e,0x0e,0x0e,0xff,0x0e,0x0e,0x0e,0xff,0x0e,0x0e,0x0e,0xff,
    0x0e,0x0e,0x0e,0xff,0x0e,0x0e,0x0e,0xff,0x0e,0x0e,0x0e,0xff,0x0e,0x0e,0x0e,0xff,
    0x0e,0x0e,0x0e,0xff,0x0e,0x0e,0x0e,0xff,0x0e,0x0e,0x0e,0xff,0x0e,0x0e,0x0e,0xff,
    0x0e,0x0e,0x0e,0xff,0x0e,0x0e,0x0e,0xff,0x0e,0x0e,0x0e,0xff,0x0e,0x0e,0x0e,0xff,
    0x0e,0x0e,0x0e,0xff,0x0e,0x0e,0x0e,0xff,0x0e,0x0e,0x0e,0xff,0x0e,0x0e,0x0e,0xff,
    0x0e,0x0e,0x0e,0xff,0x0e,0x0e,0x0e,0xff,0x0e,0x0e,0x0e,0xff,0x0e,0x0e,0x0e,0xff,
    0x0e,0x0e,0x0e,0xff,0x0e,0x0e,0x0e,0xff,0x0e,0x0e,0x0e,0xff,0x0e,0x0e,0x0e,0xff,
    0x0e,0x0e,0x0e,0xff,0x0e,0x0e,0x0e,0xff,0x0e,0x0e,0x0e,0xff,0x0e,0x0e,0x0e,0xff,
    0x0e,0x0e,0x0e,0xff,0x0e,0x0e,0x0e,0xff,0x0e,0x0e,0x0e,0xff,0x0e,0x0e,0x0e,0xff,
    0x0e,0x0e,0x0e,0xff,0x0e,0x0e,0x0e,0xff,0x0e,0x0e,0x0e,0xff,0x0e,0x0e,0x0e,0xff,
    0x0e,0x0e,0x0e,0xff,0x0e,0x0e,0x0e,0xff,0x0e,0x0e,0x0e,0xff,0x0e,0x0e,0x0e,0xff,
    0x0e,0x0e,0x0e,0xff,0x0e,0x0e,0x0e,0xff,0x0e,0x0e,0x0e,0xff,0x0e,0x0e,0x0e,0xff,
    0x0e,0x0e,0x0e,0xff,0x0e,0x0e,0x0e,0xff,0x0e,0x0e,0x0e,0xff,0x0e,0x0e,0x0e,0xff,
    0x0e,0x0e,0x0e,0xff,0x0e,0x0e,0x0e,0xff,0x0e,0x0e,0x0e,0xff,0x0e,0x0e,0x0e,0xff,
    0x0e,0x0e,0x0e,0xff,0x0e,0x0e,0x0e,0xff,0x0e,0x0e,0x0e,0xff,0x0e,0x0e,0x0e,0xff,
    0x0e,0x0e,0x0e,0xff,0x0e,0x0e,0x0e,0xff,0x0e,0x0e,0x0e,0xff,0x0e,0x0e,0x0e,0xff,
    0x0e,0x0e,0x0e,0xff,0x0e,0x0e,0x0e,0xff,0x0e,0x0e,0x0e,0xff,0x0e,0x0e,0x0e,0xff,
    0x0e,0x0e,0x0e,0xff,0x0e,0x0e,0x0e,0xff,0x0e,0x0e,0x0e,0xff,0x0e,0x0e,0x0e,0xff,
    0x0e,0x0e,0x0e,0xff,0x0e,0x0e,0x0e,0xff,0x0e,0x0e,0x0e,0xff,0x0e,0x0e,0x0e,0xff,
    0x0e,0x0e,0x0e,0xff,0x0e,0x0e,0x0e,0xff,0x0e,0x0e,0x0e,0xff,0x0e,0x0e,0x0e,0xff,
    0x0e,0x0e,0x0e,0xff,0x0e,0x0e,0x0e,0xff,0x0e,0x0e,0x0e,0xff,0x0e,0x0e,0x0e,0xff,
    0x0e,0x0e,0x0e,0xff,0x0e,0x0e,0x0e,0xff,0x0e,0x0e,0x0e,0xff,0x0e,0x0e,0x0e,0xff,
    0x0e,0x0e,0x0e,0xff,0x0e,0x0e,0x0e,0xff,0x0e,0x0e,0x0e,0xff,0x0e,0x0e,0x0e,0xff,
    0x0e,0x0e,0x0e,0xff,0x0e,0x0e,0x0e,0xff,0x0e,0x0e,0x0e,0xff,0x0e,0x0e,0x0e,0xff,
    0x0e,0x0e,0x0e,0xff,0x0e,0x0e,0x0e,0xff,0x0e,0x0e,0x0e,0xff,0x0e,0x0e,0x0e,0xff,
    0x0e,0x0e,0x0e,0xff,0x0e,0x0e,0x0e,0xff,0x0e,0x0e,0x0e,0xff,0x0e,0x0e,0x0e,0xff,
    0x0e,0x0e,0x0e,0xff,0x0e,0x0e,0x0e,0xff,0x0e,0x0e,0x0e,0xff,0x0e,0x0e,0x0e,0xff,
    0x0e,0x0e,0x0e,0xff,0x0e,0x0e,0x0e,0xff,0x0e,0x0e,0x0e,0xff,0x0e,0x0e,0x0e,0xff,
    0x0e,0x0e,0x0e,0xff,0x0e,0x0e,0x0e,0xff,0x0e,0x0e,0x0e,0xff,0x0e,0x0e,0x0e,0xff,
    0x0e,0x0e,0x0e,0xff,0x0e,0x0e,0x0e,0xff,0x0e,0x0e,0x0e,0xff,0x0e,0x0e,0x0e,0xff,
    0x0e,0x0e,0x0e,0xff,0x0e,0x0e,0x0e,0xff,0x0e,0x0e,0x0e,0xff,0x0e,0x0e,0x0e,0xff,
    0x0e,0x0e,0x0e,0xff,0x0e,0x0e,0x0e,0xff,0x0e,0x0e,0x0e,0xff,0x0e,0x0e,0x0e,0xff,
    0x0e,0x0e,0x0e,0xff,0x0e,0x0e,0x0e,0xff,0x0e,0x0e,0x0e,0xff,0x0e,0x0e,0x0e,0xff,
    0x0e,0x0e,0x0e,0xff,0x0e,0x0e,0x0e,0xff,0x0e,0x0e,0x0e,0xff,0x0e,0x0e,0x0e,0xff,
    0x0e,0x0e,0x0e,0xff,0x0e,0x0e,0x0e,0xff,0x0e,0x0e,0x0e,0xff,0x0e,0x0e,0x0e,0xff,
    0x0e,0x0e,0x0e,0xff,0x0e,0x0e,0x0e,0xff,0x0e,0x0e,0x0e,0xff,0x0e,0x0e,0x0e,0xff,
    0x0e,0x0e,0x0e,0xff,0x0e,0x0e,0x0e,0xff,0x0e,0x0e,0x0e,0xff,0x0e,0x0e,0x0e,0xff,
    0x0e,0x0e,0x0e,0xff,0x0e,0x0e,0x0e,0xff,0x0e,0x0e,0x0e,0xff,0x0e,0x0e,0x0e,0xff,
    0x0e,0x0e,0x0e,0xff,0x0e,0x0e,0x0e,0xff,0x0e,0x0e,0x0e,0xff,0x0e,0x0e,0x0e,0xff,
    0x0e,0x0e,0x0e,0xff,0x0e,0x0e,0x0e,0xff,0x0e,0x0e,0x0e,0xff,0x0e,0x0e,0x0e,0xff,
    0x0e,0x0e,0x0e,0xff,0x0e,0x0e,0x0e,0xff,0x0e,0x0e,0x0e,0xff,0x0e,0x0e,0x0e,0xff,
    0x0e,0x0e,0x0e,0xff,0x0e,0x0e,0x0e,0xff,0x0e,0x0e,0x0e,0xff,0x0e,0x0e,0x0e,0xff,
    0x0e,0x0e,0x0e,0xff,0x0e,0x0e,0x0e,0xff,0x0e,0x0e,0x0e,0xff,0x0e,0x0e,0x0e,0xff,
    0x0e,0x0e,0x0e,0xff,0x0e,0x0e,0x0e,0xff,0x0e,0x0e,0x0e,0xff,0x0e,0x0e,0x0e,0xff,
    0x0e,0x0e,0x0e,0xff,0x0e,0x0e,0x0e,0xff,0x0e,0x0e,0x0e,0xff,0x0e,0x0e,0x0e,0xff,
    0x0e,0x0e,0x0e,0xff,0x0e,0x0e,0x0e,0xff,0x0e,0x0e,0x0e,0xff,0x0e,0x0e,0x0e,0xff,
    0x0e,0x0e,0x0e,0xff,0x0e,0x0e,0x0e,0xff,0x0e,0x0e,0x0e,0xff,0x0e,0x0e,0x0e,0xff,
    0x0e,0x0e,0x0e,0xff,0x0e,0x0e,0x0e,0xff,0x0e,0x0e,0x0e,0xff,0x0e,0x0e,0x0e,0xff,
    0x0e,0x0e,0x0e,0xff,0x0e,0x0e,0x0e,0xff,0x0e,0x0e,0x0e,0xff,0x0e,0x0e,0x0e,0xff,
    0x0e,0x0e,0x0e,0xff,0x0e,0x0e,0x0e,0xff,0x0e,0x0e,0x0e,0xff,0x0e,0x0e,0x0e,0xff,
    0x0e,0x0e,0x0e,0xff,0x0e,0x0e,0x0e,0xff,0x0e,0x0e,0x0e,0xff,0x0e,0x0e,0x0e,0xff,
    0x0e,0x0e,0x0e,0xff,0x0e,0x0e,0x0e,0xff,0x0e,0x0e,0x0e,0xff,0x0e,0x0e,0x0e,0xff,
    0x0e,0x0e,0x0e,0xff,0x0e,0x0e,0x0e,0xff,0x0e,0x0e,0x0e,0xff,0x0e,0x0e,0x0e,0xff,
    0x0e,0x0e,0x0e,0xff,0x0e,0x0e,0x0e,0xff,0x0e,0x0e,0x0e,0xff,0x0e,0x0e,0x0e,0xff,
    0x0e,0x0e,0x0e,0xff,0x0e,0x0e,0x0e,0xff,0x0e,0x0e,0x0e,0xff,0x0e,0x0e,0x0e,0xff,
    0x0e,0x0e,0x0e,0xff,0x0e,0x0e,0x0e,0xff,0x0e,0x0e,0x0e,0xff,0x0e,0x0e,0x0e,0xff,
    0x0e,0x0e,0x0e,0xff,0x0e,0x0e,0x0e,0xff,0x0e,0x0e,0x0e,0xff,0x0e,0x0e,0x0e,0xff,
    0x0e,0x0e,0x0e,0xff,0x0e,0x0e,0x0e,0xff,0x0e,0x0e,0x0e,0xff,0x0e,0x0e,0x0e,0xff,
    0x0e,0x0e,0x0e,0xff,0x0e,0x0e,0x0e,0xff,0x0e,0x0e,0x0e,0xff,0x0e,0x0e,0x0e,0xff,
    0x0e,0x0e,0x0e,0xff,0x0e,0x0e,0x0e,0xff,0x0e,0x0e,0x0e,0xff,0x0e,0x0e,0x0e,0xff,
    0x0e,0x0e,0x0e,0xff,0x0e,0x0e,0x0e,0xff,0x0e,0x0e,0x0e,0xff,0x0e,0x0e,0x0e,0xff,
    0x0e,0x0e,0x0e,0xff,0x0e,0x0e,0x0e,0xff,0x0e,0x0e,0x0e,0xff,0x0e,0x0e,0x0e,0xff,
    0x0e,0x0e,0x0e,0xff,0x0e,0x0e,0x0e,0xff,0x0e,0x0e,0x0e,0xff,0x0e,0x0e,0x0e,0xff,
    0x0e,0x0e,0x0e,0xff,0x0e,0x0e,0x0e,0xff,0x0e,0x0e,0x0e,0xff,0x0e,0x0e,0x0e,0xff,
    0x0e,0x0e,0x0e,0xff,0x0e,0x0e,0x0e,0xff,0x0e,0x0e,0x0e,0xff,0x0e,0x0e,0x0e,0xff,
    0x0e,0x0e,0x0e,0xff,0x0e,0x0e,0x0e,0xff,0x0e,0x0e,0x0e,0xff,0x0e,0x0e,0x0e,0xff,
    0x0e,0x0e,0x0e,0xff,0x0e,0x0e,0x0e,0xff,0x0e,0x0e,0x0e,0xff,0x0e,0x0e,0x0e,0xff,
    0x0e,0x0e,0x0e,0xff,0x0e,0x0e,0x0e,0xff,0x0e,0x0e,0x0e,0xff,0x0e,0x0e,0x0e,0xff,
    0x0e,0x0e,0x0e,0xff,0x0e,0x0e,0x0e,0xff,0x0e,0x0e,0x0e,0xff,0x0e,0x0e,0x0e,0xff,
    0x0e,0x0e,0x0e,0xff,0x0e,0x0e,0x0e,0xff,0x0e,0x0e,0x0e,0xff,0x0e,0x0e,0x0e,0xff,
    0x0e,0x0e,0x0e,0xff,0x0e,0x0e,0x0e,0xff,0x0e,0x0e,0x0e,0xff,0x0e,0x0e,0x0e,0xff,
    0x0e,0x0e,0x0e,0xff,0x0e,0x0e,0x0e,0xff,0x0e,0x0e,0x0e,0xff,0x0e,0x0e,0x0e,0xff,
    0x0e,0x0e,0x0e,0xff,0x0e,0x0e,0x0e,0xff,0x0e,0x0e,0x0e,0xff,0x0e,0x0e,0x0e,0xff,
    0x0e,0x0e,0x0e,0xff,0x0e,0x0e,0x0e,0xff,0x0e,0x0e,0x0e,0xff,0x0e,0x0e,0x0e,0xff,
    0x0e,0x0e,0x0e,0xff,0x0e,0x0e,0x0e,0xff,0x0e,0x0e,0x0e,0xff,0x0e,0x0e,0x0e,0xff,
    0x0e,0x0e,0x0e,0xff,0x0e,0x0e,0x0e,0xff,0x0e,0x0e,0x0e,0xff,0x0e,0x0e,0x0e,0xff,
    0x0e,0x0e,0x0e,0xff,0x0e,0x0e,0x0e,0xff,0x0e,0x0e,0x0e,0xff,0x0e,0x0e,0x0e,0xff,
    0x0e,0x0e,0x0e,0xff,0x0e,0x0e,0x0e,0xff,0x0e,0x0e,0x0e,0xff,0x0e,0x0e,0x0e,0xff,
    0x0e,0x0e,0x0e,0xff,0x0e,0x0e,0x0e,0xff,0x0e,0x0e,0x0e,0xff,0x0e,0x0e,0x0e,0xff,
    0x0e,0x0e,0x0e,0xff,0x0e,0x0e,0x0e,0xff,0x0e,0x0e,0x0e,0xff,0x0e,0x0e,0x0e,0xff,
    0x0e,0x0e,0x0e,0xff,0x0e,0x0e,0x0e,0xff,0x0e,0x0e,0x0e,0xff,0x0e,0x0e,0x0e,0xff,
    0x0e,0x0e,0x0e,0xff,0x0e,0x0e,0x0e,0xff,0x0e,0x0e,0x0e,0xff,0x0e,0x0e,0x0e,0xff,
    0x0e,0x0e,0x0e,0xff,0x0e,0x0e,0x0e,0xff,0x0e,0x0e,0x0e,0xff,0x0e,0x0e,0x0e,0xff,
    0x0e,0x0e,0x0e,0xff,0x0e,0x0e,0x0e,0xff,0x0e,0x0e,0x0e,0xff,0x0e,0x0e,0x0e,0xff,
    0x0e,0x0e,0x0e,0xff,0x0e,0x0e,0x0e,0xff,0x0e,0x0e,0x0e,0xff,0x0e,0x0e,0x0e,0xff,
    0x0e,0x0e,0x0e,0xff,0x0e,0x0e,0x0e,0xff,0x0e,0x0e,0x0e,0xff,0x0e,0x0e,0x0e,0xff,
    0x0e,0x0e,0x0e,0xff,0x0e,0x0e,0x0e,0xff,0x0e,0x0e,0x0e,0xff,0x0e,0x0e,0x0e,0xff,
    0x0e,0x0e,0x0e,0xff,0x0e,0x0e,0x0e,0xff,0x0e,0x0e,0x0e,0xff,0x0e,0x0e,0x0e,0xff,
    0x0e,0x0e,0x0e,0xff,0x0e,0x0e,0x0e,0xff,0x0e,0x0e,0x0e,0xff,0x0e,0x0e,0x0e,0xff,
    0x0e,0x0e,0x0e,0xff,0x0e,0x0e,0x0e,0xff,0x0e,0x0e,0x0e,0xff,0x0e,0x0e,0x0e,0xff,
    0x0e,0x0e,0x0e,0xff,0x0e,0x0e,0x0e,0xff,0x0e,0x0e,0x0e,0xff,0x0e,0x0e,0x0e,0xff,
    0x0e,0x0e,0x0e,0xff,0x0e,0x0e,0x0e,0xff,0x0e,0x0e,0x0e,0xff,0x0e,0x0e,0x0e,0xff,
    0x0e,0x0e,0x0e,0xff,0x0e,0x0e,0x0e,0xff,0x0e,0x0e,0x0e,0xff,0x0e,0x0e,0x0e,0xff,
    0x0e,0x0e,0x0e,0xff,0x0e,0x0e,0x0e,0xff,0x0e,0x0e,0x0e,0xff,0x0e,0x0e,0x0e,0xff,
    0x0e,0x0e,0x0e,0xff,0x0e,0x0e,0x0e,0xff,0x0e,0x0e,0x0e,0xff,0x0e,0x0e,0x0e,0xff,
    0x0e,0x0e,0x0e,0xff,0x0e,0x0e,0x0e,0xff,0x0e,0x0e,0x0e,0xff,0x0e,0x0e,0x0e,0xff,
    0x0e,0x0e,0x0e,0xff,0x0e,0x0e,0x0e,0xff,0x0e,0x0e,0x0e,0xff,0x0e,0x0e,0x0e,0xff,
    0x0e,0x0e,0x0e,0xff,0x0e,0x0e,0x0e,0xff,0x0e,0x0e,0x0e,0xff,0x0e,0x0e,0x0e,0xff,
    0x0e,0x0e,0x0e,0xff,0x0e,0x0e,0x0e,0xff,0x0e,0x0e,0x0e,0xff,0x0e,0x0e,0x0e,0xff,
    0x0e,0x0e,0x0e,0xff,0x0e,0x0e,0x0e,0xff,0x0e,0x0e,0x0e,0xff,0x0e,0x0e,0x0e,0xff,
    0x0e,0x0e,0x0e,0xff,0x0e,0x0e,0x0e,0xff,0x0e,0x0e,0x0e,0xff,0x0e,0x0e,0x0e,0xff,
    0x0e,0x0e,0x0e,0xff,0x0e,0x0e,0x0e,0xff,0x0e,0x0e,0x0e,0xff,0x0e,0x0e,0x0e,0xff,
    0x0e,0x0e,0x0e,0xff,0x0e,0x0e,0x0e,0xff,0x0e,0x0e,0x0e,0xff,0x0e,0x0e,0x0e,0xff,
    0x0e,0x0e,0x0e,0xff,0x0e,0x0e,0x0e,0xff,0x0e,0x0e,0x0e,0xff,0x0e,0x0e,0x0e,0xff,
    0x0e,0x0e,0x0e,0xff,0x0e,0x0e,0x0e,0xff,0x0e,0x0e,0x0e,0xff,0x0e,0x0e,0x0e,0xff,
    0x0e,0x0e,0x0e,0xff,0x0e,0x0e,0x0e,0xff,0x0e,0x0e,0x0e,0xff,0x0e,0x0e,0x0e,0xff,
    0x0e,0x0e,0x0e,0xff,0x0e,0x0e,0x0e,0xff,0x0e,0x0e,0x0e,0xff,0x0e,0x0e,0x0e,0xff,
    0x0e,0x0e,0x0e,0xff,0x0e,0x0e,0x0e,0xff,0x0e,0x0e,0x0e,0xff,0x0e,0x0e,0x0e,0xff,
    0x0e,0x0e,0x0e,0xff,0x0e,0x0e,0x0e,0xff,0x0e,0x0e,0x0e,0xff,0x0e,0x0e,0x0e,0xff,
    0x0e,0x0e,0x0e,0xff,0x0e,0x0e,0x0e,0xff,0x0e,0x0e,0x0e,0xff,0x0e,0x0e,0x0e,0xff,
    0x0e,0x0e,0x0e,0xff,0x0e,0x0e,0x0e,0xff,0x0e,0x0e,0x0e,0xff,0x0e,0x0e,0x0e,0xff,
    0x0e,0x0e,0x0e,0xff,0x0e,0x0e,0x0e,0xff,0x0e,0x0e,0x0e,0xff,0x0e,0x0e,0x0e,0xff,
    0x0e,0x0e,0x0e,0xff,0x0e,0x0e,0x0e,0xff,0x0e,0x0e,0x0e,0xff,0x0e,0x0e,0x0e,0xff,
    0x0e,0x0e,0x0e,0xff,0x0e,0x0e,0x0e,0xff,0x0e,0x0e,0x0e,0xff,0x0e,0x0e,0x0e,0xff,
    0x0e,0x0e,0x0e,0xff,0x0e,0x0e,0x0e,0xff,0x0e,0x0e,0x0e,0xff,0x0e,0x0e,0x0e,0xff,
    0x0e,0x0e,0x0e,0xff,0x0e,0x0e,0x0e,0xff,0x0e,0x0e,0x0e,0xff,0x0e,0x0e,0x0e,0xff,
    0x0e,0x0e,0x0e,0xff,0x0e,0x0e,0x0e,0xff,0x0e,0x0e,0x0e,0xff,0x0e,0x0e,0x0e,0xff,
    0x0e,0x0e,0x0e,0xff,0x0e,0x0e,0x0e,0xff,0x0e,0x0e,0x0e,0xff,0x0e,0x0e,0x0e,0xff,
    0x0e,0x0e,0x0e,0xff,0x0e,0x0e,0x0e,0xff,0x0e,0x0e,0x0e,0xff,0x0e,0x0e,0x0e,0xff,
    0x0e,0x0e,0x0e,0xff,0x0e,0x0e,0x0e,0xff,0x0e,0x0e,0x0e,0xff,0x0e,0x0e,0x0e,0xff,
    0x0e,0x0e,0x0e,0xff,0x0e,0x0e,0x0e,0xff,0x0e,0x0e,0x0e,0xff,0x0e,0x0e,0x0e,0xff,
    0x0e,0x0e,0x0e,0xff,0x0e,0x0e,0x0e,0xff,0x0e,0x0e,0x0e,0xff,0x0e,0x0e,0x0e,0xff,
    0x0e,0x0e,0x0e,0xff,0x0e,0x0e,0x0e,0xff,0x0e,0x0e,0x0e,0xff,0x0e,0x0e,0x0e,0xff,
    0x0e,0x0e,0x0e,0xff,0x0e,0x0e,0x0e,0xff,0x0e,0x0e,0x0e,0xff,0x0e,0x0e,0x0e,0xff,
    0x0e,0x0e,0x0e,0xff,0x0e,0x0e,0x0e,0xff,0x0e,0x0e,0x0e,0xff,0x0e,0x0e,0x0e,0xff,
    0x0e,0x0e,0x0e,0xff,0x0e,0x0e,0x0e,0xff,0x0e,0x0e,0x0e,0xff,0x0e,0x0e,0x0e,0xff,
    0x0e,0x0e,0x0e,0xff,0x0e,0x0e,0x0e,0xff,0x0e,0x0e,0x0e,0xff,0x0e,0x0e,0x0e,0xff,
    0x0e,0x0e,0x0e,0xff,0x0e,0x0e,0x0e,0xff,0x0e,0x0e,0x0e,0xff,0x0e,0x0e,0x0e,0xff,
    0x0e,0x0e,0x0e,0xff,0x0e,0x0e,0x0e,0xff,0x0e,0x0e,0x0e,0xff,0x0e,0x0e,0x0e,0xff,
    0x0e,0x0e,0x0e,0xff,0x0e,0x0e,0x0e,0xff,0x0e,0x0e,0x0e,0xff,0x0e,0x0e,0x0e,0xff,
    0x0e,0x0e,0x0e,0xff,0x0e,0x0e,0x0e,0xff,0x0e,0x0e,0x0e,0xff,0x0e,0x0e,0x0e,0xff,
    0x0e,0x0e,0x0e,0xff,0x0e,0x0e,0x0e,0xff,0x0e,0x0e,0x0e,0xff,0x0e,0x0e,0x0e,0xff,
    0x0e,0x0e,0x0e,0xff,0x0e,0x0e,0x0e,0xff,0x0e,0x0e,0x0e,0xff,0x0e,0x0e,0x0e,0xff,
    0x0e,0x0e,0x0e,0xff,0x0e,0x0e,0x0e,0xff,0x0e,0x0e,0x0e,0xff,0x0e,0x0e,0x0e,0xff,
    0x0e,0x0e,0x0e,0xff,0x0e,0x0e,0x0e,0xff,0x0e,0x0e,0x0e,0xff,0x0e,0x0e,0x0e,0xff,
    0x0e,0x0e,0x0e,0xff,0x0e,0x0e,0x0e,0xff,0x0e,0x0e,0x0e,0xff,0x0e,0x0e,0x0e,0xff,
    0x0e,0x0e,0x0e,0xff,0x0e,0x0e,0x0e,0xff,0x0e,0x0e,0x0e,0xff,0x0e,0x0e,0x0e,0xff,
    0x0e,0x0e,0x0e,0xff,0x0e,0x0e,0x0e,0xff,0x0e,0x0e,0x0e,0xff,0x0e,0x0e,0x0e,0xff,
    0x0e,0x0e,0x0e,0xff,0x0e,0x0e,0x0e,0xff,0x0e,0x0e,0x0e,0xff,0x0e,0x0e,0x0e,0xff,
    0x0e,0x0e,0x0e,0xff,0x0e,0x0e,0x0e,0xff,0x0e,0x0e,0x0e,0xff,0x0e,0x0e,0x0e,0xff,
    0x0e,0x0e,0x0e,0xff,0x0e,0x0e,0x0e,0xff,0x0e,0x0e,0x0e,0xff,0x0e,0x0e,0x0e,0xff,
    0x0e,0x0e,0x0e,0xff,0x0e,0x0e,0x0e,0xff,0x0e,0x0e,0x0e,0xff,0x0e,0x0e,0x0e,0xff,
    0x0e,0x0e,0x0e,0xff,0x0e,0x0e,0x0e,0xff,0x0e,0x0e,0x0e,0xff,0x0e,0x0e,0x0e,0xff,
    0x0e,0x0e,0x0e,0xff,0x0e,0x0e,0x0e,0xff,0x0e,0x0e,0x0e,0xff,0x0e,0x0e,0x0e,0xff,
    0x0e,0x0e,0x0e,0xff,0x0e,0x0e,0x0e,0xff,0x0e,0x0e,0x0e,0xff,0x0e,0x0e,0x0e,0xff,
    0x0e,0x0e,0x0e,0xff,0x0e,0x0e,0x0e,0xff,0x0e,0x0e,0x0e,0xff,0x0e,0x0e,0x0e,0xff,
    0x0e,0x0e,0x0e,0xff,0x0e,0x0e,0x0e,0xff,0x0e,0x0e,0x0e,0xff,0x0e,0x0e,0x0e,0xff,
    0x0e,0x0e,0x0e,0xff,0x0e,0x0e,0x0e,0xff,0x0e,0x0e,0x0e,0xff,0x0e,0x0e,0x0e,0xff,
    0x0e,0x0e,0x0e,0xff,0x0e,0x0e,0x0e,0xff,0x0e,0x0e,0x0e,0xff,0x0e,0x0e,0x0e,0xff,
    0x0e,0x0e,0x0e,0xff,0x0e,0x0e,0x0e,0xff,0x0e,0x0e,0x0e,0xff,0x0e,0x0e,0x0e,0xff,
    0x0e,0x0e,0x0e,0xff,0x0e,0x0e,0x0e,0xff,0x0e,0x0e,0x0e,0xff,0x0e,0x0e,0x0e,0xff,
    0x0e,0x0e,0x0e,0xff,0x0e,0x0e,0x0e,0xff,0x0e,0x0e,0x0e,0xff,0x0e,0x0e,0x0e,0xff,
    0x0e,0x0e,0x0e,0xff,0x0e,0x0e,0x0e,0xff,0x0e,0x0e,0x0e,0xff,0x0e,0x0e,0x0e,0xff,
    0x0e,0x0e,0x0e,0xff,0x0e,0x0e,0x0e,0xff,0x0e,0x0e,0x0e,0xff,0x0e,0x0e,0x0e,0xff,
    0x0e,0x0e,0x0e,0xff,0x0e,0x0e,0x0e,0xff,0x0e,0x0e,0x0e,0xff,0x0e,0x0e,0x0e,0xff,
    0x0e,0x0e,0x0e,0xff,0x0e,0x0e,0x0e,0xff,0x0e,0x0e,0x0e,0xff,0x0e,0x0e,0x0e,0xff,
    0x0e,0x0e,0x0e,0xff,0x0e,0x0e,0x0e,0xff,0x0e,0x0e,0x0e,0xff,0x0e,0x0e,0x0e,0xff,
    0x0e,0x0e,0x0e,0xff,0x0e,0x0e,0x0e,0xff,0x0e,0x0e,0x0e,0xff,0x0e,0x0e,0x0e,0xff,
    0x0e,0x0e,0x0e,0xff,0x0e,0x0e,0x0e,0xff,0x0e,0x0e,0x0e,0xff,0x0e,0x0e,0x0e,0xff,
    0x0e,0x0e,0x0e,0xff,0x0e,0x0e,0x0e,0xff,0x0e,0x0e,0x0e,0xff,0x0e,0x0e,0x0e,0xff,
    0x0e,0x0e,0x0e,0xff,0x0e,0x0e,0x0e,0xff,0x0e,0x0e,0x0e,0xff,0x0e,0x0e,0x0e,0xff,
    0x0e,0x0e,0x0e,0xff,0x0e,0x0e,0x0e,0xff,0x0e,0x0e,0x0e,0xff,0x0e,0x0e,0x0e,0xff,
    0x0e,0x0e,0x0e,0xff,0x0e,0x0e,0x0e,0xff,0x0e,0x0e,0x0e,0xff,0x0e,0x0e,0x0e,0xff,
    0x0e,0x0e,0x0e,0xff,0x0e,0x0e,0x0e,0xff,0x0e,0x0e,0x0e,0xff,0x0e,0x0e,0x0e,0xff,
    0x0e,0x0e,0x0e,0xff,0x0e,0x0e,0x0e,0xff,0x0e,0x0e,0x0e,0xff,0x0e,0x0e,0x0e,0xff,
    0x0e,0x0e,0x0e,0xff,0x0e,0x0e,0x0e,0xff,0x0e,0x0e,0x0e,0xff,0x0e,0x0e,0x0e,0xff,
    0x0e,0x0e,0x0e,0xff,0x0e,0x0e,0x0e,0xff,0x0e,0x0e,0x0e,0xff,0x0e,0x0e,0x0e,0xff,
    0x0e,0x0e,0x0e,0xff,0x0e,0x0e,0x0e,0xff,0x0e,0x0e,0x0e,0xff,0x0e,0x0e,0x0e,0xff,
    0x0e,0x0e,0x0e,0xff,0x0e,0x0e,0x0e,0xff,0x0e,0x0e,0x0e,0xff,0x0e,0x0e,0x0e,0xff,
    0x0e,0x0e,0x0e,0xff,0x0e,0x0e,0x0e,0xff,0x0e,0x0e,0x0e,0xff,0x0e,0x0e,0x0e,0xff,
    0x0e,0x0e,0x0e,0xff,0x0e,0x0e,0x0e,0xff,0x0e,0x0e,0x0e,0xff,0x0e,0x0e,0x0e,0xff,
    0x0e,0x0e,0x0e,0xff,0x0e,0x0e,0x0e,0xff,0x0e,0x0e,0x0e,0xff,0x0e,0x0e,0x0e,0xff,
    0x0e,0x0e,0x0e,0xff,0x0e,0x0e,0x0e,0xff,0x0e,0x0e,0x0e,0xff,0x0e,0x0e,0x0e,0xff,
    0x0e,0x0e,0x0e,0xff,0x0e,0x0e,0x0e,0xff,0x0e,0x0e,0x0e,0xff,0x0e,0x0e,0x0e,0xff,
    0x0e,0x0e,0x0e,0xff,0x0e,0x0e,0x0e,0xff,0x0e,0x0e,0x0e,0xff,0x0e,0x0e,0x0e,0xff,
    0x0e,0x0e,0x0e,0xff,0x0e,0x0e,0x0e,0xff,0x0e,0x0e,0x0e,0xff,0x0e,0x0e,0x0e,0xff,
    0x0e,0x0e,0x0e,0xff,0x0e,0x0e,0x0e,0xff,0x0e,0x0e,0x0e,0xff,0x0e,0x0e,0x0e,0xff,
    0x0e,0x0e,0x0e,0xff,0x0e,0x0e,0x0e,0xff,0x0e,0x0e,0x0e,0xff,0x0e,0x0e,0x0e,0xff,
    0x0e,0x0e,0x0e,0xff,0x0e,0x0e,0x0e,0xff,0x0e,0x0e,0x0e,0xff,0x0e,0x0e,0x0e,0xff,
    0x0e,0x0e,0x0e,0xff,0x0e,0x0e,0x0e,0xff,0x0e,0x0e,0x0e,0xff,0x0e,0x0e,0x0e,0xff,
    0x0e,0x0e,0x0e,0xff,0x0e,0x0e,0x0e,0xff,0x0e,0x0e,0x0e,0xff,0x0e,0x0e,0x0e,0xff,
    0x0e,0x0e,0x0e,0xff,0x0e,0x0e,0x0e,0xff,0x0e,0x0e,0x0e,0xff,0x0e,0x0e,0x0e,0xff,
    0x0e,0x0e,0x0e,0xff,0x0e,0x0e,0x0e,0xff,0x0e,0x0e,0x0e,0xff,0x0e,0x0e,0x0e,0xff,
    0x0e,0x0e,0x0e,0xff,0x0e,0x0e,0x0e,0xff,0x0e,0x0e,0x0e,0xff,0x0e,0x0e,0x0e,0xff,
    0x0e,0x0e,0x0e,0xff,0x0e,0x0e,0x0e,0xff,0x0e,0x0e,0x0e,0xff,0x0e,0x0e,0x0e,0xff,
    0x0e,0x0e,0x0e,0xff,0x0e,0x0e,0x0e,0xff,0x0e,0x0e,0x0e,0xff,0x0e,0x0e,0x0e,0xff,
    0x0e,0x0e,0x0e,0xff,0x0e,0x0e,0x0e,0xff,0x0e,0x0e,0x0e,0xff,0x0e,0x0e,0x0e,0xff,
    0x0e,0x0e,0x0e,0xff,0x0e,0x0e,0x0e,0xff,0x0e,0x0e,0x0e,0xff,0x0e,0x0e,0x0e,0xff,
    0x0e,0x0e,0x0e,0xff,0x0e,0x0e,0x0e,0xff,0x0e,0x0e,0x0e,0xff,0x0e,0x0e,0x0e,0xff,
    0x0e,0x0e,0x0e,0xff,0x0e,0x0e,0x0e,0xff,0x0e,0x0e,0x0e,0xff,0x0e,0x0e,0x0e,0xff,
    0x0e,0x0e,0x0e,0xff,0x0e,0x0e,0x0e,0xff,0x0e,0x0e,0x0e,0xff,0x0e,0x0e,0x0e,0xff,
    0x0e,0x0e,0x0e,0xff,0x0e,0x0e,0x0e,0xff,0x0e,0x0e,0x0e,0xff,0x0e,0x0e,0x0e,0xff,
    0x0e,0x0e,0x0e,0xff,0x0e,0x0e,0x0e,0xff,0x0e,0x0e,0x0e,0xff,0x0e,0x0e,0x0e,0xff,
    0x0e,0x0e,0x0e,0xff,0x0e,0x0e,0x0e,0xff,0x0e,0x0e,0x0e,0xff,0x0e,0x0e,0x0e,0xff,
    0x0e,0x0e,0x0e,0xff,0x0e,0x0e,0x0e,0xff,0x0e,0x0e,0x0e,0xff,0x0e,0x0e,0x0e,0xff,
    0x0e,0x0e,0x0e,0xff,0x0e,0x0e,0x0e,0xff,0x0e,0x0e,0x0e,0xff,0x0e,0x0e,0x0e,0xff,
    0x0e,0x0e,0x0e,0xff,0x0e,0x0e,0x0e,0xff,0x0e,0x0e,0x0e,0xff,0x0e,0x0e,0x0e,0xff,
    0x0e,0x0e,0x0e,0xff,0x0e,0x0e,0x0e,0xff,0x0e,0x0e,0x0e,0xff,0x0e,0x0e,0x0e,0xff,
    0x0e,0x0e,0x0e,0xff,0x0e,0x0e,0x0e,0xff,0x0e,0x0e,0x0e,0xff,0x0e,0x0e,0x0e,0xff,
    0x0e,0x0e,0x0e,0xff,0x0e,0x0e,0x0e,0xff,0x0e,0x0e,0x0e,0xff,0x0e,0x0e,0x0e,0xff,
    0x0e,0x0e,0x0e,0xff,0x0e,0x0e,0x0e,0xff,0x0e,0x0e,0x0e,0xff,0x0e,0x0e,0x0e,0xff,
    0x0e,0x0e,0x0e,0xff,0x0e,0x0e,0x0e,0xff,0x0e,0x0e,0x0e,0xff,0x0e,0x0e,0x0e,0xff,
    0x0e,0x0e,0x0e,0xff,0x0e,0x0e,0x0e,0xff,0x0e,0x0e,0x0e,0xff,0x0e,0x0e,0x0e,0xff,
    0x0e,0x0e,0x0e,0xff,0x0e,0x0e,0x0e,0xff,0x0e,0x0e,0x0e,0xff,0x0e,0x0e,0x0e,0xff,
    0x0e,0x0e,0x0e,0xff,0x0e,0x0e,0x0e,0xff,0x0e,0x0e,0x0e,0xff,0x0e,0x0e,0x0e,0xff,
    0x0e,0x0e,0x0e,0xff,0x0e,0x0e,0x0e,0xff,0x0e,0x0e,0x0e,0xff,0x0e,0x0e,0x0e,0xff,
    0x0e,0x0e,0x0e,0xff,0x0e,0x0e,0x0e,0xff,0x0e,0x0e,0x0e,0xff,0x0e,0x0e,0x0e,0xff,
    0x0e,0x0e,0x0e,0xff,0x0e,0x0e,0x0e,0xff,0x0e,0x0e,0x0e,0xff,0x0e,0x0e,0x0e,0xff,
    0x0e,0x0e,0x0e,0xff,0x0e,0x0e,0x0e,0xff,0x0e,0x0e,0x0e,0xff,0x0e,0x0e,0x0e,0xff,
    0x0e,0x0e,0x0e,0xff,0x0e,0x0e,0x0e,0xff,0x0e,0x0e,0x0e,0xff,0x0e,0x0e,0x0e,0xff,
    0x0e,0x0e,0x0e,0xff,0x0e,0x0e,0x0e,0xff,0x0e,0x0e,0x0e,0xff,0x0e,0x0e,0x0e,0xff,
    0x0e,0x0e,0x0e,0xff,0x0e,0x0e,0x0e,0xff,0x0e,0x0e,0x0e,0xff,0x0e,0x0e,0x0e,0xff,
    0x0e,0x0e,0x0e,0xff,0x0e,0x0e,0x0e,0xff,0x0e,0x0e,0x0e,0xff,0x0e,0x0e,0x0e,0xff,
    0x0e,0x0e,0x0e,0xff,0x0e,0x0e,0x0e,0xff,0x0e,0x0e,0x0e,0xff,0x0e,0x0e,0x0e,0xff,
    0x0e,0x0e,0x0e,0xff,0x0e,0x0e,0x0e,0xff,0x0e,0x0e,0x0e,0xff,0x0e,0x0e,0x0e,0xff,
    0x0e,0x0e,0x0e,0xff,0x0e,0x0e,0x0e,0xff,0x0e,0x0e,0x0e,0xff,0x0e,0x0e,0x0e,0xff,
    0x0e,0x0e,0x0e,0xff,0x0e,0x0e,0x0e,0xff,0x0e,0x0e,0x0e,0xff,0x0e,0x0e,0x0e,0xff,
    0x0e,0x0e,0x0e,0xff,0x0e,0x0e,0x0e,0xff,0x0e,0x0e,0x0e,0xff,0x0e,0x0e,0x0e,0xff,
    0x0e,0x0e,0x0e,0xff,0x0e,0x0e,0x0e,0xff,0x0e,0x0e,0x0e,0xff,0x0e,0x0e,0x0e,0xff,
    0x0e,0x0e,0x0e,0xff,0x0e,0x0e,0x0e,0xff,0x0e,0x0e,0x0e,0xff,0x0e,0x0e,0x0e,0xff,
    0x0e,0x0e,0x0e,0xff,0x0e,0x0e,0x0e,0xff,0x0e,0x0e,0x0e,0xff,0x0e,0x0e,0x0e,0xff,
    0x0e,0x0e,0x0e,0xff,0x0e,0x0e,0x0e,0xff,0x0e,0x0e,0x0e,0xff,0x0e,0x0e,0x0e,0xff,
    0x0e,0x0e,0x0e,0xff,0x0e,0x0e,0x0e,0xff,0x0e,0x0e,0x0e,0xff,0x0e,0x0e,0x0e,0xff,
    0x0e,0x0e,0x0e,0xff,0x0e,0x0e,0x0e,0xff,0x0e,0x0e,0x0e,0xff,0x0e,0x0e,0x0e,0xff,
    0x0e,0x0e,0x0e,0xff,0x0e,0x0e,0x0e,0xff,0x0e,0x0e,0x0e,0xff,0x0e,0x0e,0x0e,0xff,
    0x0e,0x0e,0x0e,0xff,0x0e,0x0e,0x0e,0xff,0x0e,0x0e,0x0e,0xff,0x0e,0x0e,0x0e,0xff,
    0x0e,0x0e,0x0e,0xff,0x0e,0x0e,0x0e,0xff,0x0e,0x0e,0x0e,0xff,0x0e,0x0e,0x0e,0xff,
    0x0e,0x0e,0x0e,0xff,0x0e,0x0e,0x0e,0xff,0x0e,0x0e,0x0e,0xff,0x0e,0x0e,0x0e,0xff,
    0x0e,0x0e,0x0e,0xff,0x0e,0x0e,0x0e,0xff,0x0e,0x0e,0x0e,0xff,0x0e,0x0e,0x0e,0xff,
    0x0e,0x0e,0x0e,0xff,0x0e,0x0e,0x0e,0xff,0x0e,0x0e,0x0e,0xff,0x0e,0x0e,0x0e,0xff,
    0x0e,0x0e,0x0e,0xff,0x0e,0x0e,0x0e,0xff,0x0e,0x0e,0x0e,0xff,0x0e,0x0e,0x0e,0xff,
    0x0e,0x0e,0x0e,0xff,0x0e,0x0e,0x0e,0xff,0x0e,0x0e,0x0e,0xff,0x0e,0x0e,0x0e,0xff,
    0x0e,0x0e,0x0e,0xff,0x0e,0x0e,0x0e,0xff,0x0e,0x0e,0x0e,0xff,0x0e,0x0e,0x0e,0xff,
    0x0e,0x0e,0x0e,0xff,0x0e,0x0e,0x0e,0xff,0x0e,0x0e,0x0e,0xff,0x0e,0x0e,0x0e,0xff,
    0x0e,0x0e,0x0e,0xff,0x0e,0x0e,0x0e,0xff,0x0e,0x0e,0x0e,0xff,0x0e,0x0e,0x0e,0xff,
    0x0e,0x0e,0x0e,0xff,0x0e,0x0e,0x0e,0xff,0x0e,0x0e,0x0e,0xff,0x0e,0x0e,0x0e,0xff,
    0x0e,0x0e,0x0e,0xff,0x0e,0x0e,0x0e,0xff,0x0e,0x0e,0x0e,0xff,0x0e,0x0e,0x0e,0xff,
    0x0e,0x0e,0x0e,0xff,0x0e,0x0e,0x0e,0xff,0x0e,0x0e,0x0e,0xff,0x0e,0x0e,0x0e,0xff,
    0x0e,0x0e,0x0e,0xff,0x0e,0x0e,0x0e,0xff,0x0e,0x0e,0x0e,0xff,0x0e,0x0e,0x0e,0xff,
    0x0e,0x0e,0x0e,0xff,0x0e,0x0e,0x0e,0xff,0x0e,0x0e,0x0e,0xff,0x0e,0x0e,0x0e,0xff,
    0x0e,0x0e,0x0e,0xff,0x0e,0x0e,0x0e,0xff,0x0e,0x0e,0x0e,0xff,0x0e,0x0e,0x0e,0xff,
    0x0e,0x0e,0x0e,0xff,0x0e,0x0e,0x0e,0xff,0x0e,0x0e,0x0e,0xff,0x0e,0x0e,0x0e,0xff,
    0x0e,0x0e,0x0e,0xff,0x0e,0x0e,0x0e,0xff,0x0e,0x0e,0x0e,0xff,0x0e,0x0e,0x0e,0xff,
    0x0e,0x0e,0x0e,0xff,0x0e,0x0e,0x0e,0xff,0x0e,0x0e,0x0e,0xff,0x0e,0x0e,0x0e,0xff,
    0x0e,0x0e,0x0e,0xff,0x0e,0x0e,0x0e,0xff,0x0e,0x0e,0x0e,0xff,0x0e,0x0e,0x0e,0xff,
    0x0e,0x0e,0x0e,0xff,0x0e,0x0e,0x0e,0xff,0x0e,0x0e,0x0e,0xff,0x0e,0x0e,0x0e,0xff,
    0x0e,0x0e,0x0e,0xff,0x0e,0x0e,0x0e,0xff,0x0e,0x0e,0x0e,0xff,0x0e,0x0e,0x0e,0xff,
};

const lv_image_dsc_t esp_brookesia_app_icon_launcher_voice_assistant_112_112 = {
  .header.cf = LV_COLOR_FORMAT_ARGB8888,
  .header.magic = LV_IMAGE_HEADER_MAGIC,
  .header.w = 112,
  .header.h = 112,
  .data_size = 50176,
  .data = esp_brookesia_app_icon_launcher_voice_assistant_112_112_map,
};
